-- MySQL dump 10.13  Distrib 8.0.41, for Win64 (x86_64)
--
-- Host: srv1126.hstgr.io    Database: u976065191_erp_backend
-- ------------------------------------------------------
-- Server version	11.8.8-MariaDB-log

/*!40101 SET @OLD_CHARACTER_SET_CLIENT=@@CHARACTER_SET_CLIENT */;
/*!40101 SET @OLD_CHARACTER_SET_RESULTS=@@CHARACTER_SET_RESULTS */;
/*!40101 SET @OLD_COLLATION_CONNECTION=@@COLLATION_CONNECTION */;
/*!50503 SET NAMES utf8mb4 */;
/*!40103 SET @OLD_TIME_ZONE=@@TIME_ZONE */;
/*!40103 SET TIME_ZONE='+00:00' */;
/*!40014 SET @OLD_UNIQUE_CHECKS=@@UNIQUE_CHECKS, UNIQUE_CHECKS=0 */;
/*!40014 SET @OLD_FOREIGN_KEY_CHECKS=@@FOREIGN_KEY_CHECKS, FOREIGN_KEY_CHECKS=0 */;
/*!40101 SET @OLD_SQL_MODE=@@SQL_MODE, SQL_MODE='NO_AUTO_VALUE_ON_ZERO' */;
/*!40111 SET @OLD_SQL_NOTES=@@SQL_NOTES, SQL_NOTES=0 */;

--
-- Table structure for table `OfficeLocation`
--

DROP TABLE IF EXISTS `OfficeLocation`;
/*!40101 SET @saved_cs_client     = @@character_set_client */;
/*!50503 SET character_set_client = utf8mb4 */;
CREATE TABLE `OfficeLocation` (
  `id` char(36) CHARACTER SET utf8mb4 COLLATE utf8mb4_bin NOT NULL,
  `locationName` varchar(255) NOT NULL,
  `latitude` decimal(10,8) NOT NULL,
  `longitude` decimal(11,8) NOT NULL,
  `radiusInMeters` int(11) DEFAULT 100,
  `createdAt` datetime NOT NULL,
  `updatedAt` datetime NOT NULL,
  PRIMARY KEY (`id`)
) ENGINE=InnoDB DEFAULT CHARSET=utf8mb4 COLLATE=utf8mb4_unicode_ci;
/*!40101 SET character_set_client = @saved_cs_client */;

--
-- Dumping data for table `OfficeLocation`
--

LOCK TABLES `OfficeLocation` WRITE;
/*!40000 ALTER TABLE `OfficeLocation` DISABLE KEYS */;
INSERT INTO `OfficeLocation` VALUES ('2b3d9252-aae0-4a17-bf64-039235782e7f','Tandula Dam Balod Site',20.70770010,81.19393090,100,'2026-02-18 13:14:31','2026-02-26 12:13:00'),('320aad5d-0505-43cb-bd61-87b876a01c53','Buka Dam Site',22.71742490,82.56194780,100,'2026-02-18 12:55:45','2026-02-18 12:55:45'),('34110fe6-a9a3-4c7b-a0f7-bd25df7f6c48','Kodar Dam Mahasamund Site',21.19647900,82.18242850,100,'2026-02-18 13:19:05','2026-02-18 13:19:05'),('45fd95bf-e6a0-41e3-9668-8d88ee6b8cfd','Kutaghat Dam Site',22.28926670,82.22134830,100,'2026-02-18 13:16:07','2026-02-18 13:16:07'),('b2fefec1-0a01-4689-aacf-0e235df2a0b6','Satrenga Dam Site',22.60829480,82.67432950,100,'2026-02-18 13:17:27','2026-02-18 13:17:27'),('d78e4d29-b7d4-42f6-94e3-2e9e385d016a','Main Headquarters',22.07162990,82.14978650,10,'2026-02-11 12:55:24','2026-02-11 12:55:24'),('fcfb55e2-74ef-402c-8a9f-25e35456c16b','Ambachauki Site',20.75581330,80.66671550,100,'2026-02-19 11:10:42','2026-02-19 11:10:42');
/*!40000 ALTER TABLE `OfficeLocation` ENABLE KEYS */;
UNLOCK TABLES;

--
-- Table structure for table `Users`
--

DROP TABLE IF EXISTS `Users`;
/*!40101 SET @saved_cs_client     = @@character_set_client */;
/*!50503 SET character_set_client = utf8mb4 */;
CREATE TABLE `Users` (
  `id` char(36) CHARACTER SET utf8mb4 COLLATE utf8mb4_bin NOT NULL,
  `name` varchar(255) NOT NULL,
  `email` varchar(255) NOT NULL,
  `username` varchar(255) NOT NULL,
  `password` varchar(255) NOT NULL,
  `role` enum('ADMIN','ACCOUNTS','HR','FACTORY_MANAGER','INVENTORY_MANAGER','SALES','EMPLOYEE','Technical-Supervisor','Technical-Team') NOT NULL,
  `createdAt` datetime NOT NULL,
  `updatedAt` datetime NOT NULL,
  PRIMARY KEY (`id`),
  UNIQUE KEY `email` (`email`),
  UNIQUE KEY `username` (`username`)
) ENGINE=InnoDB DEFAULT CHARSET=utf8mb4 COLLATE=utf8mb4_unicode_ci;
/*!40101 SET character_set_client = @saved_cs_client */;

--
-- Dumping data for table `Users`
--

LOCK TABLES `Users` WRITE;
/*!40000 ALTER TABLE `Users` DISABLE KEYS */;
INSERT INTO `Users` VALUES ('00bef023-8251-4bbe-9f53-025a96df4a6a','AFTAB MIRZA','aftabmirza7879@gmail.com','aftab012','$2b$10$NeGsFpB848x4oi1fpPQft.eHpgRPUdqKYgObSU3pZXcAhETOBTnA.','EMPLOYEE','2026-02-16 17:32:05','2026-02-16 17:32:05'),('0238d18f-7c49-4e2d-bfca-7599d04ebab1','SOHEL MIRZA','sohelmirza7@gmail.com','sohel003','$2b$10$.zSrCFvFQeguIU1Mox7UHOSohitOQR2oU3Mj5wi.nVesM0./oVux.','INVENTORY_MANAGER','2026-02-16 17:25:29','2026-02-16 17:25:29'),('07edfff6-9845-4e08-add3-f127b9fcff6f','ANISH SINGH CHAUHAN','anish.cha78@gmail.com','anish005','$2b$10$91/.0ysyrO73bnrSShcquunUSG0K6xExM/Xc9e5qQswrplY2zDrSG','EMPLOYEE','2026-02-16 17:27:05','2026-02-16 17:27:05'),('0d5da765-0c20-44f5-849e-ea82243e0256','MOHAMMAD WASEEM','khanv1275@gmail.com','waseem013','$2b$10$EmT1QCCGiEQfCGxrhDUTYOUeK63iWXRfHffK.CYIpOlhZCrFa9Aim','EMPLOYEE','2026-02-16 17:32:29','2026-02-16 17:32:29'),('10adec70-3ce4-47ae-836b-7463246f2dcc','SALAHUDDIN SONU','chandusmaniguddi@gmail.com','salahuddin018','$2b$10$CFSsfC534fwqKx6OSM5D5u8aE6vjbv.Dg84tYeenJNvN5xBv4BOq2','EMPLOYEE','2026-02-16 17:36:11','2026-02-16 17:36:11'),('139de4ba-6f1b-4fca-9ed2-b230cdbd9700','ISHAN KHAN','ishan.khan1203@gmail.com','ishan004','$2b$10$lxG6pVwl9hWykw/RieTvO.sReFrkspz0lcVYl.I/cPbjGrXgrFjQm','ACCOUNTS','2026-02-16 17:26:03','2026-02-16 17:26:03'),('15463483-64af-4186-852b-46c1b485da12','FARID MIRZA','fm00609601@gmail.com','farid-0007','$2b$10$P.7TU2GWqOEz28allVOFF.WS8FLJuVHpmgGkqwCS5oh9kuZbKj7Jq','EMPLOYEE','2026-07-06 12:45:26','2026-07-06 12:45:26'),('19f0e3f7-64b8-49e6-9aeb-73c6f66dc4d7','Ramesh','ramehs10@gmail.com','ramesh_057','$2b$10$gVYEkSIBWbw9tL1X.0Erd.hxpZ5fpnzTTgIyN.AjQOSJr4oOlzOfW','Technical-Team','2026-05-09 12:10:15','2026-05-09 12:10:15'),('1f2c334b-53c5-4c71-9dff-c5be2dc5d266','SHREERAM','shreeramminj2@gmail.com','shree_3256','$2b$10$ts2gpFo8lPooR02.GtqK..noKy3../hsM80.14Nuz8dROnjNIagAG','Technical-Team','2026-05-12 12:41:45','2026-05-12 12:41:45'),('22eed841-263f-4886-8409-369b62617795','MOHAMMAD ASHIQ','mohammadashik143@gmail.com','ashiq010','$2b$10$H33wXYZ8XvmeytdTY4a84.BE.m1zSm.JJEyjnJyFCccJWLTYA2B1G','ADMIN','2026-02-16 17:29:46','2026-02-16 17:29:46'),('2aec857c-7d92-4fa9-bb8f-e1c95845b5c3','Nurain Hussain','nurain291122@gmail.com','naurin_h','$2b$10$fwA4XY7xzCdHU8hUSYAz/O2MSzMS7ddZNAm1aJxerW6wsCtpGgq4m','EMPLOYEE','2026-06-09 13:53:22','2026-06-09 13:53:22'),('2deedc46-1586-410f-934a-d1d12d5f852b','VIJAY YADAV','vijayyadav03042001@gmail.com','vijay006','$2b$10$IS2xMGgWRZ8PTC4qoSiIDOAGUiwNdgTM3cWET8ynfJ9M62ihh/Uz.','INVENTORY_MANAGER','2026-02-16 17:27:56','2026-02-16 17:27:56'),('3224a84d-ad81-4f45-b19e-dd4e1f6f3a41','Mohammad Jahid','mdjahid@gmail.com','majid_3256','$2b$10$DL.sosbcMwMoEH8VHsbcyOPOcjIDkzTqGFw5BzuGRQ33J8tjxUYEy','Technical-Team','2026-05-12 12:41:45','2026-05-12 12:41:45'),('4ea719a0-ae94-44a0-a840-6509ecbfb6d0','Sultanuddin','sayyedsultanuddin@gmail.com','Sultanuddin_202','$2b$10$ovq4Q2DhR2Gyznr.ou7GUO32Y.iU.5u0NeuLowLceXCu9R4BuMSFW','EMPLOYEE','2026-05-29 18:23:19','2026-05-29 18:23:19'),('6a1a3023-226f-4341-a4da-8fd1b1e5f7f2','KOMAL YADAV (BANTY)','yadavkomal4088@gmail.com','komalyadav055','$2b$10$Z4GER1xVM0VXgxKCh61NmurYMadcvLkCUDDDKlQwExAmKJnIpqW1C','EMPLOYEE','2026-02-26 12:25:51','2026-02-26 12:25:51'),('6f2a07ef-3956-4876-8bf3-feea10064cba','ASHISH BINJAWAR','ashishbinjawar2@gmail.com','ashish_3256','$2b$10$uZfsIKo6AWFhbDkEe6U/vu1VTh4NhC9IlvVUrgRpSvavZri2IAfQK','Technical-Team','2026-05-12 12:41:45','2026-05-12 12:41:45'),('72c3d6b5-107c-4ad5-a6df-de099614ed08','Yash Patil','yashpatilman@gmail.com','yesh_5210','$2b$10$yiGVN4DQPcObj20MuSPMlegaH6KJZCGGtRQYw2wDlaZE6eSbYSus6','SALES','2026-05-16 16:12:40','2026-05-16 16:12:40'),('73d76e78-6112-4b88-afd9-ce04d734a7bf','demo','demo@gmail.com','semo123`','$2b$10$SdCK3Z5Pow/NCTQd9U/sauc/ePU.o2luAq0VbAHcMhp24V4jgReR2','EMPLOYEE','2026-03-02 11:20:36','2026-03-02 11:20:36'),('7790c0dc-d0eb-4337-9ece-27d43b734c5e','MOHAMMAD ASHIQ','mdashik9343539577@gmail.com','mdashik_01','$2b$10$YlXptcB.vApb/r.Y5QE/IOEaYXSUhaKBjS8q7QC/jOvO7nvRXwa6u','Technical-Team','2026-05-09 12:10:15','2026-05-09 12:10:15'),('880dc2e2-9876-4c5e-9257-8f3e960df14c','MOHAMMAD AJID','aajidnd91@gmail.com','aajid_026','$2b$10$Ebl4F1AbAWccvDvJhOFmP.VQ3FqJcA5UoOqsMO.BJecUvM7FWfQ7y','Technical-Team','2026-05-09 12:10:15','2026-05-09 12:10:15'),('99808c47-2c4d-420b-b953-03fca7b7f4bc','SHEIKH AKRAM','akram36g@gmail.com','akram007','$2b$10$snpknxniDB0Y8arb38RKJ.MbkQ9XsTb/dMGXHRHb1rYplWoDl09jW','SALES','2026-02-16 17:28:19','2026-02-16 17:28:19'),('9fc90140-7a0c-4517-ab84-144283b39319','MOHAMMAD MAJID','majid8319@example.com','majid_027','$2b$10$38ptq0qjG9ro9HdafVYr.eya1CyLIyHun5h.XU3DdtqLnGhiBTWzC','Technical-Team','2026-05-09 12:10:15','2026-05-09 12:10:15'),('a87b4ed8-9bbb-4614-bef3-8c2f5a544da2','MOHAMMAD JAVED','jk4052349@gmail.com','javed_5620','$2b$10$PMcZBjiiZChbSZvfSUdaOuvaPLZmrWHz8wUcOvnNptxO2Q7p/7dtO','EMPLOYEE','2026-06-01 11:36:30','2026-06-01 11:36:30'),('a9aa49d2-df79-400a-8c9e-6139d94bb33e','Sonu Khan','sonukhan101990@gmail.com','sonu_7400','$2b$10$0CsFpvtb9gpEMYkxov3ycOcUwCWUNB8WwsMY6PZk3txd92EiDY3RO','INVENTORY_MANAGER','2026-05-16 13:19:33','2026-05-16 13:19:33'),('ad3aa6bc-b7e1-496e-bbde-c453cb302a9e','Abbas','abbas9204@gmail.com','abbas_058','$2b$10$KPk0brc4CXmJKkM46FBNS./Kmt.43FaNhKgqg2ovy3jP9gXzAfMBu','Technical-Team','2026-05-09 12:10:15','2026-05-09 12:10:15'),('b1d477d3-a435-4080-b555-abd6dfb4abfb','IMTIYAZ KHAN (INTU)','intukhan878@gmail.com','imtiyaz017','$2b$10$14B6vXK8nJNFBfMWprKyIOSS2rEr1sItX.Wb8c/3sPjUb.Y0ozKse','EMPLOYEE','2026-02-16 17:35:22','2026-02-16 17:35:22'),('c19f6007-ee10-43cf-9b8b-c0e33fe7991e','ABDULLAH SHAHID SIDDIQUI','siddiqui31391@gmail3.com','abdullah056','$2b$10$CkU43ICavEtLNiLXazTE2uXcRp8FptGh16.AsXdMLMjuSS/Sv16/i','EMPLOYEE','2026-02-16 17:38:28','2026-02-16 17:38:28'),('ccd81fae-5e39-405b-a362-cee439975cd1','JUNAID MIRZA','mirza.junaid2k@gmail.com','junaid002','$2b$10$FQNUL0sPoBBY7Hig3f7yt..p9PdxMAm55n0oWFeTrOS0Udc0U33/G','EMPLOYEE','2026-02-16 17:23:39','2026-02-16 17:23:39'),('cd4709af-8967-4449-b361-680904d8e74b','Mohammad Junaid Siddiqui','junaidsiddiqui231989@gmail.com','junaid_3256','$2b$10$xgj6n3czMNT2XF312qOi4.8uI3ScKuwHZF9PFpSiFzxaBPg7ONq8q','Technical-Team','2026-05-12 14:42:06','2026-05-12 14:42:06'),('d2a1df44-607c-4eeb-8b06-20108f88035a','JAFER ALI SHAHRUKH','zafarkhan09a@gmail.com','jafer015','$2b$10$rToVhJTd.QjIPfDr6J1Ta.WeHygSfgeuZJAUrBchSOWk0.XAdb4IG','EMPLOYEE','2026-02-16 17:33:51','2026-02-16 17:33:51'),('d6b5522d-db68-49cf-8f3d-c29b9f9ca417','MOHAMMAD NAJID','najid8103@example.com','najid_022','$2b$10$7EzlLynlk0kxySPSLu256Otb0fzUqpkq04N7rW3kPFdRTHnwpGdea','Technical-Team','2026-05-09 12:10:15','2026-05-09 12:10:15'),('e1d72f9e-88f8-498e-aae2-cf5e6ddf918f','Shivnath','shivnath2@gmail.com','Shivnath_3256','$2b$10$jv.GDe7oUxtLOr1Q2y2p1eQFSE/Ia0fXoBSuoma6Yy9JBom4vTw86','Technical-Team','2026-05-12 12:41:45','2026-05-12 12:41:45'),('e6f1f2cd-fc97-412a-a595-da43f850cc39','DHIRAJ PAWAS(NANU)','pawasdheeraj@gmail.com','dheeraj_7400','$2b$10$/HJwX4Ex4.Z.vrfn3gcoduJ0aseY2OLBw9UOplF5637i3sdouPPGe','EMPLOYEE','2026-05-16 13:14:40','2026-05-16 13:14:40'),('edb4bba7-687c-4a4b-98cb-b9c0d3763031','FAREED MIRZA','fm0060961@gmail.com','fareed011','$2b$10$cZVrTpKeOjE.1fcmQm4PuuR5XdfjkUExMWUYV1iOO4zCzxLR44s76','EMPLOYEE','2026-02-16 17:31:35','2026-02-16 17:31:35'),('f0717eb3-82e8-4c3f-aea0-c9a211aedd24','Ram Ratan','ramratan02@gmail.com','ramratan_060','$2b$10$3.j8XbBzK7y525./gknV6Ouv8d36npryvkFc5njoQ/G47CBjefdqG','Technical-Team','2026-05-09 12:10:15','2026-05-09 12:10:15'),('f21a900a-b0af-499c-8c5b-23e9f769271c','SUNIL KUMAR KATMOHLI','sunilkumarkatmohli@gmail.com','sunilk_3256','$2b$10$qc7lkiOG.331pLC1lSKbeOCCUOMFyyS4qAjHR60iGYe6ZLMuf8DH2','Technical-Team','2026-05-12 12:41:45','2026-05-12 12:41:45'),('f9ac8b43-a99a-4832-8801-748eb177c9ca','SHEIKH FARNAZ','farnazsheikh1999@gmail.com','farnaz009','$2b$10$AaCFzdbaA.0BKATZvy/oXe6FKmTxAYn21bBHw7SalpRxejskkCsqa','EMPLOYEE','2026-02-16 17:29:25','2026-02-16 17:29:25');
/*!40000 ALTER TABLE `Users` ENABLE KEYS */;
UNLOCK TABLES;

--
-- Table structure for table `hrm_checkins`
--

DROP TABLE IF EXISTS `hrm_checkins`;
/*!40101 SET @saved_cs_client     = @@character_set_client */;
/*!50503 SET character_set_client = utf8mb4 */;
CREATE TABLE `hrm_checkins` (
  `id` char(36) CHARACTER SET utf8mb4 COLLATE utf8mb4_bin NOT NULL,
  `employee_master_id` char(36) CHARACTER SET utf8mb4 COLLATE utf8mb4_bin DEFAULT NULL,
  `checkInTime` datetime NOT NULL,
  `latitude` decimal(10,8) NOT NULL,
  `longitude` decimal(11,8) NOT NULL,
  `address` varchar(255) DEFAULT NULL,
  `marked_by` char(36) CHARACTER SET utf8mb4 COLLATE utf8mb4_bin DEFAULT NULL,
  `createdAt` datetime NOT NULL,
  `updatedAt` datetime NOT NULL,
  PRIMARY KEY (`id`),
  KEY `employee_master_id` (`employee_master_id`),
  CONSTRAINT `hrm_checkins_ibfk_1` FOREIGN KEY (`employee_master_id`) REFERENCES `hrm_employee_master` (`employee_master_id`) ON DELETE SET NULL ON UPDATE CASCADE
) ENGINE=InnoDB DEFAULT CHARSET=utf8mb4 COLLATE=utf8mb4_unicode_ci;
/*!40101 SET character_set_client = @saved_cs_client */;

--
-- Dumping data for table `hrm_checkins`
--

LOCK TABLES `hrm_checkins` WRITE;
/*!40000 ALTER TABLE `hrm_checkins` DISABLE KEYS */;
INSERT INTO `hrm_checkins` VALUES ('00333f87-10fd-4426-bfb4-aa709335f219','f5ceb75a-ef68-40fc-8628-3b0ea6085e3c','2026-05-06 12:00:54',22.07168440,82.14961360,'Domino\'s, Shrikant Verma Marg, Bilaspur, Bilaspur Tahsil, Bilaspur, Chhattisgarh, 495004, India','f5ceb75a-ef68-40fc-8628-3b0ea6085e3c','2026-05-06 12:00:54','2026-05-06 12:00:54'),('006685f1-19f8-4ca2-b36f-d65001b11ae5','aaf288a3-fe5f-4844-a15f-6994d10517e1','2026-06-17 10:02:22',22.07168990,82.14962020,'Domino\'s, Shrikant Verma Marg, Bilaspur, Bilaspur Tahsil, Bilaspur, Chhattisgarh, 495004, India','aaf288a3-fe5f-4844-a15f-6994d10517e1','2026-06-17 10:02:22','2026-06-17 10:02:22'),('0142bbfe-8502-4269-99f2-fa6307b8457c','2abc2052-1982-4326-9faa-e39896c4777d','2026-05-18 10:04:19',22.07168120,82.14957230,'Domino\'s, Shrikant Verma Marg, Bilaspur, Bilaspur Tahsil, Bilaspur, Chhattisgarh, 495004, India','2abc2052-1982-4326-9faa-e39896c4777d','2026-05-18 10:04:19','2026-05-18 10:04:19'),('016062c5-792e-4d62-8f2b-e17adc63bd4d','c1916fe0-250b-4eb7-86f8-8ac5f330b190','2026-03-06 10:43:24',22.07209750,82.14945440,'PVR Cinemas, Shrikant Verma Marg, Bilaspur, Bilaspur Tahsil, Bilaspur, Chhattisgarh, 495004, India','c1916fe0-250b-4eb7-86f8-8ac5f330b190','2026-03-06 10:43:24','2026-03-06 10:43:24'),('0164afd2-9537-4d9d-a5ea-58a8c72af4eb','1a1e4364-04cd-423f-ba1e-811c59fc76aa','2026-06-05 09:52:45',22.07178220,82.14934060,'KFC, Shrikant Verma Marg, Bilaspur, Bilaspur Tahsil, Bilaspur, Chhattisgarh, 495004, India','1a1e4364-04cd-423f-ba1e-811c59fc76aa','2026-06-05 09:52:45','2026-06-05 09:52:45'),('01752b66-57b8-422a-88af-621678cb3733','a600d78f-37dd-4ad4-9897-7d5dfa5c33e7','2026-06-21 10:09:45',22.02144540,82.20346580,'Bilaspur, Bilaspur Tahsil, Bilaspur, Chhattisgarh, 495004, India','a600d78f-37dd-4ad4-9897-7d5dfa5c33e7','2026-06-21 10:09:45','2026-06-21 10:09:45'),('01bb5275-418e-418d-8e5a-5da2d9db564c','7f311153-8c6f-4805-b209-9373d13b7fbb','2026-05-30 11:00:28',22.07167250,82.14945310,'KFC, Shrikant Verma Marg, Bilaspur, Bilaspur Tahsil, Bilaspur, Chhattisgarh, 495004, India','7f311153-8c6f-4805-b209-9373d13b7fbb','2026-05-30 11:00:28','2026-05-30 11:00:28'),('024140f7-4f6a-4917-93f2-3c3a645ce658','ebd49fcc-cdb6-45c3-bd7b-27f7bcdefa18','2026-06-17 10:54:26',22.07177830,82.14958870,'Domino\'s, Shrikant Verma Marg, Bilaspur, Bilaspur Tahsil, Bilaspur, Chhattisgarh, 495004, India','ebd49fcc-cdb6-45c3-bd7b-27f7bcdefa18','2026-06-17 10:54:26','2026-06-17 10:54:26'),('028a1b3e-0cfe-4c32-947f-210ec670bbfe','2abc2052-1982-4326-9faa-e39896c4777d','2026-04-28 10:08:52',22.07166870,82.14957020,'Domino\'s, Shrikant Verma Marg, Bilaspur, Bilaspur Tahsil, Bilaspur, Chhattisgarh, 495004, India','2abc2052-1982-4326-9faa-e39896c4777d','2026-04-28 10:08:52','2026-04-28 10:08:52'),('02c15438-ff1e-4e8d-8143-a3a4b32adae0','0d059894-2564-4e0f-93ef-855953f06751','2026-03-14 10:13:40',22.07166210,82.14966870,'Domino\'s, Shrikant Verma Marg, Bilaspur, Bilaspur Tahsil, Bilaspur, Chhattisgarh, 495004, India','0d059894-2564-4e0f-93ef-855953f06751','2026-03-14 10:13:40','2026-03-14 10:13:40'),('036639d9-d568-43f9-8959-327b14968a5b','c1916fe0-250b-4eb7-86f8-8ac5f330b190','2026-06-23 10:49:01',22.07175090,82.14934340,'KFC, Shrikant Verma Marg, Bilaspur, Bilaspur Tahsil, Bilaspur, Chhattisgarh, 495004, India','c1916fe0-250b-4eb7-86f8-8ac5f330b190','2026-06-23 10:49:01','2026-06-23 10:49:01'),('03a57086-903c-42ad-8091-b4399d914841','0ed5bd53-4393-4020-be6a-48be5f84261e','2026-06-25 10:19:33',22.07182440,82.14980290,'McDonald\'s, Shrikant Verma Marg, Bilaspur, Bilaspur Tahsil, Bilaspur, Chhattisgarh, 495004, India','0ed5bd53-4393-4020-be6a-48be5f84261e','2026-06-25 10:19:33','2026-06-25 10:19:33'),('03ba62c2-ed1d-4cad-871d-5e89ff1aa7e5','f39e0437-03b6-485a-aafe-143e86d29935','2026-06-20 10:08:36',22.07167880,82.14964170,'Domino\'s, Shrikant Verma Marg, Bilaspur, Bilaspur Tahsil, Bilaspur, Chhattisgarh, 495004, India','f39e0437-03b6-485a-aafe-143e86d29935','2026-06-20 10:08:36','2026-06-20 10:08:36'),('04584359-60fe-47f5-9270-969c52e73e41','1a1e4364-04cd-423f-ba1e-811c59fc76aa','2026-06-10 11:45:48',22.07174120,82.14948140,'KFC, Shrikant Verma Marg, Bilaspur, Bilaspur Tahsil, Bilaspur, Chhattisgarh, 495004, India','1a1e4364-04cd-423f-ba1e-811c59fc76aa','2026-06-10 11:45:48','2026-06-10 11:45:48'),('04809073-b27b-41db-b5d6-4a6dceea63ab','2abc2052-1982-4326-9faa-e39896c4777d','2026-05-02 10:14:00',22.07166930,82.14996490,'McDonald\'s, Shrikant Verma Marg, Bilaspur, Bilaspur Tahsil, Bilaspur, Chhattisgarh, 495004, India','2abc2052-1982-4326-9faa-e39896c4777d','2026-05-02 10:14:00','2026-05-02 10:14:00'),('04adb596-6078-4841-843b-c050845f0e9a','2abc2052-1982-4326-9faa-e39896c4777d','2026-07-16 09:52:41',22.07178670,82.14933450,'KFC, Shrikant Verma Marg, Bilaspur, Bilaspur Tahsil, Bilaspur, Chhattisgarh, 495004, India','2abc2052-1982-4326-9faa-e39896c4777d','2026-07-16 09:52:41','2026-07-16 09:52:41'),('04b445d0-ed51-4d49-a560-7c72dedf5095','6c78afb3-e659-4650-8d6f-f99bd8678087','2026-02-26 10:20:48',22.07164580,82.14965350,'Domino\'s, Shrikant Verma Marg, Bilaspur, Bilaspur Tahsil, Bilaspur, Chhattisgarh, 495004, India','6c78afb3-e659-4650-8d6f-f99bd8678087','2026-02-26 10:20:48','2026-02-26 10:20:48'),('0539d8f7-cfd8-4ed6-9ad3-08c3ad17f723','f39e0437-03b6-485a-aafe-143e86d29935','2026-05-30 10:05:40',22.07169960,82.14957130,'Domino\'s, Shrikant Verma Marg, Bilaspur, Bilaspur Tahsil, Bilaspur, Chhattisgarh, 495004, India','f39e0437-03b6-485a-aafe-143e86d29935','2026-05-30 10:05:40','2026-05-30 10:05:40'),('053c84db-803f-406b-9be0-3ac7320a310f','1a1e4364-04cd-423f-ba1e-811c59fc76aa','2026-03-27 09:52:23',22.07166880,82.14964940,'Domino\'s, Shrikant Verma Marg, Bilaspur, Bilaspur Tahsil, Bilaspur, Chhattisgarh, 495004, India','1a1e4364-04cd-423f-ba1e-811c59fc76aa','2026-03-27 09:52:23','2026-03-27 09:52:23'),('0593a459-0c66-4322-abe9-8c7a0d997a86','2abc2052-1982-4326-9faa-e39896c4777d','2026-04-02 10:11:24',22.07158520,82.14959140,'Domino\'s, Shrikant Verma Marg, Bilaspur, Bilaspur Tahsil, Bilaspur, Chhattisgarh, 495004, India','2abc2052-1982-4326-9faa-e39896c4777d','2026-04-02 10:11:24','2026-04-02 10:11:24'),('05b7ab29-a639-4470-9474-66b75343d608','0cf6bcb5-6f17-4eb4-8357-17e5cc99a9f1','2026-02-17 11:01:46',22.07167420,82.14964900,'Domino\'s, Shrikant Verma Marg, Bilaspur, Bilaspur Tahsil, Bilaspur, Chhattisgarh, 495004, India','0cf6bcb5-6f17-4eb4-8357-17e5cc99a9f1','2026-02-17 11:01:46','2026-02-17 11:01:46'),('0657359d-6f11-4257-ae73-e451ff362f7f','0d059894-2564-4e0f-93ef-855953f06751','2026-03-16 10:15:07',22.07163310,82.14946380,'KFC, Shrikant Verma Marg, Bilaspur, Bilaspur Tahsil, Bilaspur, Chhattisgarh, 495004, India','0d059894-2564-4e0f-93ef-855953f06751','2026-03-16 10:15:07','2026-03-16 10:15:07'),('06d4ba32-d3e4-4c62-99a6-336d178d1832','aaf288a3-fe5f-4844-a15f-6994d10517e1','2026-05-30 09:43:40',22.07169480,82.14947550,'KFC, Shrikant Verma Marg, Bilaspur, Bilaspur Tahsil, Bilaspur, Chhattisgarh, 495004, India','aaf288a3-fe5f-4844-a15f-6994d10517e1','2026-05-30 09:43:40','2026-05-30 09:43:40'),('06fa8217-30dc-4647-a4da-5a74b730a087','ebd49fcc-cdb6-45c3-bd7b-27f7bcdefa18','2026-06-15 10:52:07',22.07176680,82.14937820,'KFC, Shrikant Verma Marg, Bilaspur, Bilaspur Tahsil, Bilaspur, Chhattisgarh, 495004, India','ebd49fcc-cdb6-45c3-bd7b-27f7bcdefa18','2026-06-15 10:52:07','2026-06-15 10:52:07'),('071bfa16-45af-49e4-9117-a5f91a8938a7','79d154db-7197-410b-815a-25321488575f','2026-05-15 10:44:48',22.07176430,82.14959220,'Domino\'s, Shrikant Verma Marg, Bilaspur, Bilaspur Tahsil, Bilaspur, Chhattisgarh, 495004, India','79d154db-7197-410b-815a-25321488575f','2026-05-15 10:44:48','2026-05-15 10:44:48'),('07d205b4-16e4-481d-8f48-c6afa83045a0','aaf288a3-fe5f-4844-a15f-6994d10517e1','2026-06-27 09:55:38',22.07165690,82.14941800,'KFC, Shrikant Verma Marg, Bilaspur, Bilaspur Tahsil, Bilaspur, Chhattisgarh, 495004, India','aaf288a3-fe5f-4844-a15f-6994d10517e1','2026-06-27 09:55:38','2026-06-27 09:55:38'),('083c6e54-fa2b-4ab9-829c-6cf72d3ea507','a600d78f-37dd-4ad4-9897-7d5dfa5c33e7','2026-06-10 18:39:06',22.02280940,82.20313870,'Bilaspur, Bilaspur Tahsil, Bilaspur, Chhattisgarh, 495004, India','a600d78f-37dd-4ad4-9897-7d5dfa5c33e7','2026-06-10 18:39:06','2026-06-10 18:39:06'),('088c2035-3291-47c7-be4a-b979a04a31c4','f5ceb75a-ef68-40fc-8628-3b0ea6085e3c','2026-02-23 10:44:42',22.07164000,82.14965950,'Domino\'s, Shrikant Verma Marg, Bilaspur, Bilaspur Tahsil, Bilaspur, Chhattisgarh, 495004, India','f5ceb75a-ef68-40fc-8628-3b0ea6085e3c','2026-02-23 10:44:42','2026-02-23 10:44:42'),('0979b94b-735e-437d-98a3-af8a87731cfc','ebd49fcc-cdb6-45c3-bd7b-27f7bcdefa18','2026-05-02 10:56:30',22.07181320,82.14962920,'Domino\'s, Shrikant Verma Marg, Bilaspur, Bilaspur Tahsil, Bilaspur, Chhattisgarh, 495004, India','ebd49fcc-cdb6-45c3-bd7b-27f7bcdefa18','2026-05-02 10:56:30','2026-05-02 10:56:30'),('09aa37b9-738e-45eb-929e-08b74f02d9a2','6c78afb3-e659-4650-8d6f-f99bd8678087','2026-07-16 18:12:22',22.07168210,82.14955760,'Domino\'s, Shrikant Verma Marg, Bilaspur, Bilaspur Tahsil, Bilaspur, Chhattisgarh, 495004, India','6c78afb3-e659-4650-8d6f-f99bd8678087','2026-07-16 18:12:22','2026-07-16 18:12:22'),('0a3687a6-546f-4959-8dc5-95fcec34d603','6c78afb3-e659-4650-8d6f-f99bd8678087','2026-07-01 17:44:29',22.07166370,82.14959010,'Domino\'s, Shrikant Verma Marg, Bilaspur, Bilaspur Tahsil, Bilaspur, Chhattisgarh, 495004, India','6c78afb3-e659-4650-8d6f-f99bd8678087','2026-07-01 17:44:29','2026-07-01 17:44:29'),('0a3d2091-1025-4cea-9528-1c72cb35b8fa','0ed5bd53-4393-4020-be6a-48be5f84261e','2026-07-03 10:25:11',22.07171040,82.14977010,'McDonald\'s, Shrikant Verma Marg, Bilaspur, Bilaspur Tahsil, Bilaspur, Chhattisgarh, 495004, India','0ed5bd53-4393-4020-be6a-48be5f84261e','2026-07-03 10:25:11','2026-07-03 10:25:11'),('0a4dda62-3c28-43a1-a30a-c57177274b5c','79d154db-7197-410b-815a-25321488575f','2026-02-23 11:10:21',22.07171180,82.14953450,'Domino\'s, Shrikant Verma Marg, Bilaspur, Bilaspur Tahsil, Bilaspur, Chhattisgarh, 495004, India','79d154db-7197-410b-815a-25321488575f','2026-02-23 11:10:21','2026-02-23 11:10:21'),('0af31ea1-65eb-4879-87d8-32478157aba7','1a1e4364-04cd-423f-ba1e-811c59fc76aa','2026-04-10 09:24:10',22.07166730,82.14967280,'Domino\'s, Shrikant Verma Marg, Bilaspur, Bilaspur Tahsil, Bilaspur, Chhattisgarh, 495004, India','1a1e4364-04cd-423f-ba1e-811c59fc76aa','2026-04-10 09:24:10','2026-04-10 09:24:10'),('0bb6e3a7-3a79-44bd-b1b7-d91bc949048c','e4104e9d-ef01-4a6d-886f-6cb2766e7b1d','2026-03-12 15:21:15',22.07165680,82.14960760,'Domino\'s, Shrikant Verma Marg, Bilaspur, Bilaspur Tahsil, Bilaspur, Chhattisgarh, 495004, India','e4104e9d-ef01-4a6d-886f-6cb2766e7b1d','2026-03-12 15:21:15','2026-03-12 15:21:15'),('0c1dfc3e-bc49-43ae-81e4-420eaf40a313','2abc2052-1982-4326-9faa-e39896c4777d','2026-04-20 10:02:19',22.07168080,82.14958190,'Domino\'s, Shrikant Verma Marg, Bilaspur, Bilaspur Tahsil, Bilaspur, Chhattisgarh, 495004, India','2abc2052-1982-4326-9faa-e39896c4777d','2026-04-20 10:02:19','2026-04-20 10:02:19'),('0c3e70f2-9cf5-4bf0-b799-29f52c635c7c','1a1e4364-04cd-423f-ba1e-811c59fc76aa','2026-07-09 10:17:42',22.07168210,82.14962600,'Domino\'s, Shrikant Verma Marg, Bilaspur, Bilaspur Tahsil, Bilaspur, Chhattisgarh, 495004, India','1a1e4364-04cd-423f-ba1e-811c59fc76aa','2026-07-09 10:17:42','2026-07-09 10:17:42'),('0c57e044-0269-4b31-9218-91468064c3ba','aaf288a3-fe5f-4844-a15f-6994d10517e1','2026-06-10 10:11:12',22.07175580,82.14929410,'KFC, Shrikant Verma Marg, Bilaspur, Bilaspur Tahsil, Bilaspur, Chhattisgarh, 495004, India','aaf288a3-fe5f-4844-a15f-6994d10517e1','2026-06-10 10:11:12','2026-06-10 10:11:12'),('0c80fff3-5a10-45cc-a8f0-d61014106cf9','7f311153-8c6f-4805-b209-9373d13b7fbb','2026-06-29 11:26:46',22.07169620,82.14963920,'Domino\'s, Shrikant Verma Marg, Bilaspur, Bilaspur Tahsil, Bilaspur, Chhattisgarh, 495004, India','7f311153-8c6f-4805-b209-9373d13b7fbb','2026-06-29 11:26:46','2026-06-29 11:26:46'),('0cd7ea04-f01e-450a-b8c3-f576f45f6e2e','2abc2052-1982-4326-9faa-e39896c4777d','2026-05-29 10:56:25',22.07166490,82.14942600,'KFC, Shrikant Verma Marg, Bilaspur, Bilaspur Tahsil, Bilaspur, Chhattisgarh, 495004, India','2abc2052-1982-4326-9faa-e39896c4777d','2026-05-29 10:56:25','2026-05-29 10:56:25'),('0cf21c82-5d0a-4941-90af-8f216ba6c8d0','2abc2052-1982-4326-9faa-e39896c4777d','2026-06-15 10:02:11',22.07178480,82.14932690,'KFC, Shrikant Verma Marg, Bilaspur, Bilaspur Tahsil, Bilaspur, Chhattisgarh, 495004, India','2abc2052-1982-4326-9faa-e39896c4777d','2026-06-15 10:02:11','2026-06-15 10:02:11'),('0d2dd5c5-c2fa-4bbf-b2c3-4d7a29e25404','2abc2052-1982-4326-9faa-e39896c4777d','2026-05-16 10:13:33',22.07169960,82.14938930,'KFC, Shrikant Verma Marg, Bilaspur, Bilaspur Tahsil, Bilaspur, Chhattisgarh, 495004, India','2abc2052-1982-4326-9faa-e39896c4777d','2026-05-16 10:13:33','2026-05-16 10:13:33'),('0d8ce872-b2be-480c-a420-3abb1ae447d8','2abc2052-1982-4326-9faa-e39896c4777d','2026-07-22 10:06:20',22.07200090,82.14999790,'Magneto Mall, Shrikant Verma Marg, Bilaspur, Bilaspur Tahsil, Bilaspur, Chhattisgarh, 495004, India','2abc2052-1982-4326-9faa-e39896c4777d','2026-07-22 10:06:20','2026-07-22 10:06:20'),('0da4ffb3-48ff-41fe-9cd6-a5a1a2d646dc','a600d78f-37dd-4ad4-9897-7d5dfa5c33e7','2026-06-09 10:00:54',22.02159720,82.20418190,'Bilaspur, Bilaspur Tahsil, Bilaspur, Chhattisgarh, 495004, India','a600d78f-37dd-4ad4-9897-7d5dfa5c33e7','2026-06-09 10:00:54','2026-06-09 10:00:54'),('0e99631c-8ec4-4703-a952-b430cabc9379','b44fbe57-0502-4444-ad26-4a86c8ede58d','2026-06-08 11:56:39',22.07166810,82.14955510,'Domino\'s, Shrikant Verma Marg, Bilaspur, Bilaspur Tahsil, Bilaspur, Chhattisgarh, 495004, India','b44fbe57-0502-4444-ad26-4a86c8ede58d','2026-06-08 11:56:39','2026-06-08 11:56:39'),('0eb14b6f-c236-468c-a08c-da325f09276e','1a1e4364-04cd-423f-ba1e-811c59fc76aa','2026-04-21 10:17:19',22.07163240,82.14940170,'KFC, Shrikant Verma Marg, Bilaspur, Bilaspur Tahsil, Bilaspur, Chhattisgarh, 495004, India','1a1e4364-04cd-423f-ba1e-811c59fc76aa','2026-04-21 10:17:19','2026-04-21 10:17:19'),('0ef22d00-014f-4793-a80a-6990824bfe1a','79d154db-7197-410b-815a-25321488575f','2026-06-03 11:31:55',22.07177210,82.14963520,'Domino\'s, Shrikant Verma Marg, Bilaspur, Bilaspur Tahsil, Bilaspur, Chhattisgarh, 495004, India','79d154db-7197-410b-815a-25321488575f','2026-06-03 11:31:55','2026-06-03 11:31:55'),('0f2fd32b-1069-460c-95ce-1fce039ef3c8','79d154db-7197-410b-815a-25321488575f','2026-06-30 11:17:31',22.07498280,82.14826280,'Bilaspur, Bilaspur Tahsil, Bilaspur, Chhattisgarh, 495004, India','79d154db-7197-410b-815a-25321488575f','2026-06-30 11:17:31','2026-06-30 11:17:31'),('103e07da-d62c-486b-833f-867d1a2fe754','a600d78f-37dd-4ad4-9897-7d5dfa5c33e7','2026-06-25 10:53:00',22.02144360,82.20346280,'Bilaspur, Bilaspur Tahsil, Bilaspur, Chhattisgarh, 495004, India','a600d78f-37dd-4ad4-9897-7d5dfa5c33e7','2026-06-25 10:53:00','2026-06-25 10:53:00'),('10752d6b-5e3a-4a62-8ab1-1276b37054ce','0ed5bd53-4393-4020-be6a-48be5f84261e','2026-07-07 10:23:24',22.07154770,82.14997310,'McDonald\'s, Shrikant Verma Marg, Bilaspur, Bilaspur Tahsil, Bilaspur, Chhattisgarh, 495004, India','0ed5bd53-4393-4020-be6a-48be5f84261e','2026-07-07 10:23:24','2026-07-07 10:23:24'),('10a9715a-e43d-4851-899a-e6a3f33bff9e','0d059894-2564-4e0f-93ef-855953f06751','2026-06-09 12:16:13',22.07165640,82.14958650,'Domino\'s, Shrikant Verma Marg, Bilaspur, Bilaspur Tahsil, Bilaspur, Chhattisgarh, 495004, India','0d059894-2564-4e0f-93ef-855953f06751','2026-06-09 12:16:13','2026-06-09 12:16:13'),('10d4c853-c612-447e-8176-77b23203fc49','1a1e4364-04cd-423f-ba1e-811c59fc76aa','2026-05-14 10:38:07',22.07163950,82.14962570,'Domino\'s, Shrikant Verma Marg, Bilaspur, Bilaspur Tahsil, Bilaspur, Chhattisgarh, 495004, India','1a1e4364-04cd-423f-ba1e-811c59fc76aa','2026-05-14 10:38:07','2026-05-14 10:38:07'),('118bd1ad-4ab6-4565-b690-e69c02ba5a05','69375e70-5657-4fad-9771-83824758ba99','2026-07-20 10:29:53',22.07186180,82.14901780,'KFC, Shrikant Verma Marg, Bilaspur, Bilaspur Tahsil, Bilaspur, Chhattisgarh, 495004, India','69375e70-5657-4fad-9771-83824758ba99','2026-07-20 10:29:53','2026-07-20 10:29:53'),('122ccdaf-9f8d-4669-87bc-7603c7d09b49','a600d78f-37dd-4ad4-9897-7d5dfa5c33e7','2026-06-23 10:17:05',22.02144410,82.20346400,'Bilaspur, Bilaspur Tahsil, Bilaspur, Chhattisgarh, 495004, India','a600d78f-37dd-4ad4-9897-7d5dfa5c33e7','2026-06-23 10:17:05','2026-06-23 10:17:05'),('123a43ac-852d-4192-9c53-29372edc5e19','79d154db-7197-410b-815a-25321488575f','2026-06-08 11:04:02',22.07174750,82.14958650,'Domino\'s, Shrikant Verma Marg, Bilaspur, Bilaspur Tahsil, Bilaspur, Chhattisgarh, 495004, India','79d154db-7197-410b-815a-25321488575f','2026-06-08 11:04:02','2026-06-08 11:04:02'),('12550a4f-ee74-4276-af23-85702a9edfce','2abc2052-1982-4326-9faa-e39896c4777d','2026-04-16 10:09:59',22.07166910,82.14959500,'Domino\'s, Shrikant Verma Marg, Bilaspur, Bilaspur Tahsil, Bilaspur, Chhattisgarh, 495004, India','2abc2052-1982-4326-9faa-e39896c4777d','2026-04-16 10:09:59','2026-04-16 10:09:59'),('12a89b69-b403-4bdb-b01b-ebae8ddd3ea7','0ed5bd53-4393-4020-be6a-48be5f84261e','2026-07-02 10:09:39',22.07171120,82.14992730,'McDonald\'s, Shrikant Verma Marg, Bilaspur, Bilaspur Tahsil, Bilaspur, Chhattisgarh, 495004, India','0ed5bd53-4393-4020-be6a-48be5f84261e','2026-07-02 10:09:39','2026-07-02 10:09:39'),('12dce76d-af38-4866-821d-43d0d526de37','7f311153-8c6f-4805-b209-9373d13b7fbb','2026-06-27 16:08:36',22.07163890,82.14969110,'Domino\'s, Shrikant Verma Marg, Bilaspur, Bilaspur Tahsil, Bilaspur, Chhattisgarh, 495004, India','7f311153-8c6f-4805-b209-9373d13b7fbb','2026-06-27 16:08:36','2026-06-27 16:08:36'),('131c4a4c-bb33-4b18-97e2-eb2fad241aaf','f39e0437-03b6-485a-aafe-143e86d29935','2026-06-10 13:21:01',22.07166650,82.14942830,'KFC, Shrikant Verma Marg, Bilaspur, Bilaspur Tahsil, Bilaspur, Chhattisgarh, 495004, India','f39e0437-03b6-485a-aafe-143e86d29935','2026-06-10 13:21:01','2026-06-10 13:21:01'),('13bc0402-d05a-49d3-9e7b-288bb0455a49','b44fbe57-0502-4444-ad26-4a86c8ede58d','2026-05-16 08:04:39',22.07176000,82.14959450,'Domino\'s, Shrikant Verma Marg, Bilaspur, Bilaspur Tahsil, Bilaspur, Chhattisgarh, 495004, India','b44fbe57-0502-4444-ad26-4a86c8ede58d','2026-05-16 08:04:39','2026-05-16 08:04:39'),('13d8317c-9860-4fc2-af59-830a7f55817a','ebd49fcc-cdb6-45c3-bd7b-27f7bcdefa18','2026-06-05 11:14:46',22.07176580,82.14960130,'Domino\'s, Shrikant Verma Marg, Bilaspur, Bilaspur Tahsil, Bilaspur, Chhattisgarh, 495004, India','ebd49fcc-cdb6-45c3-bd7b-27f7bcdefa18','2026-06-05 11:14:46','2026-06-05 11:14:46'),('144674db-0b52-4af6-b781-b63611c04c0c','79d154db-7197-410b-815a-25321488575f','2026-06-01 11:00:49',22.07175560,82.14957530,'Domino\'s, Shrikant Verma Marg, Bilaspur, Bilaspur Tahsil, Bilaspur, Chhattisgarh, 495004, India','79d154db-7197-410b-815a-25321488575f','2026-06-01 11:00:49','2026-06-01 11:00:49'),('14d49dab-7ae4-41a9-9e64-b24a67026fe8','0ed5bd53-4393-4020-be6a-48be5f84261e','2026-06-30 09:57:52',22.07163280,82.14929980,'KFC, Shrikant Verma Marg, Bilaspur, Bilaspur Tahsil, Bilaspur, Chhattisgarh, 495004, India','0ed5bd53-4393-4020-be6a-48be5f84261e','2026-06-30 09:57:52','2026-06-30 09:57:52'),('150bb08c-5484-44a3-8a4d-0f183a0ef14f','a600d78f-37dd-4ad4-9897-7d5dfa5c33e7','2026-06-11 12:34:05',22.02289020,82.20483760,'Bilaspur, Bilaspur Tahsil, Bilaspur, Chhattisgarh, 495004, India','a600d78f-37dd-4ad4-9897-7d5dfa5c33e7','2026-06-11 12:34:05','2026-06-11 12:34:05'),('152802bd-4663-4854-977e-36f4e858bcdf','b44fbe57-0502-4444-ad26-4a86c8ede58d','2026-02-26 10:27:27',22.07173780,82.14949230,'KFC, Shrikant Verma Marg, Bilaspur, Bilaspur Tahsil, Bilaspur, Chhattisgarh, 495004, India','b44fbe57-0502-4444-ad26-4a86c8ede58d','2026-02-26 10:27:27','2026-02-26 10:27:27'),('1538a895-8291-4f77-bde4-7e1f0f975e22','628c246c-3005-4619-b4db-facb426ee0cd','2026-07-22 10:30:36',22.07177520,82.14934760,'KFC, Shrikant Verma Marg, Bilaspur, Bilaspur Tahsil, Bilaspur, Chhattisgarh, 495004, India','628c246c-3005-4619-b4db-facb426ee0cd','2026-07-22 10:30:36','2026-07-22 10:30:36'),('15dba4f5-a725-4e6c-818f-50f7353c704c','a600d78f-37dd-4ad4-9897-7d5dfa5c33e7','2026-06-26 11:42:25',22.02145380,82.20343930,'Bilaspur, Bilaspur Tahsil, Bilaspur, Chhattisgarh, 495004, India','a600d78f-37dd-4ad4-9897-7d5dfa5c33e7','2026-06-26 11:42:25','2026-06-26 11:42:25'),('16a8e564-13ad-4ac3-859a-7fad38e352dd','1a1e4364-04cd-423f-ba1e-811c59fc76aa','2026-05-16 09:50:48',22.07164690,82.14959860,'Domino\'s, Shrikant Verma Marg, Bilaspur, Bilaspur Tahsil, Bilaspur, Chhattisgarh, 495004, India','1a1e4364-04cd-423f-ba1e-811c59fc76aa','2026-05-16 09:50:48','2026-05-16 09:50:48'),('16d0b951-d264-4040-b07d-ee597975059c','aaf288a3-fe5f-4844-a15f-6994d10517e1','2026-07-22 13:17:52',22.07164200,82.14957200,'Domino\'s, Shrikant Verma Marg, Bilaspur, Bilaspur Tahsil, Bilaspur, Chhattisgarh, 495004, India','aaf288a3-fe5f-4844-a15f-6994d10517e1','2026-07-22 13:17:52','2026-07-22 13:17:52'),('177b89aa-e9a3-43a9-8247-ea436e22c8e0','0d059894-2564-4e0f-93ef-855953f06751','2026-03-03 10:21:26',22.07164330,82.14966870,'Domino\'s, Shrikant Verma Marg, Bilaspur, Bilaspur Tahsil, Bilaspur, Chhattisgarh, 495004, India','0d059894-2564-4e0f-93ef-855953f06751','2026-03-03 10:21:26','2026-03-03 10:21:26'),('17c1c24f-3b57-4771-bb3f-5bd6186e1f8a','2abc2052-1982-4326-9faa-e39896c4777d','2026-07-21 10:05:16',22.07177320,82.14935030,'KFC, Shrikant Verma Marg, Bilaspur, Bilaspur Tahsil, Bilaspur, Chhattisgarh, 495004, India','2abc2052-1982-4326-9faa-e39896c4777d','2026-07-21 10:05:16','2026-07-21 10:05:16'),('182b23e0-b708-4614-99ce-a4f723c413f2','628c246c-3005-4619-b4db-facb426ee0cd','2026-07-02 10:39:37',22.07178980,82.14935290,'KFC, Shrikant Verma Marg, Bilaspur, Bilaspur Tahsil, Bilaspur, Chhattisgarh, 495004, India','628c246c-3005-4619-b4db-facb426ee0cd','2026-07-02 10:39:37','2026-07-02 10:39:37'),('184a859e-0c0f-4bb2-b39c-2684c0bbd8fd','1a1e4364-04cd-423f-ba1e-811c59fc76aa','2026-03-30 10:29:12',22.07164600,82.14958500,'Domino\'s, Shrikant Verma Marg, Bilaspur, Bilaspur Tahsil, Bilaspur, Chhattisgarh, 495004, India','1a1e4364-04cd-423f-ba1e-811c59fc76aa','2026-03-30 10:29:12','2026-03-30 10:29:12'),('1890fdde-9c31-4322-9892-6e9f1eb5a3b0','b44fbe57-0502-4444-ad26-4a86c8ede58d','2026-02-28 13:22:43',22.07170000,82.14977490,'McDonald\'s, Shrikant Verma Marg, Bilaspur, Bilaspur Tahsil, Bilaspur, Chhattisgarh, 495004, India','b44fbe57-0502-4444-ad26-4a86c8ede58d','2026-02-28 13:22:43','2026-02-28 13:22:43'),('18b58ea3-6dd7-4f99-b88b-24540d6baffa','6c78afb3-e659-4650-8d6f-f99bd8678087','2026-03-06 10:30:33',22.07165640,82.14966250,'Domino\'s, Shrikant Verma Marg, Bilaspur, Bilaspur Tahsil, Bilaspur, Chhattisgarh, 495004, India','6c78afb3-e659-4650-8d6f-f99bd8678087','2026-03-06 10:30:33','2026-03-06 10:30:33'),('18fcb792-324e-4099-a2a7-96bc2009b125','628c246c-3005-4619-b4db-facb426ee0cd','2026-05-08 10:45:40',22.07147690,82.14968250,'Domino\'s, Shrikant Verma Marg, Bilaspur, Bilaspur Tahsil, Bilaspur, Chhattisgarh, 495004, India','628c246c-3005-4619-b4db-facb426ee0cd','2026-05-08 10:45:40','2026-05-08 10:45:40'),('19773ec8-ec99-467e-bcf6-315d7dfb9be3','a600d78f-37dd-4ad4-9897-7d5dfa5c33e7','2026-06-12 10:07:47',22.07178220,82.14950410,'KFC, Shrikant Verma Marg, Bilaspur, Bilaspur Tahsil, Bilaspur, Chhattisgarh, 495004, India','a600d78f-37dd-4ad4-9897-7d5dfa5c33e7','2026-06-12 10:07:47','2026-06-12 10:07:47'),('19d9ec2a-5b3d-419b-826c-9504d4217276','2abc2052-1982-4326-9faa-e39896c4777d','2026-06-23 09:59:35',22.07151660,82.14974570,'Domino\'s, Shrikant Verma Marg, Bilaspur, Bilaspur Tahsil, Bilaspur, Chhattisgarh, 495004, India','2abc2052-1982-4326-9faa-e39896c4777d','2026-06-23 09:59:35','2026-06-23 09:59:35'),('1a0df4cb-eac0-4724-ad2d-c6767056ac2d','6c78afb3-e659-4650-8d6f-f99bd8678087','2026-06-09 11:16:03',22.07165430,82.14951130,'Domino\'s, Shrikant Verma Marg, Bilaspur, Bilaspur Tahsil, Bilaspur, Chhattisgarh, 495004, India','6c78afb3-e659-4650-8d6f-f99bd8678087','2026-06-09 11:16:03','2026-06-09 11:16:03'),('1a465704-e5f5-41f0-91f3-8d53092e5735','f39e0437-03b6-485a-aafe-143e86d29935','2026-06-10 13:21:01',22.07166650,82.14942830,'KFC, Shrikant Verma Marg, Bilaspur, Bilaspur Tahsil, Bilaspur, Chhattisgarh, 495004, India','f39e0437-03b6-485a-aafe-143e86d29935','2026-06-10 13:21:01','2026-06-10 13:21:01'),('1a7514f1-2280-4faa-aebb-85c1b80fc772','79d154db-7197-410b-815a-25321488575f','2026-05-11 10:40:00',22.07175080,82.14958060,'Domino\'s, Shrikant Verma Marg, Bilaspur, Bilaspur Tahsil, Bilaspur, Chhattisgarh, 495004, India','79d154db-7197-410b-815a-25321488575f','2026-05-11 10:40:00','2026-05-11 10:40:00'),('1b0bf9e0-9985-477d-a272-3d2fc375f2b8','628c246c-3005-4619-b4db-facb426ee0cd','2026-07-14 10:28:18',22.07186450,82.14901210,'KFC, Shrikant Verma Marg, Bilaspur, Bilaspur Tahsil, Bilaspur, Chhattisgarh, 495004, India','628c246c-3005-4619-b4db-facb426ee0cd','2026-07-14 10:28:18','2026-07-14 10:28:18'),('1b43c332-7ed3-4c3b-9669-5e861c72e09e','2abc2052-1982-4326-9faa-e39896c4777d','2026-06-17 10:00:28',22.07154470,82.14994680,'McDonald\'s, Shrikant Verma Marg, Bilaspur, Bilaspur Tahsil, Bilaspur, Chhattisgarh, 495004, India','2abc2052-1982-4326-9faa-e39896c4777d','2026-06-17 10:00:28','2026-06-17 10:00:28'),('1b605c7c-2d7e-453d-b94d-e5a154431bda','f39e0437-03b6-485a-aafe-143e86d29935','2026-07-20 10:06:55',22.07170320,82.14946080,'KFC, Shrikant Verma Marg, Bilaspur, Bilaspur Tahsil, Bilaspur, Chhattisgarh, 495004, India','f39e0437-03b6-485a-aafe-143e86d29935','2026-07-20 10:06:55','2026-07-20 10:06:55'),('1bd54f9d-0aa0-4e68-bb6f-e5e11ace3dbc','aaf288a3-fe5f-4844-a15f-6994d10517e1','2026-06-02 10:07:49',22.07166630,82.14957280,'Domino\'s, Shrikant Verma Marg, Bilaspur, Bilaspur Tahsil, Bilaspur, Chhattisgarh, 495004, India','aaf288a3-fe5f-4844-a15f-6994d10517e1','2026-06-02 10:07:49','2026-06-02 10:07:49'),('1c1db094-a4a2-47c2-8441-d3c6a8e4eb99','1a1e4364-04cd-423f-ba1e-811c59fc76aa','2026-06-01 09:54:21',22.07167050,82.14954190,'Domino\'s, Shrikant Verma Marg, Bilaspur, Bilaspur Tahsil, Bilaspur, Chhattisgarh, 495004, India','1a1e4364-04cd-423f-ba1e-811c59fc76aa','2026-06-01 09:54:21','2026-06-01 09:54:21'),('1c40bb6d-f810-4c9b-8ef8-c573f3e62974','2abc2052-1982-4326-9faa-e39896c4777d','2026-05-11 10:07:35',22.07177460,82.14933500,'KFC, Shrikant Verma Marg, Bilaspur, Bilaspur Tahsil, Bilaspur, Chhattisgarh, 495004, India','2abc2052-1982-4326-9faa-e39896c4777d','2026-05-11 10:07:35','2026-05-11 10:07:35'),('1d8cfb6a-5639-4e0e-aa76-0823d2473480','2abc2052-1982-4326-9faa-e39896c4777d','2026-03-23 09:57:20',22.07174090,82.14931580,'KFC, Shrikant Verma Marg, Bilaspur, Bilaspur Tahsil, Bilaspur, Chhattisgarh, 495004, India','2abc2052-1982-4326-9faa-e39896c4777d','2026-03-23 09:57:20','2026-03-23 09:57:20'),('1e474ef0-ccf4-49b8-93c6-f1cb349b6b39','79d154db-7197-410b-815a-25321488575f','2026-06-04 11:14:21',22.07175780,82.14956510,'Domino\'s, Shrikant Verma Marg, Bilaspur, Bilaspur Tahsil, Bilaspur, Chhattisgarh, 495004, India','79d154db-7197-410b-815a-25321488575f','2026-06-04 11:14:21','2026-06-04 11:14:21'),('1ec71ec7-62b0-4f0d-8d48-ae83cd7edc50','6c78afb3-e659-4650-8d6f-f99bd8678087','2026-06-16 10:37:17',22.07169190,82.14958680,'Domino\'s, Shrikant Verma Marg, Bilaspur, Bilaspur Tahsil, Bilaspur, Chhattisgarh, 495004, India','6c78afb3-e659-4650-8d6f-f99bd8678087','2026-06-16 10:37:17','2026-06-16 10:37:17'),('1edf7009-79e4-4964-8670-c64fd4d5f475','0d059894-2564-4e0f-93ef-855953f06751','2026-05-19 09:59:30',22.07167640,82.14962010,'Domino\'s, Shrikant Verma Marg, Bilaspur, Bilaspur Tahsil, Bilaspur, Chhattisgarh, 495004, India','0d059894-2564-4e0f-93ef-855953f06751','2026-05-19 09:59:30','2026-05-19 09:59:30'),('1fe2de69-4095-43f9-abce-5a394910fa0d','628c246c-3005-4619-b4db-facb426ee0cd','2026-05-13 10:41:42',22.07167570,82.14958130,'Domino\'s, Shrikant Verma Marg, Bilaspur, Bilaspur Tahsil, Bilaspur, Chhattisgarh, 495004, India','628c246c-3005-4619-b4db-facb426ee0cd','2026-05-13 10:41:42','2026-05-13 10:41:42'),('1fed7fe9-88cd-4dc4-91c8-09c738b4494c','ebd49fcc-cdb6-45c3-bd7b-27f7bcdefa18','2026-06-18 11:19:29',22.07175300,82.14956920,'Domino\'s, Shrikant Verma Marg, Bilaspur, Bilaspur Tahsil, Bilaspur, Chhattisgarh, 495004, India','ebd49fcc-cdb6-45c3-bd7b-27f7bcdefa18','2026-06-18 11:19:29','2026-06-18 11:19:29'),('20cc3dca-380c-49ba-ad81-53259d92ef04','ebd49fcc-cdb6-45c3-bd7b-27f7bcdefa18','2026-06-03 11:12:14',22.07178400,82.14947190,'KFC, Shrikant Verma Marg, Bilaspur, Bilaspur Tahsil, Bilaspur, Chhattisgarh, 495004, India','ebd49fcc-cdb6-45c3-bd7b-27f7bcdefa18','2026-06-03 11:12:14','2026-06-03 11:12:14'),('2217a3c2-65ce-4a46-9b22-0a14a1770049','79d154db-7197-410b-815a-25321488575f','2026-05-29 11:19:30',22.07175830,82.14941760,'KFC, Shrikant Verma Marg, Bilaspur, Bilaspur Tahsil, Bilaspur, Chhattisgarh, 495004, India','79d154db-7197-410b-815a-25321488575f','2026-05-29 11:19:30','2026-05-29 11:19:30'),('226c6970-b922-437d-807a-2b341ee778a4','aaf288a3-fe5f-4844-a15f-6994d10517e1','2026-06-03 10:05:57',22.07166920,82.14961830,'Domino\'s, Shrikant Verma Marg, Bilaspur, Bilaspur Tahsil, Bilaspur, Chhattisgarh, 495004, India','aaf288a3-fe5f-4844-a15f-6994d10517e1','2026-06-03 10:05:57','2026-06-03 10:05:57'),('2283c378-3034-4da5-aa8e-bc3a4c9bd149','7f311153-8c6f-4805-b209-9373d13b7fbb','2026-06-16 10:35:43',22.07168440,82.14962000,'Domino\'s, Shrikant Verma Marg, Bilaspur, Bilaspur Tahsil, Bilaspur, Chhattisgarh, 495004, India','7f311153-8c6f-4805-b209-9373d13b7fbb','2026-06-16 10:35:43','2026-06-16 10:35:43'),('2367c5bc-f72d-4522-98de-549b9ef9b56c','2abc2052-1982-4326-9faa-e39896c4777d','2026-06-04 10:00:40',22.07177970,82.14934860,'KFC, Shrikant Verma Marg, Bilaspur, Bilaspur Tahsil, Bilaspur, Chhattisgarh, 495004, India','2abc2052-1982-4326-9faa-e39896c4777d','2026-06-04 10:00:40','2026-06-04 10:00:40'),('240491f1-8107-4866-9859-2ecd71561f4a','1a1e4364-04cd-423f-ba1e-811c59fc76aa','2026-06-15 09:52:44',22.07178510,82.14933560,'KFC, Shrikant Verma Marg, Bilaspur, Bilaspur Tahsil, Bilaspur, Chhattisgarh, 495004, India','1a1e4364-04cd-423f-ba1e-811c59fc76aa','2026-06-15 09:52:44','2026-06-15 09:52:44'),('24386946-5f2e-4c68-a97a-43cf87db544e','1a1e4364-04cd-423f-ba1e-811c59fc76aa','2026-07-11 10:02:20',22.07169070,82.14949550,'KFC, Shrikant Verma Marg, Bilaspur, Bilaspur Tahsil, Bilaspur, Chhattisgarh, 495004, India','1a1e4364-04cd-423f-ba1e-811c59fc76aa','2026-07-11 10:02:20','2026-07-11 10:02:20'),('246c1f52-859b-4909-9b22-51521a66dad7','79d154db-7197-410b-815a-25321488575f','2026-06-15 11:05:27',22.07174470,82.14956140,'Domino\'s, Shrikant Verma Marg, Bilaspur, Bilaspur Tahsil, Bilaspur, Chhattisgarh, 495004, India','79d154db-7197-410b-815a-25321488575f','2026-06-15 11:05:27','2026-06-15 11:05:27'),('2474df72-2ad8-49cf-bbca-e558e7453fca','1a1e4364-04cd-423f-ba1e-811c59fc76aa','2026-03-23 09:48:33',22.07165740,82.14959870,'Domino\'s, Shrikant Verma Marg, Bilaspur, Bilaspur Tahsil, Bilaspur, Chhattisgarh, 495004, India','1a1e4364-04cd-423f-ba1e-811c59fc76aa','2026-03-23 09:48:33','2026-03-23 09:48:33'),('24ecdc62-4472-45b1-b1b8-b9bb07343868','1a1e4364-04cd-423f-ba1e-811c59fc76aa','2026-07-10 10:02:32',22.07145710,82.14997240,'McDonald\'s, Shrikant Verma Marg, Bilaspur, Bilaspur Tahsil, Bilaspur, Chhattisgarh, 495004, India','1a1e4364-04cd-423f-ba1e-811c59fc76aa','2026-07-10 10:02:32','2026-07-10 10:02:32'),('2592138c-d09e-44be-aaf3-16fdb3bb346a','2abc2052-1982-4326-9faa-e39896c4777d','2026-06-02 09:59:07',22.07157980,82.14993770,'McDonald\'s, Shrikant Verma Marg, Bilaspur, Bilaspur Tahsil, Bilaspur, Chhattisgarh, 495004, India','2abc2052-1982-4326-9faa-e39896c4777d','2026-06-02 09:59:07','2026-06-02 09:59:07'),('25a07dcc-dcf4-4804-a0db-15056bb8278d','ebd49fcc-cdb6-45c3-bd7b-27f7bcdefa18','2026-06-29 11:11:35',22.07176150,82.14955600,'Domino\'s, Shrikant Verma Marg, Bilaspur, Bilaspur Tahsil, Bilaspur, Chhattisgarh, 495004, India','ebd49fcc-cdb6-45c3-bd7b-27f7bcdefa18','2026-06-29 11:11:35','2026-06-29 11:11:35'),('25c017a2-0091-48f7-afc0-0129e4bd1241','a600d78f-37dd-4ad4-9897-7d5dfa5c33e7','2026-06-24 12:11:51',22.02566020,82.21638850,'NH49, Bilaspur, Bilaspur Tahsil, Bilaspur, Chhattisgarh, 495004, India','a600d78f-37dd-4ad4-9897-7d5dfa5c33e7','2026-06-24 12:11:51','2026-06-24 12:11:51'),('25d2e44f-cd4d-46bd-9524-f7ca9eb9e8e0','1a1e4364-04cd-423f-ba1e-811c59fc76aa','2026-05-29 11:32:57',22.07166550,82.14957070,'Domino\'s, Shrikant Verma Marg, Bilaspur, Bilaspur Tahsil, Bilaspur, Chhattisgarh, 495004, India','1a1e4364-04cd-423f-ba1e-811c59fc76aa','2026-05-29 11:32:57','2026-05-29 11:32:57'),('25e668c9-c871-4bf7-90f4-3fd0f5517831','a600d78f-37dd-4ad4-9897-7d5dfa5c33e7','2026-05-16 13:15:51',22.07167180,82.14960740,'Domino\'s, Shrikant Verma Marg, Bilaspur, Bilaspur Tahsil, Bilaspur, Chhattisgarh, 495004, India','a600d78f-37dd-4ad4-9897-7d5dfa5c33e7','2026-05-16 13:15:51','2026-05-16 13:15:51'),('270b50b0-9a9f-4938-b46d-bf2588c1d323','0d059894-2564-4e0f-93ef-855953f06751','2026-02-21 10:29:36',22.07167290,82.14967590,'Domino\'s, Shrikant Verma Marg, Bilaspur, Bilaspur Tahsil, Bilaspur, Chhattisgarh, 495004, India','0d059894-2564-4e0f-93ef-855953f06751','2026-02-21 10:29:36','2026-02-21 10:29:36'),('272f4e6a-b805-4099-ba8a-b78e260ad833','79d154db-7197-410b-815a-25321488575f','2026-06-18 10:23:35',22.07174390,82.14958920,'Domino\'s, Shrikant Verma Marg, Bilaspur, Bilaspur Tahsil, Bilaspur, Chhattisgarh, 495004, India','79d154db-7197-410b-815a-25321488575f','2026-06-18 10:23:35','2026-06-18 10:23:35'),('2758d230-d0a6-4b15-bdef-e1c576d2a2d2','a600d78f-37dd-4ad4-9897-7d5dfa5c33e7','2026-05-19 12:50:36',22.02559560,82.21502970,'NH49, Bilaspur, Bilaspur Tahsil, Bilaspur, Chhattisgarh, 495004, India','a600d78f-37dd-4ad4-9897-7d5dfa5c33e7','2026-05-19 12:50:36','2026-05-19 12:50:36'),('276532c1-0335-4e76-b92b-d08acbee8a89','c1916fe0-250b-4eb7-86f8-8ac5f330b190','2026-06-27 11:19:06',22.07174930,82.14955710,'Domino\'s, Shrikant Verma Marg, Bilaspur, Bilaspur Tahsil, Bilaspur, Chhattisgarh, 495004, India','c1916fe0-250b-4eb7-86f8-8ac5f330b190','2026-06-27 11:19:06','2026-06-27 11:19:06'),('2783f9f5-c9ef-44e7-8594-7422397f64c7','628c246c-3005-4619-b4db-facb426ee0cd','2026-05-16 10:40:48',22.07177400,82.14936170,'KFC, Shrikant Verma Marg, Bilaspur, Bilaspur Tahsil, Bilaspur, Chhattisgarh, 495004, India','628c246c-3005-4619-b4db-facb426ee0cd','2026-05-16 10:40:48','2026-05-16 10:40:48'),('28ba4e89-3dae-45f9-9608-4a220d3289ec','1a1e4364-04cd-423f-ba1e-811c59fc76aa','2026-04-13 10:13:38',22.07168970,82.14958030,'Domino\'s, Shrikant Verma Marg, Bilaspur, Bilaspur Tahsil, Bilaspur, Chhattisgarh, 495004, India','1a1e4364-04cd-423f-ba1e-811c59fc76aa','2026-04-13 10:13:38','2026-04-13 10:13:38'),('29428549-327c-4f26-b9cc-b462eeaea817','b44fbe57-0502-4444-ad26-4a86c8ede58d','2026-02-27 10:19:53',22.07170000,82.14977490,'McDonald\'s, Shrikant Verma Marg, Bilaspur, Bilaspur Tahsil, Bilaspur, Chhattisgarh, 495004, India','b44fbe57-0502-4444-ad26-4a86c8ede58d','2026-02-27 10:19:53','2026-02-27 10:19:53'),('29bde716-1c3a-47c1-82af-a02b10c68789','628c246c-3005-4619-b4db-facb426ee0cd','2026-06-18 11:47:19',22.07164770,82.14945570,'KFC, Shrikant Verma Marg, Bilaspur, Bilaspur Tahsil, Bilaspur, Chhattisgarh, 495004, India','628c246c-3005-4619-b4db-facb426ee0cd','2026-06-18 11:47:19','2026-06-18 11:47:19'),('2a0cb485-9de8-41bc-add0-a976ac453712','ae60d625-54ea-43a2-a957-6d080720c8f1','2026-06-02 11:36:08',22.07175980,82.14958660,'Domino\'s, Shrikant Verma Marg, Bilaspur, Bilaspur Tahsil, Bilaspur, Chhattisgarh, 495004, India','ae60d625-54ea-43a2-a957-6d080720c8f1','2026-06-02 11:36:08','2026-06-02 11:36:08'),('2a179fe5-6991-46a4-9cf4-1a32a8505a54','1a1e4364-04cd-423f-ba1e-811c59fc76aa','2026-07-07 10:02:38',22.07175920,82.14933510,'KFC, Shrikant Verma Marg, Bilaspur, Bilaspur Tahsil, Bilaspur, Chhattisgarh, 495004, India','1a1e4364-04cd-423f-ba1e-811c59fc76aa','2026-07-07 10:02:38','2026-07-07 10:02:38'),('2a268eba-c14f-4c77-9174-70b95f9f8921','7f311153-8c6f-4805-b209-9373d13b7fbb','2026-05-29 18:26:48',22.07167280,82.14942080,'KFC, Shrikant Verma Marg, Bilaspur, Bilaspur Tahsil, Bilaspur, Chhattisgarh, 495004, India','7f311153-8c6f-4805-b209-9373d13b7fbb','2026-05-29 18:26:48','2026-05-29 18:26:48'),('2a28b88c-d3c0-46db-8be4-fd3ca602b3b0','1a1e4364-04cd-423f-ba1e-811c59fc76aa','2026-06-06 09:55:39',22.07205380,82.14943490,'PVR Cinemas, Shrikant Verma Marg, Bilaspur, Bilaspur Tahsil, Bilaspur, Chhattisgarh, 495004, India','1a1e4364-04cd-423f-ba1e-811c59fc76aa','2026-06-06 09:55:39','2026-06-06 09:55:39'),('2a395ed5-eb5c-4540-96f0-1e9e3b5e4640','aaf288a3-fe5f-4844-a15f-6994d10517e1','2026-06-18 09:59:55',22.07170600,82.14960170,'Domino\'s, Shrikant Verma Marg, Bilaspur, Bilaspur Tahsil, Bilaspur, Chhattisgarh, 495004, India','aaf288a3-fe5f-4844-a15f-6994d10517e1','2026-06-18 09:59:55','2026-06-18 09:59:55'),('2a6a6e08-71f7-4cd0-8d61-028385e2cedc','0ed5bd53-4393-4020-be6a-48be5f84261e','2026-06-13 10:30:26',22.07164700,82.14945800,'KFC, Shrikant Verma Marg, Bilaspur, Bilaspur Tahsil, Bilaspur, Chhattisgarh, 495004, India','0ed5bd53-4393-4020-be6a-48be5f84261e','2026-06-13 10:30:26','2026-06-13 10:30:26'),('2a8e5392-9c12-41eb-a97f-72e2493d55ed','f39e0437-03b6-485a-aafe-143e86d29935','2026-06-05 10:12:14',22.07166580,82.14956860,'Domino\'s, Shrikant Verma Marg, Bilaspur, Bilaspur Tahsil, Bilaspur, Chhattisgarh, 495004, India','f39e0437-03b6-485a-aafe-143e86d29935','2026-06-05 10:12:14','2026-06-05 10:12:14'),('2ae2a4f7-7259-4672-ab2d-af204a94e752','2abc2052-1982-4326-9faa-e39896c4777d','2026-05-13 10:04:59',22.07177950,82.14933380,'KFC, Shrikant Verma Marg, Bilaspur, Bilaspur Tahsil, Bilaspur, Chhattisgarh, 495004, India','2abc2052-1982-4326-9faa-e39896c4777d','2026-05-13 10:04:59','2026-05-13 10:04:59'),('2ba45aa4-e7da-4825-964d-abd8fbb89deb','c1916fe0-250b-4eb7-86f8-8ac5f330b190','2026-03-12 10:40:15',22.07172810,82.14952500,'KFC, Shrikant Verma Marg, Bilaspur, Bilaspur Tahsil, Bilaspur, Chhattisgarh, 495004, India','c1916fe0-250b-4eb7-86f8-8ac5f330b190','2026-03-12 10:40:15','2026-03-12 10:40:15'),('2bffffd2-b1f6-4522-8b87-bfd0d5bc7175','628c246c-3005-4619-b4db-facb426ee0cd','2026-06-11 10:17:27',22.07177940,82.14935160,'KFC, Shrikant Verma Marg, Bilaspur, Bilaspur Tahsil, Bilaspur, Chhattisgarh, 495004, India','628c246c-3005-4619-b4db-facb426ee0cd','2026-06-11 10:17:27','2026-06-11 10:17:27'),('2c6b4208-9dc8-4e86-9834-19d2a42ec684','628c246c-3005-4619-b4db-facb426ee0cd','2026-06-17 10:30:36',22.07178370,82.14932830,'KFC, Shrikant Verma Marg, Bilaspur, Bilaspur Tahsil, Bilaspur, Chhattisgarh, 495004, India','628c246c-3005-4619-b4db-facb426ee0cd','2026-06-17 10:30:36','2026-06-17 10:30:36'),('2cab9b2f-f528-4f1f-b53d-78fc3b971239','0ed5bd53-4393-4020-be6a-48be5f84261e','2026-07-01 10:11:02',22.07162530,82.14913690,'KFC, Shrikant Verma Marg, Bilaspur, Bilaspur Tahsil, Bilaspur, Chhattisgarh, 495004, India','0ed5bd53-4393-4020-be6a-48be5f84261e','2026-07-01 10:11:02','2026-07-01 10:11:02'),('2cb74bf3-244e-4819-bdd9-fc04e64d2475','0d059894-2564-4e0f-93ef-855953f06751','2026-02-19 10:36:03',22.07165850,82.14965330,'Domino\'s, Shrikant Verma Marg, Bilaspur, Bilaspur Tahsil, Bilaspur, Chhattisgarh, 495004, India','0d059894-2564-4e0f-93ef-855953f06751','2026-02-19 10:36:03','2026-02-19 10:36:03'),('2cca2e34-be2d-4472-ba66-231e55d3106e','2abc2052-1982-4326-9faa-e39896c4777d','2026-06-10 09:57:10',22.07180580,82.14932090,'KFC, Shrikant Verma Marg, Bilaspur, Bilaspur Tahsil, Bilaspur, Chhattisgarh, 495004, India','2abc2052-1982-4326-9faa-e39896c4777d','2026-06-10 09:57:10','2026-06-10 09:57:10'),('2cd60c88-266d-4bd4-9bdb-e94408bd0208','1a1e4364-04cd-423f-ba1e-811c59fc76aa','2026-04-29 17:12:04',22.07167360,82.14956320,'Domino\'s, Shrikant Verma Marg, Bilaspur, Bilaspur Tahsil, Bilaspur, Chhattisgarh, 495004, India','1a1e4364-04cd-423f-ba1e-811c59fc76aa','2026-04-29 17:12:04','2026-04-29 17:12:04'),('2d1103d1-499d-4d62-9821-cdccf625230c','628c246c-3005-4619-b4db-facb426ee0cd','2026-02-17 11:01:18',22.07165530,82.14964730,'Domino\'s, Shrikant Verma Marg, Bilaspur, Bilaspur Tahsil, Bilaspur, Chhattisgarh, 495004, India','628c246c-3005-4619-b4db-facb426ee0cd','2026-02-17 11:01:18','2026-02-17 11:01:18'),('2e238c31-3f76-4531-af98-79c34becb566','2abc2052-1982-4326-9faa-e39896c4777d','2026-03-13 09:58:19',22.07166810,82.14966880,'Domino\'s, Shrikant Verma Marg, Bilaspur, Bilaspur Tahsil, Bilaspur, Chhattisgarh, 495004, India','2abc2052-1982-4326-9faa-e39896c4777d','2026-03-13 09:58:19','2026-03-13 09:58:19'),('2e6bc14b-8c73-433e-bcc3-e6edf979b9e7','1a1e4364-04cd-423f-ba1e-811c59fc76aa','2026-03-26 13:32:54',22.07166640,82.14965400,'Domino\'s, Shrikant Verma Marg, Bilaspur, Bilaspur Tahsil, Bilaspur, Chhattisgarh, 495004, India','1a1e4364-04cd-423f-ba1e-811c59fc76aa','2026-03-26 13:32:54','2026-03-26 13:32:54'),('2e87ba9c-b24e-474f-b0cc-5e63d5966c78','f39e0437-03b6-485a-aafe-143e86d29935','2026-06-29 10:05:14',22.07169850,82.14963720,'Domino\'s, Shrikant Verma Marg, Bilaspur, Bilaspur Tahsil, Bilaspur, Chhattisgarh, 495004, India','f39e0437-03b6-485a-aafe-143e86d29935','2026-06-29 10:05:14','2026-06-29 10:05:14'),('2edd360b-9775-41ef-be3f-e8f9a65f1747','2abc2052-1982-4326-9faa-e39896c4777d','2026-05-27 10:11:39',22.07175160,82.14932460,'KFC, Shrikant Verma Marg, Bilaspur, Bilaspur Tahsil, Bilaspur, Chhattisgarh, 495004, India','2abc2052-1982-4326-9faa-e39896c4777d','2026-05-27 10:11:39','2026-05-27 10:11:39'),('30e8a63b-8905-4be4-b33c-62ec4070714f','f39e0437-03b6-485a-aafe-143e86d29935','2026-06-08 09:50:09',22.07165940,82.14955630,'Domino\'s, Shrikant Verma Marg, Bilaspur, Bilaspur Tahsil, Bilaspur, Chhattisgarh, 495004, India','f39e0437-03b6-485a-aafe-143e86d29935','2026-06-08 09:50:09','2026-06-08 09:50:09'),('31fac789-4a81-45a8-9158-80638bfb4fbb','1a1e4364-04cd-423f-ba1e-811c59fc76aa','2026-05-21 09:58:00',22.07166930,82.14953310,'Domino\'s, Shrikant Verma Marg, Bilaspur, Bilaspur Tahsil, Bilaspur, Chhattisgarh, 495004, India','1a1e4364-04cd-423f-ba1e-811c59fc76aa','2026-05-21 09:58:00','2026-05-21 09:58:00'),('32119898-7a84-4253-a57b-4913741665fa','6c78afb3-e659-4650-8d6f-f99bd8678087','2026-06-24 11:31:40',22.07163010,82.14958820,'Domino\'s, Shrikant Verma Marg, Bilaspur, Bilaspur Tahsil, Bilaspur, Chhattisgarh, 495004, India','6c78afb3-e659-4650-8d6f-f99bd8678087','2026-06-24 11:31:40','2026-06-24 11:31:40'),('3214db48-b5d1-4562-9490-650cd332b064','a600d78f-37dd-4ad4-9897-7d5dfa5c33e7','2026-05-25 10:24:31',22.02131500,82.20407960,'Bilaspur, Bilaspur Tahsil, Bilaspur, Chhattisgarh, 495004, India','a600d78f-37dd-4ad4-9897-7d5dfa5c33e7','2026-05-25 10:24:31','2026-05-25 10:24:31'),('32590a1f-9aec-4b81-9d8f-46ace74af07e','1a1e4364-04cd-423f-ba1e-811c59fc76aa','2026-03-16 09:53:46',22.07164190,82.14964750,'Domino\'s, Shrikant Verma Marg, Bilaspur, Bilaspur Tahsil, Bilaspur, Chhattisgarh, 495004, India','1a1e4364-04cd-423f-ba1e-811c59fc76aa','2026-03-16 09:53:46','2026-03-16 09:53:46'),('32fa0481-c92b-4a26-bbd3-424716f8e4ca','79d154db-7197-410b-815a-25321488575f','2026-05-18 10:06:40',22.07177780,82.14954610,'KFC, Shrikant Verma Marg, Bilaspur, Bilaspur Tahsil, Bilaspur, Chhattisgarh, 495004, India','79d154db-7197-410b-815a-25321488575f','2026-05-18 10:06:40','2026-05-18 10:06:40'),('3323b518-371f-4626-97a8-f94aa4e75ce2','0d059894-2564-4e0f-93ef-855953f06751','2026-06-04 10:31:43',22.07171690,82.14959620,'Domino\'s, Shrikant Verma Marg, Bilaspur, Bilaspur Tahsil, Bilaspur, Chhattisgarh, 495004, India','0d059894-2564-4e0f-93ef-855953f06751','2026-06-04 10:31:43','2026-06-04 10:31:43'),('34375eb1-6f47-4ef2-8848-8945c5eb343d','1a1e4364-04cd-423f-ba1e-811c59fc76aa','2026-05-12 10:25:46',22.07164880,82.14958620,'Domino\'s, Shrikant Verma Marg, Bilaspur, Bilaspur Tahsil, Bilaspur, Chhattisgarh, 495004, India','1a1e4364-04cd-423f-ba1e-811c59fc76aa','2026-05-12 10:25:46','2026-05-12 10:25:46'),('35112964-5420-4031-ba0e-cc22b7514550','628c246c-3005-4619-b4db-facb426ee0cd','2026-06-15 10:43:35',22.07165950,82.14963430,'Domino\'s, Shrikant Verma Marg, Bilaspur, Bilaspur Tahsil, Bilaspur, Chhattisgarh, 495004, India','628c246c-3005-4619-b4db-facb426ee0cd','2026-06-15 10:43:35','2026-06-15 10:43:35'),('35505471-e69a-47cc-babe-7c2e7750a29d','2abc2052-1982-4326-9faa-e39896c4777d','2026-03-02 09:57:15',22.07164810,82.14966560,'Domino\'s, Shrikant Verma Marg, Bilaspur, Bilaspur Tahsil, Bilaspur, Chhattisgarh, 495004, India','2abc2052-1982-4326-9faa-e39896c4777d','2026-03-02 09:57:15','2026-03-02 09:57:15'),('3563ecfa-0b82-486d-a828-e527daeb68c9','2abc2052-1982-4326-9faa-e39896c4777d','2026-03-20 10:11:34',22.07173770,82.14934220,'KFC, Shrikant Verma Marg, Bilaspur, Bilaspur Tahsil, Bilaspur, Chhattisgarh, 495004, India','2abc2052-1982-4326-9faa-e39896c4777d','2026-03-20 10:11:34','2026-03-20 10:11:34'),('358d0913-08b7-462b-88b7-0635de91e5b6','628c246c-3005-4619-b4db-facb426ee0cd','2026-06-10 10:31:33',22.07158781,82.14964804,'Domino\'s, Shrikant Verma Marg, Bilaspur, Bilaspur Tahsil, Bilaspur, Chhattisgarh, 495004, India','628c246c-3005-4619-b4db-facb426ee0cd','2026-06-10 10:31:33','2026-06-10 10:31:33'),('3648d1ab-3194-4ffa-93cb-e2c55acb9377','2abc2052-1982-4326-9faa-e39896c4777d','2026-04-03 10:37:28',22.07174590,82.14933280,'KFC, Shrikant Verma Marg, Bilaspur, Bilaspur Tahsil, Bilaspur, Chhattisgarh, 495004, India','2abc2052-1982-4326-9faa-e39896c4777d','2026-04-03 10:37:28','2026-04-03 10:37:28'),('36987e46-d142-4e9c-ba9c-827e2bf2bc74','1a1e4364-04cd-423f-ba1e-811c59fc76aa','2026-04-20 09:38:13',22.07172280,82.14973990,'Domino\'s, Shrikant Verma Marg, Bilaspur, Bilaspur Tahsil, Bilaspur, Chhattisgarh, 495004, India','1a1e4364-04cd-423f-ba1e-811c59fc76aa','2026-04-20 09:38:13','2026-04-20 09:38:13'),('36a9adb8-1aed-4116-b701-ed8f5aead860','79d154db-7197-410b-815a-25321488575f','2026-02-16 19:52:17',22.07387000,82.14853140,'Bilaspur, Bilaspur Tahsil, Bilaspur, Chhattisgarh, 495004, India','79d154db-7197-410b-815a-25321488575f','2026-02-16 19:52:17','2026-02-16 19:52:17'),('36cedfd4-1e22-4acf-8042-4340367237ea','0d059894-2564-4e0f-93ef-855953f06751','2026-05-23 13:01:13',22.07166620,82.14959920,'Domino\'s, Shrikant Verma Marg, Bilaspur, Bilaspur Tahsil, Bilaspur, Chhattisgarh, 495004, India','0d059894-2564-4e0f-93ef-855953f06751','2026-05-23 13:01:13','2026-05-23 13:01:13'),('37a4d134-b03d-4280-95c6-1b71d75d617b','1a1e4364-04cd-423f-ba1e-811c59fc76aa','2026-06-24 10:02:37',22.07167510,82.14949270,'KFC, Shrikant Verma Marg, Bilaspur, Bilaspur Tahsil, Bilaspur, Chhattisgarh, 495004, India','1a1e4364-04cd-423f-ba1e-811c59fc76aa','2026-06-24 10:02:37','2026-06-24 10:02:37'),('3859affe-2816-4f37-ae65-7fc67eb1b6f1','1a1e4364-04cd-423f-ba1e-811c59fc76aa','2026-07-01 10:04:50',22.07167420,82.14961160,'Domino\'s, Shrikant Verma Marg, Bilaspur, Bilaspur Tahsil, Bilaspur, Chhattisgarh, 495004, India','1a1e4364-04cd-423f-ba1e-811c59fc76aa','2026-07-01 10:04:50','2026-07-01 10:04:50'),('38c7e727-1a5d-4dfb-8152-8584d72440e9','1a1e4364-04cd-423f-ba1e-811c59fc76aa','2026-06-12 09:50:58',22.07177850,82.14933270,'KFC, Shrikant Verma Marg, Bilaspur, Bilaspur Tahsil, Bilaspur, Chhattisgarh, 495004, India','1a1e4364-04cd-423f-ba1e-811c59fc76aa','2026-06-12 09:50:58','2026-06-12 09:50:58'),('395bf9e8-1a99-46b5-8a71-99ba3f173d3e','1a1e4364-04cd-423f-ba1e-811c59fc76aa','2026-06-18 09:59:06',22.07177800,82.14933700,'KFC, Shrikant Verma Marg, Bilaspur, Bilaspur Tahsil, Bilaspur, Chhattisgarh, 495004, India','1a1e4364-04cd-423f-ba1e-811c59fc76aa','2026-06-18 09:59:06','2026-06-18 09:59:06'),('396f8158-a9d7-4691-a0d8-2b8d6e9c5e6d','0ed5bd53-4393-4020-be6a-48be5f84261e','2026-06-29 10:13:31',22.07149330,82.14979500,'Domino\'s, Shrikant Verma Marg, Bilaspur, Bilaspur Tahsil, Bilaspur, Chhattisgarh, 495004, India','0ed5bd53-4393-4020-be6a-48be5f84261e','2026-06-29 10:13:31','2026-06-29 10:13:31'),('3978130c-b561-4de1-951c-bacab1b017a7','2abc2052-1982-4326-9faa-e39896c4777d','2026-03-14 09:58:09',22.07172630,82.14932850,'KFC, Shrikant Verma Marg, Bilaspur, Bilaspur Tahsil, Bilaspur, Chhattisgarh, 495004, India','2abc2052-1982-4326-9faa-e39896c4777d','2026-03-14 09:58:09','2026-03-14 09:58:09'),('39bcbef8-8e2e-4ab0-8216-bbfd32605635','1a1e4364-04cd-423f-ba1e-811c59fc76aa','2026-05-15 11:32:25',22.07177890,82.14955200,'KFC, Shrikant Verma Marg, Bilaspur, Bilaspur Tahsil, Bilaspur, Chhattisgarh, 495004, India','1a1e4364-04cd-423f-ba1e-811c59fc76aa','2026-05-15 11:32:25','2026-05-15 11:32:25'),('39d0e7ec-ea77-48e3-a98d-40e3ce046151','0ed5bd53-4393-4020-be6a-48be5f84261e','2026-07-14 10:14:04',22.07149390,82.14919610,'KFC, Shrikant Verma Marg, Bilaspur, Bilaspur Tahsil, Bilaspur, Chhattisgarh, 495004, India','0ed5bd53-4393-4020-be6a-48be5f84261e','2026-07-14 10:14:04','2026-07-14 10:14:04'),('39ff3a52-91c5-49b2-b472-2569c4cafcbe','1a1e4364-04cd-423f-ba1e-811c59fc76aa','2026-04-30 18:13:55',22.07157740,82.14961560,'Domino\'s, Shrikant Verma Marg, Bilaspur, Bilaspur Tahsil, Bilaspur, Chhattisgarh, 495004, India','1a1e4364-04cd-423f-ba1e-811c59fc76aa','2026-04-30 18:13:55','2026-04-30 18:13:55'),('3a687da0-50c1-4219-af6b-881689d56182','a600d78f-37dd-4ad4-9897-7d5dfa5c33e7','2026-05-22 11:56:21',22.01895720,82.19489190,'Silpahari Industrial Area, Bilha Tahsil, Bilaspur, Chhattisgarh, 495224, India','a600d78f-37dd-4ad4-9897-7d5dfa5c33e7','2026-05-22 11:56:21','2026-05-22 11:56:21'),('3a8b0c84-1337-4e75-8170-95bc04c2de10','0ed5bd53-4393-4020-be6a-48be5f84261e','2026-07-10 10:20:00',22.07163500,82.15007500,'Shrikant Verma Marg, Bilaspur, Bilaspur Tahsil, Bilaspur, Chhattisgarh, 495004, India','0ed5bd53-4393-4020-be6a-48be5f84261e','2026-07-10 10:20:00','2026-07-10 10:20:00'),('3ad18f91-bec5-4f14-8c91-b264c5e23714','b81000be-85e5-4382-856e-f407ebd40c4f','2026-02-28 07:33:26',22.37154970,82.16745400,'Pali Tahsil, Korba, Chhattisgarh, India','b81000be-85e5-4382-856e-f407ebd40c4f','2026-02-28 07:33:26','2026-02-28 07:33:26'),('3aeda8d5-c78c-4feb-951b-6fa496d1ec8f','a600d78f-37dd-4ad4-9897-7d5dfa5c33e7','2026-06-30 11:04:59',22.07512980,82.14837220,'Bilaspur, Bilaspur Tahsil, Bilaspur, Chhattisgarh, 495004, India','a600d78f-37dd-4ad4-9897-7d5dfa5c33e7','2026-06-30 11:04:59','2026-06-30 11:04:59'),('3b953eec-b4de-4870-8337-33db545b7100','6c78afb3-e659-4650-8d6f-f99bd8678087','2026-02-28 10:28:44',22.07163810,82.14966140,'Domino\'s, Shrikant Verma Marg, Bilaspur, Bilaspur Tahsil, Bilaspur, Chhattisgarh, 495004, India','6c78afb3-e659-4650-8d6f-f99bd8678087','2026-02-28 10:28:44','2026-02-28 10:28:44'),('3c5e0336-5936-4865-85d5-6cca1bd57e92','e4104e9d-ef01-4a6d-886f-6cb2766e7b1d','2026-02-23 10:44:22',22.07165820,82.14965790,'Domino\'s, Shrikant Verma Marg, Bilaspur, Bilaspur Tahsil, Bilaspur, Chhattisgarh, 495004, India','e4104e9d-ef01-4a6d-886f-6cb2766e7b1d','2026-02-23 10:44:22','2026-02-23 10:44:22'),('3ccc99d9-882f-43b5-8bf9-eb9e2a404a74','628c246c-3005-4619-b4db-facb426ee0cd','2026-05-23 10:30:46',22.07177170,82.14934820,'KFC, Shrikant Verma Marg, Bilaspur, Bilaspur Tahsil, Bilaspur, Chhattisgarh, 495004, India','628c246c-3005-4619-b4db-facb426ee0cd','2026-05-23 10:30:46','2026-05-23 10:30:46'),('3d6b7476-96c3-401c-8fc4-fa253ff486c3','f5ceb75a-ef68-40fc-8628-3b0ea6085e3c','2026-05-02 11:22:42',22.07160790,82.14957460,'Domino\'s, Shrikant Verma Marg, Bilaspur, Bilaspur Tahsil, Bilaspur, Chhattisgarh, 495004, India','f5ceb75a-ef68-40fc-8628-3b0ea6085e3c','2026-05-02 11:22:42','2026-05-02 11:22:42'),('3dfd1d6c-aa43-4ceb-a79d-9c5cf5a1fd3b','ebd49fcc-cdb6-45c3-bd7b-27f7bcdefa18','2026-06-22 11:11:22',22.07174840,82.14959800,'Domino\'s, Shrikant Verma Marg, Bilaspur, Bilaspur Tahsil, Bilaspur, Chhattisgarh, 495004, India','ebd49fcc-cdb6-45c3-bd7b-27f7bcdefa18','2026-06-22 11:11:22','2026-06-22 11:11:22'),('3e2375cb-c17a-4129-b6cd-9acdc5e40cb1','c1916fe0-250b-4eb7-86f8-8ac5f330b190','2026-02-26 10:23:24',22.07208070,82.14948550,'PVR Cinemas, Shrikant Verma Marg, Bilaspur, Bilaspur Tahsil, Bilaspur, Chhattisgarh, 495004, India','c1916fe0-250b-4eb7-86f8-8ac5f330b190','2026-02-26 10:23:24','2026-02-26 10:23:24'),('3eb9327a-0e25-4f8d-9fa4-744d7ce1867c','0d059894-2564-4e0f-93ef-855953f06751','2026-02-23 10:24:41',22.07162150,82.14964100,'Domino\'s, Shrikant Verma Marg, Bilaspur, Bilaspur Tahsil, Bilaspur, Chhattisgarh, 495004, India','0d059894-2564-4e0f-93ef-855953f06751','2026-02-23 10:24:41','2026-02-23 10:24:41'),('3f047e15-7587-4c42-b40f-302bd5ffd28f','ebd49fcc-cdb6-45c3-bd7b-27f7bcdefa18','2026-05-05 10:46:22',22.07179670,82.14965030,'Domino\'s, Shrikant Verma Marg, Bilaspur, Bilaspur Tahsil, Bilaspur, Chhattisgarh, 495004, India','ebd49fcc-cdb6-45c3-bd7b-27f7bcdefa18','2026-05-05 10:46:22','2026-05-05 10:46:22'),('3f287995-b9b0-416d-8d8b-416cdc29efec','a600d78f-37dd-4ad4-9897-7d5dfa5c33e7','2026-06-17 17:42:14',22.02443680,82.21401050,'NH49, Bilaspur, Bilaspur Tahsil, Bilaspur, Chhattisgarh, 495004, India','a600d78f-37dd-4ad4-9897-7d5dfa5c33e7','2026-06-17 17:42:14','2026-06-17 17:42:14'),('3f8485e3-02d9-474a-90da-fe7e74c12a9e','a600d78f-37dd-4ad4-9897-7d5dfa5c33e7','2026-06-20 11:46:54',22.02429860,82.20782440,'Bilaspur, Bilaspur Tahsil, Bilaspur, Chhattisgarh, 495004, India','a600d78f-37dd-4ad4-9897-7d5dfa5c33e7','2026-06-20 11:46:54','2026-06-20 11:46:54'),('3f9ceb89-9d7d-452f-842f-415e265e5e50','628c246c-3005-4619-b4db-facb426ee0cd','2026-06-03 10:26:04',22.07177970,82.14934270,'KFC, Shrikant Verma Marg, Bilaspur, Bilaspur Tahsil, Bilaspur, Chhattisgarh, 495004, India','628c246c-3005-4619-b4db-facb426ee0cd','2026-06-03 10:26:04','2026-06-03 10:26:04'),('40300dd7-dbd9-4128-867e-a43a6d417134','2abc2052-1982-4326-9faa-e39896c4777d','2026-07-02 09:58:45',22.07183130,82.14929530,'KFC, Shrikant Verma Marg, Bilaspur, Bilaspur Tahsil, Bilaspur, Chhattisgarh, 495004, India','2abc2052-1982-4326-9faa-e39896c4777d','2026-07-02 09:58:45','2026-07-02 09:58:45'),('4072f487-75e9-4215-b369-71226522630b','2abc2052-1982-4326-9faa-e39896c4777d','2026-05-19 10:13:25',22.07175750,82.14935760,'KFC, Shrikant Verma Marg, Bilaspur, Bilaspur Tahsil, Bilaspur, Chhattisgarh, 495004, India','2abc2052-1982-4326-9faa-e39896c4777d','2026-05-19 10:13:25','2026-05-19 10:13:25'),('4080175b-282b-4078-a60c-f869c67454c0','79d154db-7197-410b-815a-25321488575f','2026-05-16 10:45:58',22.07175680,82.14948430,'KFC, Shrikant Verma Marg, Bilaspur, Bilaspur Tahsil, Bilaspur, Chhattisgarh, 495004, India','79d154db-7197-410b-815a-25321488575f','2026-05-16 10:45:58','2026-05-16 10:45:58'),('40e09cf8-b690-4502-8e63-0e5ced973324','0d059894-2564-4e0f-93ef-855953f06751','2026-05-12 10:26:01',22.07166650,82.14956730,'Domino\'s, Shrikant Verma Marg, Bilaspur, Bilaspur Tahsil, Bilaspur, Chhattisgarh, 495004, India','0d059894-2564-4e0f-93ef-855953f06751','2026-05-12 10:26:01','2026-05-12 10:26:01'),('413227a7-d6e8-4223-8757-01ba24f52781','2abc2052-1982-4326-9faa-e39896c4777d','2026-06-01 10:02:22',22.07173090,82.14935630,'KFC, Shrikant Verma Marg, Bilaspur, Bilaspur Tahsil, Bilaspur, Chhattisgarh, 495004, India','2abc2052-1982-4326-9faa-e39896c4777d','2026-06-01 10:02:22','2026-06-01 10:02:22'),('414aa9b5-e141-4a23-9eb6-04d1d153fc57','0d059894-2564-4e0f-93ef-855953f06751','2026-07-02 10:31:32',22.07170450,82.14951506,'KFC, Shrikant Verma Marg, Bilaspur, Bilaspur Tahsil, Bilaspur, Chhattisgarh, 495004, India','0d059894-2564-4e0f-93ef-855953f06751','2026-07-02 10:31:32','2026-07-02 10:31:32'),('41b59337-1173-4d4d-ad42-7d05c0849b39','aaf288a3-fe5f-4844-a15f-6994d10517e1','2026-07-08 09:51:57',22.07168880,82.14966030,'Domino\'s, Shrikant Verma Marg, Bilaspur, Bilaspur Tahsil, Bilaspur, Chhattisgarh, 495004, India','aaf288a3-fe5f-4844-a15f-6994d10517e1','2026-07-08 09:51:57','2026-07-08 09:51:57'),('41f894d0-9d59-4c98-9173-4f7eaaf1f282','c1916fe0-250b-4eb7-86f8-8ac5f330b190','2026-06-19 10:56:04',22.07206510,82.14969710,'PVR Cinemas, Shrikant Verma Marg, Bilaspur, Bilaspur Tahsil, Bilaspur, Chhattisgarh, 495004, India','c1916fe0-250b-4eb7-86f8-8ac5f330b190','2026-06-19 10:56:04','2026-06-19 10:56:04'),('43008d40-5ad7-44bc-abef-5e6111d26982','c1916fe0-250b-4eb7-86f8-8ac5f330b190','2026-06-17 10:48:45',22.07224500,82.14981500,'Bilaspur, Bilaspur Tahsil, Bilaspur, Chhattisgarh, 495004, India','c1916fe0-250b-4eb7-86f8-8ac5f330b190','2026-06-17 10:48:45','2026-06-17 10:48:45'),('43350e11-a9e7-40d3-ad46-cc037fa563fb','6c78afb3-e659-4650-8d6f-f99bd8678087','2026-06-19 17:48:18',22.07175840,82.14933200,'KFC, Shrikant Verma Marg, Bilaspur, Bilaspur Tahsil, Bilaspur, Chhattisgarh, 495004, India','6c78afb3-e659-4650-8d6f-f99bd8678087','2026-06-19 17:48:18','2026-06-19 17:48:18'),('4369ef4e-de1f-4a5d-9472-5abaa8a886d3','79d154db-7197-410b-815a-25321488575f','2026-02-18 14:53:18',22.07162840,82.14962730,'Domino\'s, Shrikant Verma Marg, Bilaspur, Bilaspur Tahsil, Bilaspur, Chhattisgarh, 495004, India','79d154db-7197-410b-815a-25321488575f','2026-02-18 14:53:18','2026-02-18 14:53:18'),('438306bd-b8d5-4f20-811b-fa5c2f11aacf','ebd49fcc-cdb6-45c3-bd7b-27f7bcdefa18','2026-06-11 10:55:32',22.07181470,82.14968700,'Domino\'s, Shrikant Verma Marg, Bilaspur, Bilaspur Tahsil, Bilaspur, Chhattisgarh, 495004, India','ebd49fcc-cdb6-45c3-bd7b-27f7bcdefa18','2026-06-11 10:55:32','2026-06-11 10:55:32'),('44e25d58-aa59-4491-ba4e-1cca85452bc9','ebd49fcc-cdb6-45c3-bd7b-27f7bcdefa18','2026-06-04 11:23:05',22.07177460,82.14960600,'Domino\'s, Shrikant Verma Marg, Bilaspur, Bilaspur Tahsil, Bilaspur, Chhattisgarh, 495004, India','ebd49fcc-cdb6-45c3-bd7b-27f7bcdefa18','2026-06-04 11:23:05','2026-06-04 11:23:05'),('45acd966-7592-45de-8400-b8a417d4f502','aaf288a3-fe5f-4844-a15f-6994d10517e1','2026-05-29 18:17:19',22.07166630,82.14957310,'Domino\'s, Shrikant Verma Marg, Bilaspur, Bilaspur Tahsil, Bilaspur, Chhattisgarh, 495004, India','aaf288a3-fe5f-4844-a15f-6994d10517e1','2026-05-29 18:17:19','2026-05-29 18:17:19'),('45df3508-ba1e-4257-b719-2c97eea9fe2c','2abc2052-1982-4326-9faa-e39896c4777d','2026-05-12 10:02:51',22.07178070,82.14996650,'McDonald\'s, Shrikant Verma Marg, Bilaspur, Bilaspur Tahsil, Bilaspur, Chhattisgarh, 495004, India','2abc2052-1982-4326-9faa-e39896c4777d','2026-05-12 10:02:51','2026-05-12 10:02:51'),('460b6c11-e606-47c3-827e-ad0a37f0f620','0ed5bd53-4393-4020-be6a-48be5f84261e','2026-07-09 10:21:54',22.07164250,82.14935140,'KFC, Shrikant Verma Marg, Bilaspur, Bilaspur Tahsil, Bilaspur, Chhattisgarh, 495004, India','0ed5bd53-4393-4020-be6a-48be5f84261e','2026-07-09 10:21:54','2026-07-09 10:21:54'),('460d85d2-87c7-444d-8807-8e2d448f8d6e','2abc2052-1982-4326-9faa-e39896c4777d','2026-06-24 09:53:32',22.07157080,82.14921750,'KFC, Shrikant Verma Marg, Bilaspur, Bilaspur Tahsil, Bilaspur, Chhattisgarh, 495004, India','2abc2052-1982-4326-9faa-e39896c4777d','2026-06-24 09:53:32','2026-06-24 09:53:32'),('46be1a61-fce1-4193-9f35-4fc35b4a9eb2','79d154db-7197-410b-815a-25321488575f','2026-02-27 10:06:36',22.07171120,82.14956080,'Domino\'s, Shrikant Verma Marg, Bilaspur, Bilaspur Tahsil, Bilaspur, Chhattisgarh, 495004, India','79d154db-7197-410b-815a-25321488575f','2026-02-27 10:06:36','2026-02-27 10:06:36'),('4769d34e-464c-4e60-991d-59ad6611b981','2abc2052-1982-4326-9faa-e39896c4777d','2026-04-22 10:10:05',22.07176430,82.14933060,'KFC, Shrikant Verma Marg, Bilaspur, Bilaspur Tahsil, Bilaspur, Chhattisgarh, 495004, India','2abc2052-1982-4326-9faa-e39896c4777d','2026-04-22 10:10:05','2026-04-22 10:10:05'),('4897c0d8-c3df-4288-842b-2ef4e15b050f','0d059894-2564-4e0f-93ef-855953f06751','2026-07-01 10:06:46',22.07173905,82.14973441,'Domino\'s, Shrikant Verma Marg, Bilaspur, Bilaspur Tahsil, Bilaspur, Chhattisgarh, 495004, India','0d059894-2564-4e0f-93ef-855953f06751','2026-07-01 10:06:46','2026-07-01 10:06:46'),('48b6eca7-4698-48ec-8104-c2f8ab3a8150','0ed5bd53-4393-4020-be6a-48be5f84261e','2026-06-15 10:26:31',22.07158980,82.14968040,'Domino\'s, Shrikant Verma Marg, Bilaspur, Bilaspur Tahsil, Bilaspur, Chhattisgarh, 495004, India','0ed5bd53-4393-4020-be6a-48be5f84261e','2026-06-15 10:26:31','2026-06-15 10:26:31'),('48e91d46-d39f-4e2f-af0f-27a3d788420b','0d059894-2564-4e0f-93ef-855953f06751','2026-05-09 10:31:13',22.07167600,82.14957230,'Domino\'s, Shrikant Verma Marg, Bilaspur, Bilaspur Tahsil, Bilaspur, Chhattisgarh, 495004, India','0d059894-2564-4e0f-93ef-855953f06751','2026-05-09 10:31:13','2026-05-09 10:31:13'),('48ed84d9-52fd-4fcd-a547-2fda24a54b64','2abc2052-1982-4326-9faa-e39896c4777d','2026-06-27 09:53:54',22.07168420,82.14967480,'Domino\'s, Shrikant Verma Marg, Bilaspur, Bilaspur Tahsil, Bilaspur, Chhattisgarh, 495004, India','2abc2052-1982-4326-9faa-e39896c4777d','2026-06-27 09:53:54','2026-06-27 09:53:54'),('49236af9-4f52-4678-aba3-8b4845fec0a1','79d154db-7197-410b-815a-25321488575f','2026-06-05 11:04:53',22.07175750,82.14951680,'KFC, Shrikant Verma Marg, Bilaspur, Bilaspur Tahsil, Bilaspur, Chhattisgarh, 495004, India','79d154db-7197-410b-815a-25321488575f','2026-06-05 11:04:53','2026-06-05 11:04:53'),('49a3b5ce-40d8-4641-8309-021df0555c0a','2abc2052-1982-4326-9faa-e39896c4777d','2026-03-10 10:05:58',22.07164840,82.14966350,'Domino\'s, Shrikant Verma Marg, Bilaspur, Bilaspur Tahsil, Bilaspur, Chhattisgarh, 495004, India','2abc2052-1982-4326-9faa-e39896c4777d','2026-03-10 10:05:58','2026-03-10 10:05:58'),('49d330d8-9d93-4889-9b02-0a703a6355c2','a600d78f-37dd-4ad4-9897-7d5dfa5c33e7','2026-06-02 19:56:00',20.70742740,81.19473820,'Balod, Balod Tahsil, Balod, Chhattisgarh, 491226, India','a600d78f-37dd-4ad4-9897-7d5dfa5c33e7','2026-06-02 19:56:00','2026-06-02 19:56:00'),('4aa3d3be-ac77-47b2-973e-6ec60e5cded8','0d059894-2564-4e0f-93ef-855953f06751','2026-06-19 12:01:58',22.07169770,82.14960120,'Domino\'s, Shrikant Verma Marg, Bilaspur, Bilaspur Tahsil, Bilaspur, Chhattisgarh, 495004, India','0d059894-2564-4e0f-93ef-855953f06751','2026-06-19 12:01:58','2026-06-19 12:01:58'),('4b1a0723-8e89-4a31-8f3f-078a5a9d7022','1a1e4364-04cd-423f-ba1e-811c59fc76aa','2026-03-12 11:18:43',22.07163920,82.14945930,'KFC, Shrikant Verma Marg, Bilaspur, Bilaspur Tahsil, Bilaspur, Chhattisgarh, 495004, India','1a1e4364-04cd-423f-ba1e-811c59fc76aa','2026-03-12 11:18:43','2026-03-12 11:18:43'),('4b6a141f-0427-4bdb-91dd-477ce4c968df','79d154db-7197-410b-815a-25321488575f','2026-05-01 10:41:56',22.15190820,81.07805270,'NH30, Chilpi, Bodla Tahsil, Kabirdham, Chhattisgarh, India','79d154db-7197-410b-815a-25321488575f','2026-05-01 10:41:56','2026-05-01 10:41:56'),('4b78f752-2150-4fc3-b8ab-4343dcdb6173','1a1e4364-04cd-423f-ba1e-811c59fc76aa','2026-05-22 09:58:24',22.07165580,82.14962150,'Domino\'s, Shrikant Verma Marg, Bilaspur, Bilaspur Tahsil, Bilaspur, Chhattisgarh, 495004, India','1a1e4364-04cd-423f-ba1e-811c59fc76aa','2026-05-22 09:58:24','2026-05-22 09:58:24'),('4c0a753e-c6e8-4a1f-aa8a-7c2fe28ba498','1a1e4364-04cd-423f-ba1e-811c59fc76aa','2026-06-16 09:59:43',22.07177900,82.14933690,'KFC, Shrikant Verma Marg, Bilaspur, Bilaspur Tahsil, Bilaspur, Chhattisgarh, 495004, India','1a1e4364-04cd-423f-ba1e-811c59fc76aa','2026-06-16 09:59:43','2026-06-16 09:59:43'),('4c1bfac0-201e-449b-90c0-3771e8409b9f','2abc2052-1982-4326-9faa-e39896c4777d','2026-06-25 09:57:48',22.07178610,82.14930370,'KFC, Shrikant Verma Marg, Bilaspur, Bilaspur Tahsil, Bilaspur, Chhattisgarh, 495004, India','2abc2052-1982-4326-9faa-e39896c4777d','2026-06-25 09:57:48','2026-06-25 09:57:48'),('4c451306-8527-40a6-9249-91fac65aa0fc','1a1e4364-04cd-423f-ba1e-811c59fc76aa','2026-04-04 09:59:43',22.07174510,82.14973620,'Domino\'s, Shrikant Verma Marg, Bilaspur, Bilaspur Tahsil, Bilaspur, Chhattisgarh, 495004, India','1a1e4364-04cd-423f-ba1e-811c59fc76aa','2026-04-04 09:59:43','2026-04-04 09:59:43'),('4c894bcd-591a-4413-8f42-deb2371ee035','2abc2052-1982-4326-9faa-e39896c4777d','2026-04-15 10:00:32',22.07173450,82.14935440,'KFC, Shrikant Verma Marg, Bilaspur, Bilaspur Tahsil, Bilaspur, Chhattisgarh, 495004, India','2abc2052-1982-4326-9faa-e39896c4777d','2026-04-15 10:00:32','2026-04-15 10:00:32'),('4cfc1142-1173-4904-90ea-f0b9487639a2','0d059894-2564-4e0f-93ef-855953f06751','2026-05-14 10:38:17',22.07166860,82.14957650,'Domino\'s, Shrikant Verma Marg, Bilaspur, Bilaspur Tahsil, Bilaspur, Chhattisgarh, 495004, India','0d059894-2564-4e0f-93ef-855953f06751','2026-05-14 10:38:17','2026-05-14 10:38:17'),('4d94cb41-3a20-4d1c-82b8-d32d4d818c74','79d154db-7197-410b-815a-25321488575f','2026-06-12 10:23:15',22.07174240,82.14955340,'Domino\'s, Shrikant Verma Marg, Bilaspur, Bilaspur Tahsil, Bilaspur, Chhattisgarh, 495004, India','79d154db-7197-410b-815a-25321488575f','2026-06-12 10:23:15','2026-06-12 10:23:15'),('4ec7196c-8328-4d1f-97d2-8afda952af16','7f311153-8c6f-4805-b209-9373d13b7fbb','2026-06-30 10:40:19',22.07169480,82.14962540,'Domino\'s, Shrikant Verma Marg, Bilaspur, Bilaspur Tahsil, Bilaspur, Chhattisgarh, 495004, India','7f311153-8c6f-4805-b209-9373d13b7fbb','2026-06-30 10:40:19','2026-06-30 10:40:19'),('4f97dc08-3abb-411d-85c6-da5531133bc5','628c246c-3005-4619-b4db-facb426ee0cd','2026-05-09 10:31:35',22.07153370,82.14956720,'Domino\'s, Shrikant Verma Marg, Bilaspur, Bilaspur Tahsil, Bilaspur, Chhattisgarh, 495004, India','628c246c-3005-4619-b4db-facb426ee0cd','2026-05-09 10:31:35','2026-05-09 10:31:35'),('5004e9f1-ac20-4d57-b4f5-82614e595cfe','c1916fe0-250b-4eb7-86f8-8ac5f330b190','2026-06-26 11:00:10',22.07208680,82.14945370,'PVR Cinemas, Shrikant Verma Marg, Bilaspur, Bilaspur Tahsil, Bilaspur, Chhattisgarh, 495004, India','c1916fe0-250b-4eb7-86f8-8ac5f330b190','2026-06-26 11:00:10','2026-06-26 11:00:10'),('5093b173-2678-4ad1-875d-d1deb7f45568','628c246c-3005-4619-b4db-facb426ee0cd','2026-05-20 10:27:09',22.07166670,82.14957960,'Domino\'s, Shrikant Verma Marg, Bilaspur, Bilaspur Tahsil, Bilaspur, Chhattisgarh, 495004, India','628c246c-3005-4619-b4db-facb426ee0cd','2026-05-20 10:27:09','2026-05-20 10:27:09'),('5179d02b-81cc-41bd-a16d-f29dd9433fa6','2abc2052-1982-4326-9faa-e39896c4777d','2026-04-10 10:15:09',22.07167030,82.14959430,'Domino\'s, Shrikant Verma Marg, Bilaspur, Bilaspur Tahsil, Bilaspur, Chhattisgarh, 495004, India','2abc2052-1982-4326-9faa-e39896c4777d','2026-04-10 10:15:09','2026-04-10 10:15:09'),('5194e3ac-db6a-49d2-9466-7d73c8a81393','2abc2052-1982-4326-9faa-e39896c4777d','2026-07-04 09:57:04',22.07155540,82.14985060,'McDonald\'s, Shrikant Verma Marg, Bilaspur, Bilaspur Tahsil, Bilaspur, Chhattisgarh, 495004, India','2abc2052-1982-4326-9faa-e39896c4777d','2026-07-04 09:57:04','2026-07-04 09:57:04'),('51c8d513-2d36-4262-b3b9-def690b79cac','0d059894-2564-4e0f-93ef-855953f06751','2026-07-07 10:15:48',22.07178890,82.14934800,'KFC, Shrikant Verma Marg, Bilaspur, Bilaspur Tahsil, Bilaspur, Chhattisgarh, 495004, India','0d059894-2564-4e0f-93ef-855953f06751','2026-07-07 10:15:48','2026-07-07 10:15:48'),('525c7110-3921-4233-a798-4a785f641f7c','1a1e4364-04cd-423f-ba1e-811c59fc76aa','2026-02-20 09:46:01',22.07166690,82.14967500,'Domino\'s, Shrikant Verma Marg, Bilaspur, Bilaspur Tahsil, Bilaspur, Chhattisgarh, 495004, India','1a1e4364-04cd-423f-ba1e-811c59fc76aa','2026-02-20 09:46:01','2026-02-20 09:46:01'),('5297c3f4-c161-40fc-bc7d-789c1ab3a077','0d059894-2564-4e0f-93ef-855953f06751','2026-02-18 10:17:14',22.07168500,82.14953300,'Domino\'s, Shrikant Verma Marg, Bilaspur, Bilaspur Tahsil, Bilaspur, Chhattisgarh, 495004, India','0d059894-2564-4e0f-93ef-855953f06751','2026-02-18 10:17:14','2026-02-18 10:17:14'),('52b160c3-df29-4ec5-b59c-57f6a07a36b5','1a1e4364-04cd-423f-ba1e-811c59fc76aa','2026-03-31 10:13:34',22.07168690,82.14964160,'Domino\'s, Shrikant Verma Marg, Bilaspur, Bilaspur Tahsil, Bilaspur, Chhattisgarh, 495004, India','1a1e4364-04cd-423f-ba1e-811c59fc76aa','2026-03-31 10:13:34','2026-03-31 10:13:34'),('531314fa-1438-43d8-af4d-9cf8bd5c6a77','1a1e4364-04cd-423f-ba1e-811c59fc76aa','2026-04-22 10:14:01',22.07165790,82.14969190,'Domino\'s, Shrikant Verma Marg, Bilaspur, Bilaspur Tahsil, Bilaspur, Chhattisgarh, 495004, India','1a1e4364-04cd-423f-ba1e-811c59fc76aa','2026-04-22 10:14:01','2026-04-22 10:14:01'),('539f7a2b-9241-4c7c-aa5d-0ec0149f6209','a600d78f-37dd-4ad4-9897-7d5dfa5c33e7','2026-05-21 15:14:26',22.02141140,82.20351590,'Bilaspur, Bilaspur Tahsil, Bilaspur, Chhattisgarh, 495004, India','a600d78f-37dd-4ad4-9897-7d5dfa5c33e7','2026-05-21 15:14:26','2026-05-21 15:14:26'),('544b3be3-0f1f-449e-b695-1f94548b19dd','aaf288a3-fe5f-4844-a15f-6994d10517e1','2026-06-29 09:45:51',22.07167220,82.14964130,'Domino\'s, Shrikant Verma Marg, Bilaspur, Bilaspur Tahsil, Bilaspur, Chhattisgarh, 495004, India','aaf288a3-fe5f-4844-a15f-6994d10517e1','2026-06-29 09:45:51','2026-06-29 09:45:51'),('54641c55-1f67-49d2-b303-9937f6c8436b','2abc2052-1982-4326-9faa-e39896c4777d','2026-04-04 10:14:40',22.07163330,82.14946420,'KFC, Shrikant Verma Marg, Bilaspur, Bilaspur Tahsil, Bilaspur, Chhattisgarh, 495004, India','2abc2052-1982-4326-9faa-e39896c4777d','2026-04-04 10:14:40','2026-04-04 10:14:40'),('54823a6d-df16-412a-809f-f1e8577df0e8','1a1e4364-04cd-423f-ba1e-811c59fc76aa','2026-07-22 10:10:30',22.07158530,82.14987380,'McDonald\'s, Shrikant Verma Marg, Bilaspur, Bilaspur Tahsil, Bilaspur, Chhattisgarh, 495004, India','1a1e4364-04cd-423f-ba1e-811c59fc76aa','2026-07-22 10:10:30','2026-07-22 10:10:30'),('54e0df0c-6ac1-4cca-b74c-2fa9cc7d98ae','628c246c-3005-4619-b4db-facb426ee0cd','2026-06-27 10:30:50',22.07186220,82.14904360,'KFC, Shrikant Verma Marg, Bilaspur, Bilaspur Tahsil, Bilaspur, Chhattisgarh, 495004, India','628c246c-3005-4619-b4db-facb426ee0cd','2026-06-27 10:30:50','2026-06-27 10:30:50'),('559e697d-9e73-4a0d-9f2e-cf41d0202c97','0d059894-2564-4e0f-93ef-855953f06751','2026-06-27 10:22:43',22.07166000,82.14953420,'Domino\'s, Shrikant Verma Marg, Bilaspur, Bilaspur Tahsil, Bilaspur, Chhattisgarh, 495004, India','0d059894-2564-4e0f-93ef-855953f06751','2026-06-27 10:22:43','2026-06-27 10:22:43'),('56cb65e6-2b29-4715-a996-8e8ebfb30f3a','1a1e4364-04cd-423f-ba1e-811c59fc76aa','2026-07-04 17:53:54',22.07168760,82.14967170,'Domino\'s, Shrikant Verma Marg, Bilaspur, Bilaspur Tahsil, Bilaspur, Chhattisgarh, 495004, India','1a1e4364-04cd-423f-ba1e-811c59fc76aa','2026-07-04 17:53:54','2026-07-04 17:53:54'),('56e70b10-bcfb-457b-930a-ed528e233656','0d059894-2564-4e0f-93ef-855953f06751','2026-07-14 11:10:49',22.07166890,82.14948420,'KFC, Shrikant Verma Marg, Bilaspur, Bilaspur Tahsil, Bilaspur, Chhattisgarh, 495004, India','0d059894-2564-4e0f-93ef-855953f06751','2026-07-14 11:10:49','2026-07-14 11:10:49'),('5730e57f-1128-48e2-abd5-e2b5d1595b02','6c78afb3-e659-4650-8d6f-f99bd8678087','2026-05-29 18:09:44',22.07168120,82.14954650,'Domino\'s, Shrikant Verma Marg, Bilaspur, Bilaspur Tahsil, Bilaspur, Chhattisgarh, 495004, India','6c78afb3-e659-4650-8d6f-f99bd8678087','2026-05-29 18:09:44','2026-05-29 18:09:44'),('5782e806-848d-4f3f-ace1-e449ba238766','b44fbe57-0502-4444-ad26-4a86c8ede58d','2026-05-18 10:07:17',22.07175810,82.14957550,'Domino\'s, Shrikant Verma Marg, Bilaspur, Bilaspur Tahsil, Bilaspur, Chhattisgarh, 495004, India','b44fbe57-0502-4444-ad26-4a86c8ede58d','2026-05-18 10:07:17','2026-05-18 10:07:17'),('5801113f-4a50-4602-bed9-b6d59308f5eb','79d154db-7197-410b-815a-25321488575f','2026-06-29 10:55:37',22.07175300,82.14934480,'KFC, Shrikant Verma Marg, Bilaspur, Bilaspur Tahsil, Bilaspur, Chhattisgarh, 495004, India','79d154db-7197-410b-815a-25321488575f','2026-06-29 10:55:37','2026-06-29 10:55:37'),('586e5509-c89d-4c1b-9c73-caf8ff249b8f','aaf288a3-fe5f-4844-a15f-6994d10517e1','2026-06-22 09:38:15',22.07168320,82.14965840,'Domino\'s, Shrikant Verma Marg, Bilaspur, Bilaspur Tahsil, Bilaspur, Chhattisgarh, 495004, India','aaf288a3-fe5f-4844-a15f-6994d10517e1','2026-06-22 09:38:15','2026-06-22 09:38:15'),('593b0874-f0e8-4de4-8e1e-9e2f5b34d9eb','628c246c-3005-4619-b4db-facb426ee0cd','2026-06-25 10:18:35',22.07207010,82.14977490,'McDonald\'s, Shrikant Verma Marg, Bilaspur, Bilaspur Tahsil, Bilaspur, Chhattisgarh, 495004, India','628c246c-3005-4619-b4db-facb426ee0cd','2026-06-25 10:18:35','2026-06-25 10:18:35'),('59769aa0-7905-4938-8609-bb944869427b','a600d78f-37dd-4ad4-9897-7d5dfa5c33e7','2026-07-02 16:42:55',23.44331590,85.55268570,'MDR023, Sakarpārā, Angara, Ranchi, Jharkhand, 835104, India','a600d78f-37dd-4ad4-9897-7d5dfa5c33e7','2026-07-02 16:42:55','2026-07-02 16:42:55'),('59bbae88-f0c3-4995-af67-85045d609a1d','6c78afb3-e659-4650-8d6f-f99bd8678087','2026-02-17 10:04:32',22.07163560,82.14965810,'Domino\'s, Shrikant Verma Marg, Bilaspur, Bilaspur Tahsil, Bilaspur, Chhattisgarh, 495004, India','6c78afb3-e659-4650-8d6f-f99bd8678087','2026-02-17 10:04:32','2026-02-17 10:04:32'),('5af9bd0e-e32c-475c-9e5c-cc1b708b2687','ebd49fcc-cdb6-45c3-bd7b-27f7bcdefa18','2026-02-26 10:26:32',22.07171770,82.14953810,'Domino\'s, Shrikant Verma Marg, Bilaspur, Bilaspur Tahsil, Bilaspur, Chhattisgarh, 495004, India','ebd49fcc-cdb6-45c3-bd7b-27f7bcdefa18','2026-02-26 10:26:32','2026-02-26 10:26:32'),('5afee6ad-eadc-4b46-a8a9-53de54317c7d','2abc2052-1982-4326-9faa-e39896c4777d','2026-03-27 10:08:30',22.07165220,82.14945930,'KFC, Shrikant Verma Marg, Bilaspur, Bilaspur Tahsil, Bilaspur, Chhattisgarh, 495004, India','2abc2052-1982-4326-9faa-e39896c4777d','2026-03-27 10:08:30','2026-03-27 10:08:30'),('5b6d107f-a548-417c-857f-94910d23f9c7','f5ceb75a-ef68-40fc-8628-3b0ea6085e3c','2026-05-04 10:44:47',22.07168630,82.14962600,'Domino\'s, Shrikant Verma Marg, Bilaspur, Bilaspur Tahsil, Bilaspur, Chhattisgarh, 495004, India','f5ceb75a-ef68-40fc-8628-3b0ea6085e3c','2026-05-04 10:44:47','2026-05-04 10:44:47'),('5bc53d17-2f16-4798-a2dd-e855ec4d4308','628c246c-3005-4619-b4db-facb426ee0cd','2026-07-15 10:23:16',22.07166820,82.14966400,'Domino\'s, Shrikant Verma Marg, Bilaspur, Bilaspur Tahsil, Bilaspur, Chhattisgarh, 495004, India','628c246c-3005-4619-b4db-facb426ee0cd','2026-07-15 10:23:16','2026-07-15 10:23:16'),('5c8022c3-1ea2-4a0a-a6ed-299a2c23cc15','ebd49fcc-cdb6-45c3-bd7b-27f7bcdefa18','2026-04-30 10:52:18',22.07176160,82.14961790,'Domino\'s, Shrikant Verma Marg, Bilaspur, Bilaspur Tahsil, Bilaspur, Chhattisgarh, 495004, India','ebd49fcc-cdb6-45c3-bd7b-27f7bcdefa18','2026-04-30 10:52:18','2026-04-30 10:52:18'),('5cb2c37f-3455-4940-beb6-ebc1cf7c2252','0ed5bd53-4393-4020-be6a-48be5f84261e','2026-07-16 10:18:40',22.07237150,82.14968230,'Bilaspur, Bilaspur Tahsil, Bilaspur, Chhattisgarh, 495004, India','0ed5bd53-4393-4020-be6a-48be5f84261e','2026-07-16 10:18:40','2026-07-16 10:18:40'),('5cca9dbe-3e7c-4675-a9d4-b885dde0b5d5','628c246c-3005-4619-b4db-facb426ee0cd','2026-07-01 10:39:39',22.07160856,82.14966087,'Domino\'s, Shrikant Verma Marg, Bilaspur, Bilaspur Tahsil, Bilaspur, Chhattisgarh, 495004, India','628c246c-3005-4619-b4db-facb426ee0cd','2026-07-01 10:39:39','2026-07-01 10:39:39'),('5cd041be-89fc-4108-95d4-5640b09da640','c1916fe0-250b-4eb7-86f8-8ac5f330b190','2026-02-17 10:24:02',22.07169240,82.14953290,'Domino\'s, Shrikant Verma Marg, Bilaspur, Bilaspur Tahsil, Bilaspur, Chhattisgarh, 495004, India','c1916fe0-250b-4eb7-86f8-8ac5f330b190','2026-02-17 10:24:02','2026-02-17 10:24:02'),('5ddc875b-3a49-4858-bda5-2252587fd741','628c246c-3005-4619-b4db-facb426ee0cd','2026-05-19 10:36:53',22.07178510,82.14925400,'KFC, Shrikant Verma Marg, Bilaspur, Bilaspur Tahsil, Bilaspur, Chhattisgarh, 495004, India','628c246c-3005-4619-b4db-facb426ee0cd','2026-05-19 10:36:53','2026-05-19 10:36:53'),('5de21e2e-08cf-46dd-b473-5510e5e534f5',NULL,'2026-05-01 12:02:22',22.07167370,82.14948120,'KFC, Shrikant Verma Marg, Bilaspur, Bilaspur Tahsil, Bilaspur, Chhattisgarh, 495004, India','a4831586-7048-4e87-a21b-6922f76f0244','2026-05-01 12:02:22','2026-05-01 12:02:22'),('5eef9c4e-44d9-434e-8b64-74efa4e78fdb','79d154db-7197-410b-815a-25321488575f','2026-02-26 11:40:43',22.07184850,82.14903420,'KFC, Shrikant Verma Marg, Bilaspur, Bilaspur Tahsil, Bilaspur, Chhattisgarh, 495004, India','79d154db-7197-410b-815a-25321488575f','2026-02-26 11:40:43','2026-02-26 11:40:43'),('5f0e5cec-a5e1-4345-8f25-c9ae2ad48455','6c78afb3-e659-4650-8d6f-f99bd8678087','2026-02-24 10:28:43',22.07163460,82.14963640,'Domino\'s, Shrikant Verma Marg, Bilaspur, Bilaspur Tahsil, Bilaspur, Chhattisgarh, 495004, India','6c78afb3-e659-4650-8d6f-f99bd8678087','2026-02-24 10:28:43','2026-02-24 10:28:43'),('5f7121b8-544f-4a28-b3a4-ac32147950b3','aaf288a3-fe5f-4844-a15f-6994d10517e1','2026-06-08 09:49:58',22.07167020,82.14957050,'Domino\'s, Shrikant Verma Marg, Bilaspur, Bilaspur Tahsil, Bilaspur, Chhattisgarh, 495004, India','aaf288a3-fe5f-4844-a15f-6994d10517e1','2026-06-08 09:49:58','2026-06-08 09:49:58'),('5f7ac6b2-28bd-4bd2-9047-7e8ff83dc43e','1a1e4364-04cd-423f-ba1e-811c59fc76aa','2026-05-18 09:46:17',22.07167390,82.14952850,'Domino\'s, Shrikant Verma Marg, Bilaspur, Bilaspur Tahsil, Bilaspur, Chhattisgarh, 495004, India','1a1e4364-04cd-423f-ba1e-811c59fc76aa','2026-05-18 09:46:17','2026-05-18 09:46:17'),('5fc1f9c1-4ff7-4b26-b906-fa1d2b214c1f','0d059894-2564-4e0f-93ef-855953f06751','2026-02-25 10:24:10',22.07164780,82.14964510,'Domino\'s, Shrikant Verma Marg, Bilaspur, Bilaspur Tahsil, Bilaspur, Chhattisgarh, 495004, India','0d059894-2564-4e0f-93ef-855953f06751','2026-02-25 10:24:10','2026-02-25 10:24:10'),('609fc575-e253-44fe-96b3-b1f56e00ff67','f39e0437-03b6-485a-aafe-143e86d29935','2026-06-04 10:05:19',22.07167540,82.14960260,'Domino\'s, Shrikant Verma Marg, Bilaspur, Bilaspur Tahsil, Bilaspur, Chhattisgarh, 495004, India','f39e0437-03b6-485a-aafe-143e86d29935','2026-06-04 10:05:19','2026-06-04 10:05:19'),('60ce70f8-d562-40aa-9c97-1ba521d2bdb8','2abc2052-1982-4326-9faa-e39896c4777d','2026-05-26 10:05:08',22.07176950,82.14937030,'KFC, Shrikant Verma Marg, Bilaspur, Bilaspur Tahsil, Bilaspur, Chhattisgarh, 495004, India','2abc2052-1982-4326-9faa-e39896c4777d','2026-05-26 10:05:08','2026-05-26 10:05:08'),('60dd9202-f6a0-440f-a6ad-83c7d9158eb1','2abc2052-1982-4326-9faa-e39896c4777d','2026-04-01 10:05:45',22.07174020,82.14934030,'KFC, Shrikant Verma Marg, Bilaspur, Bilaspur Tahsil, Bilaspur, Chhattisgarh, 495004, India','2abc2052-1982-4326-9faa-e39896c4777d','2026-04-01 10:05:45','2026-04-01 10:05:45'),('60f49642-d265-4c1b-81d7-bf3de7b9fe6d','f39e0437-03b6-485a-aafe-143e86d29935','2026-07-02 10:08:57',22.07171110,82.14950360,'KFC, Shrikant Verma Marg, Bilaspur, Bilaspur Tahsil, Bilaspur, Chhattisgarh, 495004, India','f39e0437-03b6-485a-aafe-143e86d29935','2026-07-02 10:08:57','2026-07-02 10:08:57'),('61179334-0782-48f3-8b34-cca3777b116d','1a1e4364-04cd-423f-ba1e-811c59fc76aa','2026-05-30 09:53:52',22.07166350,82.14955800,'Domino\'s, Shrikant Verma Marg, Bilaspur, Bilaspur Tahsil, Bilaspur, Chhattisgarh, 495004, India','1a1e4364-04cd-423f-ba1e-811c59fc76aa','2026-05-30 09:53:52','2026-05-30 09:53:52'),('615533b5-f933-4302-a4b3-3c48cdec4bbc','2abc2052-1982-4326-9faa-e39896c4777d','2026-03-19 09:51:23',22.07174810,82.14933390,'KFC, Shrikant Verma Marg, Bilaspur, Bilaspur Tahsil, Bilaspur, Chhattisgarh, 495004, India','2abc2052-1982-4326-9faa-e39896c4777d','2026-03-19 09:51:23','2026-03-19 09:51:23'),('61c3d140-937a-477b-b78a-7bc16734e86c','1a1e4364-04cd-423f-ba1e-811c59fc76aa','2026-02-21 09:49:01',22.07163750,82.14967040,'Domino\'s, Shrikant Verma Marg, Bilaspur, Bilaspur Tahsil, Bilaspur, Chhattisgarh, 495004, India','1a1e4364-04cd-423f-ba1e-811c59fc76aa','2026-02-21 09:49:01','2026-02-21 09:49:01'),('620ceb4b-ba8f-4c5b-9807-46acfe1a141d','0d059894-2564-4e0f-93ef-855953f06751','2026-07-21 10:34:29',22.07167350,82.14958690,'Domino\'s, Shrikant Verma Marg, Bilaspur, Bilaspur Tahsil, Bilaspur, Chhattisgarh, 495004, India','0d059894-2564-4e0f-93ef-855953f06751','2026-07-21 10:34:29','2026-07-21 10:34:29'),('620fc770-8f77-4b40-bbd4-d173919d9a14','2abc2052-1982-4326-9faa-e39896c4777d','2026-04-23 10:06:13',22.07175730,82.14937030,'KFC, Shrikant Verma Marg, Bilaspur, Bilaspur Tahsil, Bilaspur, Chhattisgarh, 495004, India','2abc2052-1982-4326-9faa-e39896c4777d','2026-04-23 10:06:13','2026-04-23 10:06:13'),('62343a81-034d-4267-a0f5-2daa3dec9624','628c246c-3005-4619-b4db-facb426ee0cd','2026-06-13 10:21:49',22.07177700,82.14935030,'KFC, Shrikant Verma Marg, Bilaspur, Bilaspur Tahsil, Bilaspur, Chhattisgarh, 495004, India','628c246c-3005-4619-b4db-facb426ee0cd','2026-06-13 10:21:49','2026-06-13 10:21:49'),('628884b4-0b33-4fe9-b3fa-ade04249a520','79d154db-7197-410b-815a-25321488575f','2026-05-12 10:11:49',22.07176310,82.14948880,'KFC, Shrikant Verma Marg, Bilaspur, Bilaspur Tahsil, Bilaspur, Chhattisgarh, 495004, India','79d154db-7197-410b-815a-25321488575f','2026-05-12 10:11:49','2026-05-12 10:11:49'),('62dbdbc2-142d-4c09-bd17-297855e1891d','a600d78f-37dd-4ad4-9897-7d5dfa5c33e7','2026-06-04 09:27:07',20.72256690,81.19731240,'NH930, Balod, Balod Tahsil, Balod, Chhattisgarh, 491226, India','a600d78f-37dd-4ad4-9897-7d5dfa5c33e7','2026-06-04 09:27:07','2026-06-04 09:27:07'),('63c2f241-6f38-4d75-a539-7a21c71ca4e0','1a1e4364-04cd-423f-ba1e-811c59fc76aa','2026-03-10 09:43:37',22.07163430,82.14965930,'Domino\'s, Shrikant Verma Marg, Bilaspur, Bilaspur Tahsil, Bilaspur, Chhattisgarh, 495004, India','1a1e4364-04cd-423f-ba1e-811c59fc76aa','2026-03-10 09:43:37','2026-03-10 09:43:37'),('63f5d66d-0976-4de0-bc9e-1cb1eace9a79','f39e0437-03b6-485a-aafe-143e86d29935','2026-06-24 10:10:47',22.07168710,82.14950000,'KFC, Shrikant Verma Marg, Bilaspur, Bilaspur Tahsil, Bilaspur, Chhattisgarh, 495004, India','f39e0437-03b6-485a-aafe-143e86d29935','2026-06-24 10:10:47','2026-06-24 10:10:47'),('64663914-b3c5-49a5-8518-ca487e793969','ebd49fcc-cdb6-45c3-bd7b-27f7bcdefa18','2026-02-24 11:10:54',22.07164890,82.14964390,'Domino\'s, Shrikant Verma Marg, Bilaspur, Bilaspur Tahsil, Bilaspur, Chhattisgarh, 495004, India','ebd49fcc-cdb6-45c3-bd7b-27f7bcdefa18','2026-02-24 11:10:54','2026-02-24 11:10:54'),('646b29b0-8fc7-42db-8fcb-bfe6f04c7a25','f39e0437-03b6-485a-aafe-143e86d29935','2026-07-14 10:01:25',22.07166640,82.14953350,'Domino\'s, Shrikant Verma Marg, Bilaspur, Bilaspur Tahsil, Bilaspur, Chhattisgarh, 495004, India','f39e0437-03b6-485a-aafe-143e86d29935','2026-07-14 10:01:25','2026-07-14 10:01:25'),('64bfd37b-fa63-4490-8a07-cc4fd91f60e9','0d059894-2564-4e0f-93ef-855953f06751','2026-03-18 10:33:59',22.07163680,82.14947430,'KFC, Shrikant Verma Marg, Bilaspur, Bilaspur Tahsil, Bilaspur, Chhattisgarh, 495004, India','0d059894-2564-4e0f-93ef-855953f06751','2026-03-18 10:33:59','2026-03-18 10:33:59'),('64e30e5d-45cf-474b-9f49-0f60c025c0ad','2abc2052-1982-4326-9faa-e39896c4777d','2026-06-13 10:03:36',22.07179320,82.14934820,'KFC, Shrikant Verma Marg, Bilaspur, Bilaspur Tahsil, Bilaspur, Chhattisgarh, 495004, India','2abc2052-1982-4326-9faa-e39896c4777d','2026-06-13 10:03:36','2026-06-13 10:03:36'),('6523e6d2-6573-4cf7-8e8c-bcfeaa140c77','2abc2052-1982-4326-9faa-e39896c4777d','2026-07-15 09:55:35',22.07160900,82.14981270,'McDonald\'s, Shrikant Verma Marg, Bilaspur, Bilaspur Tahsil, Bilaspur, Chhattisgarh, 495004, India','2abc2052-1982-4326-9faa-e39896c4777d','2026-07-15 09:55:35','2026-07-15 09:55:35'),('6533ed70-8281-4ace-a9e7-1e65c32ceffa','628c246c-3005-4619-b4db-facb426ee0cd','2026-06-05 11:04:18',22.07167520,82.14962480,'Domino\'s, Shrikant Verma Marg, Bilaspur, Bilaspur Tahsil, Bilaspur, Chhattisgarh, 495004, India','628c246c-3005-4619-b4db-facb426ee0cd','2026-06-05 11:04:18','2026-06-05 11:04:18'),('65575aa8-0906-4666-b876-ce6552ceb891','628c246c-3005-4619-b4db-facb426ee0cd','2026-05-27 10:25:45',22.07166260,82.14959050,'Domino\'s, Shrikant Verma Marg, Bilaspur, Bilaspur Tahsil, Bilaspur, Chhattisgarh, 495004, India','628c246c-3005-4619-b4db-facb426ee0cd','2026-05-27 10:25:45','2026-05-27 10:25:45'),('6592afb0-a4c3-4d7c-914c-9e8acae39251','628c246c-3005-4619-b4db-facb426ee0cd','2026-06-08 10:33:32',22.07176840,82.14935550,'KFC, Shrikant Verma Marg, Bilaspur, Bilaspur Tahsil, Bilaspur, Chhattisgarh, 495004, India','628c246c-3005-4619-b4db-facb426ee0cd','2026-06-08 10:33:32','2026-06-08 10:33:32'),('65e2db25-f379-4edb-8fbc-31dae8ecd3ac','c1916fe0-250b-4eb7-86f8-8ac5f330b190','2026-02-21 10:50:02',22.07171230,82.14952190,'KFC, Shrikant Verma Marg, Bilaspur, Bilaspur Tahsil, Bilaspur, Chhattisgarh, 495004, India','c1916fe0-250b-4eb7-86f8-8ac5f330b190','2026-02-21 10:50:02','2026-02-21 10:50:02'),('6624cb31-310a-4fe4-b573-c2e6c6463323','aaf288a3-fe5f-4844-a15f-6994d10517e1','2026-06-25 10:06:06',22.07167210,82.14958610,'Domino\'s, Shrikant Verma Marg, Bilaspur, Bilaspur Tahsil, Bilaspur, Chhattisgarh, 495004, India','aaf288a3-fe5f-4844-a15f-6994d10517e1','2026-06-25 10:06:06','2026-06-25 10:06:06'),('668121af-eb73-4b72-9507-9ffef046088e','0d059894-2564-4e0f-93ef-855953f06751','2026-06-20 10:44:57',22.07156190,82.14981909,'McDonald\'s, Shrikant Verma Marg, Bilaspur, Bilaspur Tahsil, Bilaspur, Chhattisgarh, 495004, India','0d059894-2564-4e0f-93ef-855953f06751','2026-06-20 10:44:57','2026-06-20 10:44:57'),('66b7eddd-dca4-4c29-8015-c478373a65f5','e4104e9d-ef01-4a6d-886f-6cb2766e7b1d','2026-02-24 12:05:30',22.07166680,82.14963100,'Domino\'s, Shrikant Verma Marg, Bilaspur, Bilaspur Tahsil, Bilaspur, Chhattisgarh, 495004, India','e4104e9d-ef01-4a6d-886f-6cb2766e7b1d','2026-02-24 12:05:30','2026-02-24 12:05:30'),('66cb7212-c1f4-4a45-b425-9c51de8b08b4','1a1e4364-04cd-423f-ba1e-811c59fc76aa','2026-03-07 09:46:36',22.07163200,82.14966440,'Domino\'s, Shrikant Verma Marg, Bilaspur, Bilaspur Tahsil, Bilaspur, Chhattisgarh, 495004, India','1a1e4364-04cd-423f-ba1e-811c59fc76aa','2026-03-07 09:46:36','2026-03-07 09:46:36'),('677cae73-e5ba-4b71-8132-f9b9860512e2','1a1e4364-04cd-423f-ba1e-811c59fc76aa','2026-06-23 09:47:08',22.07178810,82.14933660,'KFC, Shrikant Verma Marg, Bilaspur, Bilaspur Tahsil, Bilaspur, Chhattisgarh, 495004, India','1a1e4364-04cd-423f-ba1e-811c59fc76aa','2026-06-23 09:47:08','2026-06-23 09:47:08'),('679768b0-a404-4e6b-a44e-257a78b39379','0d059894-2564-4e0f-93ef-855953f06751','2026-03-26 10:13:54',22.07166780,82.14960920,'Domino\'s, Shrikant Verma Marg, Bilaspur, Bilaspur Tahsil, Bilaspur, Chhattisgarh, 495004, India','0d059894-2564-4e0f-93ef-855953f06751','2026-03-26 10:13:54','2026-03-26 10:13:54'),('67a3ee2f-63ff-4534-a9b7-2c2e2c07ee2e','b44fbe57-0502-4444-ad26-4a86c8ede58d','2026-02-21 10:48:31',22.07171830,82.14955030,'Domino\'s, Shrikant Verma Marg, Bilaspur, Bilaspur Tahsil, Bilaspur, Chhattisgarh, 495004, India','b44fbe57-0502-4444-ad26-4a86c8ede58d','2026-02-21 10:48:31','2026-02-21 10:48:31'),('67d84956-12c8-4cad-936c-f78fadae9395',NULL,'2026-05-02 11:19:30',22.07169880,82.14923850,'KFC, Shrikant Verma Marg, Bilaspur, Bilaspur Tahsil, Bilaspur, Chhattisgarh, 495004, India','a4831586-7048-4e87-a21b-6922f76f0244','2026-05-02 11:19:30','2026-05-02 11:19:30'),('682287ab-e8f5-45e7-bd39-db25a202270a','f39e0437-03b6-485a-aafe-143e86d29935','2026-06-16 10:01:33',22.07173930,82.14934560,'KFC, Shrikant Verma Marg, Bilaspur, Bilaspur Tahsil, Bilaspur, Chhattisgarh, 495004, India','f39e0437-03b6-485a-aafe-143e86d29935','2026-06-16 10:01:33','2026-06-16 10:01:33'),('6842909e-fb48-493e-832c-5e86f2dbd51d','6c78afb3-e659-4650-8d6f-f99bd8678087','2026-06-11 11:53:34',22.07169140,82.14952250,'KFC, Shrikant Verma Marg, Bilaspur, Bilaspur Tahsil, Bilaspur, Chhattisgarh, 495004, India','6c78afb3-e659-4650-8d6f-f99bd8678087','2026-06-11 11:53:34','2026-06-11 11:53:34'),('68a15acc-f704-4121-a61a-1588b070afdf','a600d78f-37dd-4ad4-9897-7d5dfa5c33e7','2026-05-20 12:06:34',22.02635190,82.21536940,'NH49, Bilaspur, Bilaspur Tahsil, Bilaspur, Chhattisgarh, 495004, India','a600d78f-37dd-4ad4-9897-7d5dfa5c33e7','2026-05-20 12:06:34','2026-05-20 12:06:34'),('68b73ab5-1722-49a7-a5ca-da0344e8226c','e4104e9d-ef01-4a6d-886f-6cb2766e7b1d','2026-02-17 11:01:34',22.07169070,82.14958130,'Domino\'s, Shrikant Verma Marg, Bilaspur, Bilaspur Tahsil, Bilaspur, Chhattisgarh, 495004, India','e4104e9d-ef01-4a6d-886f-6cb2766e7b1d','2026-02-17 11:01:34','2026-02-17 11:01:34'),('68c3345f-3918-4dc6-82b3-d0ba23a1faca','c1916fe0-250b-4eb7-86f8-8ac5f330b190','2026-06-25 11:13:41',22.07182270,82.14962590,'Domino\'s, Shrikant Verma Marg, Bilaspur, Bilaspur Tahsil, Bilaspur, Chhattisgarh, 495004, India','c1916fe0-250b-4eb7-86f8-8ac5f330b190','2026-06-25 11:13:41','2026-06-25 11:13:41'),('691c5150-3dd1-42cd-bfc2-5fe423181350','a600d78f-37dd-4ad4-9897-7d5dfa5c33e7','2026-05-27 09:50:10',22.02482310,82.21435020,'NH49, Bilaspur, Bilaspur Tahsil, Bilaspur, Chhattisgarh, 495004, India','a600d78f-37dd-4ad4-9897-7d5dfa5c33e7','2026-05-27 09:50:10','2026-05-27 09:50:10'),('69455984-5671-4fa3-bb05-8a1a622471dd','2abc2052-1982-4326-9faa-e39896c4777d','2026-04-24 10:04:39',22.07161410,82.14963650,'Domino\'s, Shrikant Verma Marg, Bilaspur, Bilaspur Tahsil, Bilaspur, Chhattisgarh, 495004, India','2abc2052-1982-4326-9faa-e39896c4777d','2026-04-24 10:04:39','2026-04-24 10:04:39'),('695b22b9-a7dd-4021-973d-8842980068a5','1a1e4364-04cd-423f-ba1e-811c59fc76aa','2026-07-15 10:01:24',22.07165570,82.14956990,'Domino\'s, Shrikant Verma Marg, Bilaspur, Bilaspur Tahsil, Bilaspur, Chhattisgarh, 495004, India','1a1e4364-04cd-423f-ba1e-811c59fc76aa','2026-07-15 10:01:24','2026-07-15 10:01:24'),('696ef8f1-894c-4d0b-bf46-115686c27575','b44fbe57-0502-4444-ad26-4a86c8ede58d','2026-06-09 10:30:21',22.07179300,82.14944240,'KFC, Shrikant Verma Marg, Bilaspur, Bilaspur Tahsil, Bilaspur, Chhattisgarh, 495004, India','b44fbe57-0502-4444-ad26-4a86c8ede58d','2026-06-09 10:30:21','2026-06-09 10:30:21'),('6a0fa6b4-30c4-4955-a4db-558adc11df14','a600d78f-37dd-4ad4-9897-7d5dfa5c33e7','2026-06-13 10:24:31',21.91903760,82.06950740,'Bilha Tahsil, Bilaspur, Chhattisgarh, India','a600d78f-37dd-4ad4-9897-7d5dfa5c33e7','2026-06-13 10:24:31','2026-06-13 10:24:31'),('6a51d374-5b6e-488f-bbd9-33cce825eaca','0d059894-2564-4e0f-93ef-855953f06751','2026-06-15 12:50:19',22.07184000,82.14999167,'McDonald\'s, Shrikant Verma Marg, Bilaspur, Bilaspur Tahsil, Bilaspur, Chhattisgarh, 495004, India','0d059894-2564-4e0f-93ef-855953f06751','2026-06-15 12:50:19','2026-06-15 12:50:19'),('6aeb23da-0213-4135-a5cd-9e25af025858','0d059894-2564-4e0f-93ef-855953f06751','2026-02-28 10:32:59',22.07163430,82.14949820,'KFC, Shrikant Verma Marg, Bilaspur, Bilaspur Tahsil, Bilaspur, Chhattisgarh, 495004, India','0d059894-2564-4e0f-93ef-855953f06751','2026-02-28 10:32:59','2026-02-28 10:32:59'),('6bdb0e2c-d044-49db-9457-501177127a4c','b44fbe57-0502-4444-ad26-4a86c8ede58d','2026-02-19 12:44:09',22.07165690,82.14964940,'Domino\'s, Shrikant Verma Marg, Bilaspur, Bilaspur Tahsil, Bilaspur, Chhattisgarh, 495004, India','b44fbe57-0502-4444-ad26-4a86c8ede58d','2026-02-19 12:44:09','2026-02-19 12:44:09'),('6c47de0e-48c0-43dc-9500-a8b28803cde5','aaf288a3-fe5f-4844-a15f-6994d10517e1','2026-07-01 10:09:24',22.07169930,82.14963910,'Domino\'s, Shrikant Verma Marg, Bilaspur, Bilaspur Tahsil, Bilaspur, Chhattisgarh, 495004, India','aaf288a3-fe5f-4844-a15f-6994d10517e1','2026-07-01 10:09:24','2026-07-01 10:09:24'),('6c4bce66-28e4-4ad0-9dc0-5cef08e2600d','1a1e4364-04cd-423f-ba1e-811c59fc76aa','2026-04-01 09:41:44',22.07171250,82.14922760,'KFC, Shrikant Verma Marg, Bilaspur, Bilaspur Tahsil, Bilaspur, Chhattisgarh, 495004, India','1a1e4364-04cd-423f-ba1e-811c59fc76aa','2026-04-01 09:41:44','2026-04-01 09:41:44'),('6c75ba0d-4725-444d-ad87-c710c7d1bd81','a600d78f-37dd-4ad4-9897-7d5dfa5c33e7','2026-06-19 11:24:23',22.02144340,82.20345940,'Bilaspur, Bilaspur Tahsil, Bilaspur, Chhattisgarh, 495004, India','a600d78f-37dd-4ad4-9897-7d5dfa5c33e7','2026-06-19 11:24:23','2026-06-19 11:24:23'),('6c9845c3-9373-4c74-8386-32f5b519ca31','1a1e4364-04cd-423f-ba1e-811c59fc76aa','2026-03-09 15:58:56',22.07174220,82.14931620,'KFC, Shrikant Verma Marg, Bilaspur, Bilaspur Tahsil, Bilaspur, Chhattisgarh, 495004, India','1a1e4364-04cd-423f-ba1e-811c59fc76aa','2026-03-09 15:58:56','2026-03-09 15:58:56'),('6cbd596a-e3eb-449b-9a5c-7bea2c826ad4','f39e0437-03b6-485a-aafe-143e86d29935','2026-07-15 10:07:05',22.07168010,82.14948150,'KFC, Shrikant Verma Marg, Bilaspur, Bilaspur Tahsil, Bilaspur, Chhattisgarh, 495004, India','f39e0437-03b6-485a-aafe-143e86d29935','2026-07-15 10:07:05','2026-07-15 10:07:05'),('6d313b86-a839-462c-adea-b55cc1e8fb48','0d059894-2564-4e0f-93ef-855953f06751','2026-03-23 10:16:11',22.07166350,82.14952830,'Domino\'s, Shrikant Verma Marg, Bilaspur, Bilaspur Tahsil, Bilaspur, Chhattisgarh, 495004, India','0d059894-2564-4e0f-93ef-855953f06751','2026-03-23 10:16:11','2026-03-23 10:16:11'),('6daabb4c-9a7f-4dff-b65a-461698649a0b','6c78afb3-e659-4650-8d6f-f99bd8678087','2026-02-25 10:23:14',22.07164020,82.14965100,'Domino\'s, Shrikant Verma Marg, Bilaspur, Bilaspur Tahsil, Bilaspur, Chhattisgarh, 495004, India','6c78afb3-e659-4650-8d6f-f99bd8678087','2026-02-25 10:23:14','2026-02-25 10:23:14'),('6ddf1a73-6ef5-4c17-b885-cf52cff24a92','f39e0437-03b6-485a-aafe-143e86d29935','2026-07-13 11:07:35',22.07173860,82.14949120,'KFC, Shrikant Verma Marg, Bilaspur, Bilaspur Tahsil, Bilaspur, Chhattisgarh, 495004, India','f39e0437-03b6-485a-aafe-143e86d29935','2026-07-13 11:07:35','2026-07-13 11:07:35'),('6dfe30ef-afbf-4294-abae-ae23f75f5645','0d059894-2564-4e0f-93ef-855953f06751','2026-07-10 10:38:45',22.07169430,82.14962980,'Domino\'s, Shrikant Verma Marg, Bilaspur, Bilaspur Tahsil, Bilaspur, Chhattisgarh, 495004, India','0d059894-2564-4e0f-93ef-855953f06751','2026-07-10 10:38:45','2026-07-10 10:38:45'),('6e505aeb-bf3d-447d-9caf-353d04410e7f','2abc2052-1982-4326-9faa-e39896c4777d','2026-07-11 10:07:19',22.07186460,82.14907670,'KFC, Shrikant Verma Marg, Bilaspur, Bilaspur Tahsil, Bilaspur, Chhattisgarh, 495004, India','2abc2052-1982-4326-9faa-e39896c4777d','2026-07-11 10:07:19','2026-07-11 10:07:19'),('6fae0ca3-ed6d-434e-94cd-344deb4f92a9','7f311153-8c6f-4805-b209-9373d13b7fbb','2026-06-18 11:17:20',22.07169720,82.14958780,'Domino\'s, Shrikant Verma Marg, Bilaspur, Bilaspur Tahsil, Bilaspur, Chhattisgarh, 495004, India','7f311153-8c6f-4805-b209-9373d13b7fbb','2026-06-18 11:17:20','2026-06-18 11:17:20'),('6fd36a3e-2ef5-4cf7-8f30-c2dc11b03cba','79d154db-7197-410b-815a-25321488575f','2026-06-20 10:47:39',22.07174800,82.14955670,'Domino\'s, Shrikant Verma Marg, Bilaspur, Bilaspur Tahsil, Bilaspur, Chhattisgarh, 495004, India','79d154db-7197-410b-815a-25321488575f','2026-06-20 10:47:39','2026-06-20 10:47:39'),('6fdb2840-ca95-416f-aec1-c007299a62c1','b44fbe57-0502-4444-ad26-4a86c8ede58d','2026-02-20 11:40:29',22.07165260,82.14965080,'Domino\'s, Shrikant Verma Marg, Bilaspur, Bilaspur Tahsil, Bilaspur, Chhattisgarh, 495004, India','b44fbe57-0502-4444-ad26-4a86c8ede58d','2026-02-20 11:40:29','2026-02-20 11:40:29'),('702317e5-f724-40d0-8f34-3fda53419041','628c246c-3005-4619-b4db-facb426ee0cd','2026-06-29 13:50:53',22.07178610,82.14935980,'KFC, Shrikant Verma Marg, Bilaspur, Bilaspur Tahsil, Bilaspur, Chhattisgarh, 495004, India','628c246c-3005-4619-b4db-facb426ee0cd','2026-06-29 13:50:53','2026-06-29 13:50:53'),('7111fce0-27c6-492e-afa7-efcf5fc3ecab','a600d78f-37dd-4ad4-9897-7d5dfa5c33e7','2026-05-28 20:30:21',21.86402290,82.12792340,'Bilha Tahsil, Bilaspur, Chhattisgarh, India','a600d78f-37dd-4ad4-9897-7d5dfa5c33e7','2026-05-28 20:30:21','2026-05-28 20:30:21'),('71e325f8-a0b9-4a51-b96d-c649dbaa4b30','ebd49fcc-cdb6-45c3-bd7b-27f7bcdefa18','2026-06-20 10:58:35',22.07174940,82.14957780,'Domino\'s, Shrikant Verma Marg, Bilaspur, Bilaspur Tahsil, Bilaspur, Chhattisgarh, 495004, India','ebd49fcc-cdb6-45c3-bd7b-27f7bcdefa18','2026-06-20 10:58:35','2026-06-20 10:58:35'),('7269df3b-6fea-4847-877d-544406269437','ebd49fcc-cdb6-45c3-bd7b-27f7bcdefa18','2026-06-01 11:14:06',22.07180360,82.14959200,'Domino\'s, Shrikant Verma Marg, Bilaspur, Bilaspur Tahsil, Bilaspur, Chhattisgarh, 495004, India','ebd49fcc-cdb6-45c3-bd7b-27f7bcdefa18','2026-06-01 11:14:06','2026-06-01 11:14:06'),('72d15c25-fadf-4052-ba08-cb73772e5f78','b81000be-85e5-4382-856e-f407ebd40c4f','2026-02-26 12:28:46',22.07164610,82.14966810,'Domino\'s, Shrikant Verma Marg, Bilaspur, Bilaspur Tahsil, Bilaspur, Chhattisgarh, 495004, India','b81000be-85e5-4382-856e-f407ebd40c4f','2026-02-26 12:28:46','2026-02-26 12:28:46'),('73a69328-7536-464b-942a-fd7d8569c1f9','b81000be-85e5-4382-856e-f407ebd40c4f','2026-02-27 07:48:27',22.37154970,82.16745400,'Pali Tahsil, Korba, Chhattisgarh, India','b81000be-85e5-4382-856e-f407ebd40c4f','2026-02-27 07:48:27','2026-02-27 07:48:27'),('73e9ab7f-5908-4383-9dad-ae3dddeb5a3d','628c246c-3005-4619-b4db-facb426ee0cd','2026-05-29 18:12:21',22.07165590,82.14961080,'Domino\'s, Shrikant Verma Marg, Bilaspur, Bilaspur Tahsil, Bilaspur, Chhattisgarh, 495004, India','628c246c-3005-4619-b4db-facb426ee0cd','2026-05-29 18:12:21','2026-05-29 18:12:21'),('7454e65f-aa0f-471f-915f-c2de413c5aab','0d059894-2564-4e0f-93ef-855953f06751','2026-07-08 10:37:30',22.07169250,82.14963960,'Domino\'s, Shrikant Verma Marg, Bilaspur, Bilaspur Tahsil, Bilaspur, Chhattisgarh, 495004, India','0d059894-2564-4e0f-93ef-855953f06751','2026-07-08 10:37:30','2026-07-08 10:37:30'),('7477af4e-843e-4e32-a335-8db7f21c59b6','0d059894-2564-4e0f-93ef-855953f06751','2026-03-02 10:11:49',22.07164890,82.14968290,'Domino\'s, Shrikant Verma Marg, Bilaspur, Bilaspur Tahsil, Bilaspur, Chhattisgarh, 495004, India','0d059894-2564-4e0f-93ef-855953f06751','2026-03-02 10:11:49','2026-03-02 10:11:49'),('752c4eab-206e-4f2d-a27f-a232334daa77','628c246c-3005-4619-b4db-facb426ee0cd','2026-05-22 10:30:12',22.07177910,82.14937220,'KFC, Shrikant Verma Marg, Bilaspur, Bilaspur Tahsil, Bilaspur, Chhattisgarh, 495004, India','628c246c-3005-4619-b4db-facb426ee0cd','2026-05-22 10:30:12','2026-05-22 10:30:12'),('7563f138-4061-4306-ac7e-b12e165e6d64','2abc2052-1982-4326-9faa-e39896c4777d','2026-03-05 10:23:56',22.07174690,82.14933250,'KFC, Shrikant Verma Marg, Bilaspur, Bilaspur Tahsil, Bilaspur, Chhattisgarh, 495004, India','2abc2052-1982-4326-9faa-e39896c4777d','2026-03-05 10:23:56','2026-03-05 10:23:56'),('75ce2785-bcd3-4f4c-b271-79ecfac0de02','f39e0437-03b6-485a-aafe-143e86d29935','2026-07-03 10:23:17',22.07165200,82.14962060,'Domino\'s, Shrikant Verma Marg, Bilaspur, Bilaspur Tahsil, Bilaspur, Chhattisgarh, 495004, India','f39e0437-03b6-485a-aafe-143e86d29935','2026-07-03 10:23:17','2026-07-03 10:23:17'),('75dff114-c906-425a-86a0-9bf761534759','f39e0437-03b6-485a-aafe-143e86d29935','2026-07-06 10:34:21',22.07166790,82.14962870,'Domino\'s, Shrikant Verma Marg, Bilaspur, Bilaspur Tahsil, Bilaspur, Chhattisgarh, 495004, India','f39e0437-03b6-485a-aafe-143e86d29935','2026-07-06 10:34:21','2026-07-06 10:34:21'),('76015f29-fae6-4151-aadb-31c2d3523b5e','1a1e4364-04cd-423f-ba1e-811c59fc76aa','2026-04-09 11:01:01',22.07171320,82.14970660,'Domino\'s, Shrikant Verma Marg, Bilaspur, Bilaspur Tahsil, Bilaspur, Chhattisgarh, 495004, India','1a1e4364-04cd-423f-ba1e-811c59fc76aa','2026-04-09 11:01:01','2026-04-09 11:01:01'),('763531e7-3d1c-42c7-8079-310c93626ea9','0d059894-2564-4e0f-93ef-855953f06751','2026-03-07 10:23:41',22.07164760,82.14966180,'Domino\'s, Shrikant Verma Marg, Bilaspur, Bilaspur Tahsil, Bilaspur, Chhattisgarh, 495004, India','0d059894-2564-4e0f-93ef-855953f06751','2026-03-07 10:23:41','2026-03-07 10:23:41'),('7697c323-cd84-40ee-8a8d-23a19c644d6b','79d154db-7197-410b-815a-25321488575f','2026-05-05 10:44:57',22.07175800,82.14934490,'KFC, Shrikant Verma Marg, Bilaspur, Bilaspur Tahsil, Bilaspur, Chhattisgarh, 495004, India','79d154db-7197-410b-815a-25321488575f','2026-05-05 10:44:57','2026-05-05 10:44:57'),('76b5cc7a-cf89-4fe7-9075-a970c71c0bb4','0d059894-2564-4e0f-93ef-855953f06751','2026-07-04 10:11:13',22.07169620,82.14965100,'Domino\'s, Shrikant Verma Marg, Bilaspur, Bilaspur Tahsil, Bilaspur, Chhattisgarh, 495004, India','0d059894-2564-4e0f-93ef-855953f06751','2026-07-04 10:11:13','2026-07-04 10:11:13'),('770eb923-9796-4c45-8bc3-453c2340e942','0d059894-2564-4e0f-93ef-855953f06751','2026-07-11 10:38:23',22.07170290,82.14942240,'KFC, Shrikant Verma Marg, Bilaspur, Bilaspur Tahsil, Bilaspur, Chhattisgarh, 495004, India','0d059894-2564-4e0f-93ef-855953f06751','2026-07-11 10:38:23','2026-07-11 10:38:23'),('77267b3d-be41-4a60-97fd-3eb223b982d1','f39e0437-03b6-485a-aafe-143e86d29935','2026-07-08 10:45:48',22.07170790,82.14956810,'Domino\'s, Shrikant Verma Marg, Bilaspur, Bilaspur Tahsil, Bilaspur, Chhattisgarh, 495004, India','f39e0437-03b6-485a-aafe-143e86d29935','2026-07-08 10:45:48','2026-07-08 10:45:48'),('784c2f4e-e12e-4275-9d97-8db15c5cbda3','f39e0437-03b6-485a-aafe-143e86d29935','2026-06-22 10:13:13',22.07172080,82.14942580,'KFC, Shrikant Verma Marg, Bilaspur, Bilaspur Tahsil, Bilaspur, Chhattisgarh, 495004, India','f39e0437-03b6-485a-aafe-143e86d29935','2026-06-22 10:13:13','2026-06-22 10:13:13'),('787aa762-3afa-4d59-847d-fa970421facc','0d059894-2564-4e0f-93ef-855953f06751','2026-03-06 10:20:44',22.07173500,82.14929090,'KFC, Shrikant Verma Marg, Bilaspur, Bilaspur Tahsil, Bilaspur, Chhattisgarh, 495004, India','0d059894-2564-4e0f-93ef-855953f06751','2026-03-06 10:20:44','2026-03-06 10:20:44'),('78a48365-cf7d-437f-aae6-f71a887f0156','aaf288a3-fe5f-4844-a15f-6994d10517e1','2026-06-30 10:20:35',22.07169700,82.14962920,'Domino\'s, Shrikant Verma Marg, Bilaspur, Bilaspur Tahsil, Bilaspur, Chhattisgarh, 495004, India','aaf288a3-fe5f-4844-a15f-6994d10517e1','2026-06-30 10:20:35','2026-06-30 10:20:35'),('78c4f563-5b25-43d5-9b26-f8ec901a3ef2','a600d78f-37dd-4ad4-9897-7d5dfa5c33e7','2026-06-16 10:39:56',22.02158760,82.20857480,'NH49, Bilaspur, Bilaspur Tahsil, Bilaspur, Chhattisgarh, 495004, India','a600d78f-37dd-4ad4-9897-7d5dfa5c33e7','2026-06-16 10:39:56','2026-06-16 10:39:56'),('79a8cdba-651b-4cfe-afc0-7fd41989a455','1a1e4364-04cd-423f-ba1e-811c59fc76aa','2026-03-19 09:59:09',22.07166520,82.14966380,'Domino\'s, Shrikant Verma Marg, Bilaspur, Bilaspur Tahsil, Bilaspur, Chhattisgarh, 495004, India','1a1e4364-04cd-423f-ba1e-811c59fc76aa','2026-03-19 09:59:09','2026-03-19 09:59:09'),('79b55e21-b1e7-4689-b4d2-984596800d1b','0ed5bd53-4393-4020-be6a-48be5f84261e','2026-06-16 10:15:14',22.07156860,82.14924090,'KFC, Shrikant Verma Marg, Bilaspur, Bilaspur Tahsil, Bilaspur, Chhattisgarh, 495004, India','0ed5bd53-4393-4020-be6a-48be5f84261e','2026-06-16 10:15:14','2026-06-16 10:15:14'),('79facf2b-ab71-4c62-9e36-9f693dc3e922','2abc2052-1982-4326-9faa-e39896c4777d','2026-07-09 10:06:11',22.07157660,82.14956590,'Domino\'s, Shrikant Verma Marg, Bilaspur, Bilaspur Tahsil, Bilaspur, Chhattisgarh, 495004, India','2abc2052-1982-4326-9faa-e39896c4777d','2026-07-09 10:06:11','2026-07-09 10:06:11'),('7a2f5e00-bf7e-46f6-81ad-5afa26760613','c1916fe0-250b-4eb7-86f8-8ac5f330b190','2026-06-16 10:47:52',22.07209780,82.14946940,'PVR Cinemas, Shrikant Verma Marg, Bilaspur, Bilaspur Tahsil, Bilaspur, Chhattisgarh, 495004, India','c1916fe0-250b-4eb7-86f8-8ac5f330b190','2026-06-16 10:47:52','2026-06-16 10:47:52'),('7a302cd8-3326-412a-a505-7298a3c8efec','aaf288a3-fe5f-4844-a15f-6994d10517e1','2026-07-14 11:41:37',22.07165990,82.14943330,'KFC, Shrikant Verma Marg, Bilaspur, Bilaspur Tahsil, Bilaspur, Chhattisgarh, 495004, India','aaf288a3-fe5f-4844-a15f-6994d10517e1','2026-07-14 11:41:37','2026-07-14 11:41:37'),('7a423b7d-4ba3-439d-8b31-e85575672dac','b44fbe57-0502-4444-ad26-4a86c8ede58d','2026-02-25 10:33:23',22.07207010,82.14977490,'McDonald\'s, Shrikant Verma Marg, Bilaspur, Bilaspur Tahsil, Bilaspur, Chhattisgarh, 495004, India','b44fbe57-0502-4444-ad26-4a86c8ede58d','2026-02-25 10:33:23','2026-02-25 10:33:23'),('7a5b0f17-11ec-4f89-bfcb-d6a90acbe060','0ed5bd53-4393-4020-be6a-48be5f84261e','2026-07-21 10:17:32',22.07236590,82.14933280,'Bilaspur, Bilaspur Tahsil, Bilaspur, Chhattisgarh, 495004, India','0ed5bd53-4393-4020-be6a-48be5f84261e','2026-07-21 10:17:32','2026-07-21 10:17:32'),('7a8a5c61-dd79-4032-8a0e-d8478200c38b','ebd49fcc-cdb6-45c3-bd7b-27f7bcdefa18','2026-06-23 11:03:38',22.07175320,82.14959460,'Domino\'s, Shrikant Verma Marg, Bilaspur, Bilaspur Tahsil, Bilaspur, Chhattisgarh, 495004, India','ebd49fcc-cdb6-45c3-bd7b-27f7bcdefa18','2026-06-23 11:03:38','2026-06-23 11:03:38'),('7af01510-5e6d-42b0-852e-2e3a0581f442','2abc2052-1982-4326-9faa-e39896c4777d','2026-06-22 10:08:19',22.07179060,82.14930040,'KFC, Shrikant Verma Marg, Bilaspur, Bilaspur Tahsil, Bilaspur, Chhattisgarh, 495004, India','2abc2052-1982-4326-9faa-e39896c4777d','2026-06-22 10:08:19','2026-06-22 10:08:19'),('7bfb5bec-2c56-422e-b4f7-61191145b695','79d154db-7197-410b-815a-25321488575f','2026-05-19 11:37:03',22.07166410,82.14956510,'Domino\'s, Shrikant Verma Marg, Bilaspur, Bilaspur Tahsil, Bilaspur, Chhattisgarh, 495004, India','79d154db-7197-410b-815a-25321488575f','2026-05-19 11:37:03','2026-05-19 11:37:03'),('7c8de128-9abf-4b8d-8cbb-7d89197a40b3','79d154db-7197-410b-815a-25321488575f','2026-02-21 10:51:35',22.07171060,82.14952910,'KFC, Shrikant Verma Marg, Bilaspur, Bilaspur Tahsil, Bilaspur, Chhattisgarh, 495004, India','79d154db-7197-410b-815a-25321488575f','2026-02-21 10:51:35','2026-02-21 10:51:35'),('7d704906-3dff-47cb-a037-69f78a232335','c1916fe0-250b-4eb7-86f8-8ac5f330b190','2026-06-20 10:54:29',22.07176590,82.14958250,'Domino\'s, Shrikant Verma Marg, Bilaspur, Bilaspur Tahsil, Bilaspur, Chhattisgarh, 495004, India','c1916fe0-250b-4eb7-86f8-8ac5f330b190','2026-06-20 10:54:29','2026-06-20 10:54:29'),('7e597b68-78c8-4641-882b-0a906434d08f','2abc2052-1982-4326-9faa-e39896c4777d','2026-03-16 10:07:27',22.07174180,82.14932600,'KFC, Shrikant Verma Marg, Bilaspur, Bilaspur Tahsil, Bilaspur, Chhattisgarh, 495004, India','2abc2052-1982-4326-9faa-e39896c4777d','2026-03-16 10:07:27','2026-03-16 10:07:27'),('7e7beef1-8ed4-4644-b44e-066ac30507ee','1a1e4364-04cd-423f-ba1e-811c59fc76aa','2026-02-17 09:44:10',22.07164630,82.14957190,'Domino\'s, Shrikant Verma Marg, Bilaspur, Bilaspur Tahsil, Bilaspur, Chhattisgarh, 495004, India','1a1e4364-04cd-423f-ba1e-811c59fc76aa','2026-02-17 09:44:10','2026-02-17 09:44:10'),('7eae7113-e01c-40a7-aecb-94bcd55b4e7d','2abc2052-1982-4326-9faa-e39896c4777d','2026-05-01 10:12:35',22.07175830,82.14933300,'KFC, Shrikant Verma Marg, Bilaspur, Bilaspur Tahsil, Bilaspur, Chhattisgarh, 495004, India','2abc2052-1982-4326-9faa-e39896c4777d','2026-05-01 10:12:35','2026-05-01 10:12:35'),('7f9f8149-408b-46cd-961c-585ac9fffb7a','0ed5bd53-4393-4020-be6a-48be5f84261e','2026-07-04 10:39:35',22.07153360,82.14988620,'McDonald\'s, Shrikant Verma Marg, Bilaspur, Bilaspur Tahsil, Bilaspur, Chhattisgarh, 495004, India','0ed5bd53-4393-4020-be6a-48be5f84261e','2026-07-04 10:39:35','2026-07-04 10:39:35'),('809e4bee-4f96-43d6-b067-eec59129c223','79d154db-7197-410b-815a-25321488575f','2026-06-22 10:51:17',22.07177440,82.14960900,'Domino\'s, Shrikant Verma Marg, Bilaspur, Bilaspur Tahsil, Bilaspur, Chhattisgarh, 495004, India','79d154db-7197-410b-815a-25321488575f','2026-06-22 10:51:17','2026-06-22 10:51:17'),('813bdcc0-5b9d-466d-83d9-8a97a54c6de6','7f311153-8c6f-4805-b209-9373d13b7fbb','2026-06-08 12:13:59',22.07166820,82.14952890,'Domino\'s, Shrikant Verma Marg, Bilaspur, Bilaspur Tahsil, Bilaspur, Chhattisgarh, 495004, India','7f311153-8c6f-4805-b209-9373d13b7fbb','2026-06-08 12:13:59','2026-06-08 12:13:59'),('81570b70-481f-4c68-9093-8960f89725ab','ebd49fcc-cdb6-45c3-bd7b-27f7bcdefa18','2026-06-08 11:00:11',22.07177410,82.14955970,'Domino\'s, Shrikant Verma Marg, Bilaspur, Bilaspur Tahsil, Bilaspur, Chhattisgarh, 495004, India','ebd49fcc-cdb6-45c3-bd7b-27f7bcdefa18','2026-06-08 11:00:11','2026-06-08 11:00:11'),('818c7949-d9c3-438d-8bcc-2258767bad8c','a12add7e-898b-434e-b46c-527407e4ab8c','2026-05-12 14:44:21',22.07146060,82.15249500,'Vinoba Nagar, Bilaspur, Bilaspur Tahsil, Bilaspur, Chhattisgarh, 495004, India','a12add7e-898b-434e-b46c-527407e4ab8c','2026-05-12 14:44:21','2026-05-12 14:44:21'),('81fa0514-93f1-4797-b6df-fc93486966fc','0d059894-2564-4e0f-93ef-855953f06751','2026-03-05 10:04:04',22.07162700,82.14965170,'Domino\'s, Shrikant Verma Marg, Bilaspur, Bilaspur Tahsil, Bilaspur, Chhattisgarh, 495004, India','0d059894-2564-4e0f-93ef-855953f06751','2026-03-05 10:04:04','2026-03-05 10:04:04'),('81ffaa45-25d0-4894-9fc6-6b2afb4d9de9','0d059894-2564-4e0f-93ef-855953f06751','2026-06-17 10:36:38',22.07168410,82.14964620,'Domino\'s, Shrikant Verma Marg, Bilaspur, Bilaspur Tahsil, Bilaspur, Chhattisgarh, 495004, India','0d059894-2564-4e0f-93ef-855953f06751','2026-06-17 10:36:38','2026-06-17 10:36:38'),('821b02fa-684e-4f20-9a3a-19af8ae2fd63','e3326b31-8f4b-408f-b7f1-786439758e98','2026-05-09 12:24:02',22.60836350,82.67468650,'Korba Tahsil, Korba, Chhattisgarh, India','e3326b31-8f4b-408f-b7f1-786439758e98','2026-05-09 12:24:02','2026-05-09 12:24:02'),('826ee65a-b315-4f79-ab76-c083361500ef','79d154db-7197-410b-815a-25321488575f','2026-06-27 10:41:44',22.07175720,82.14957180,'Domino\'s, Shrikant Verma Marg, Bilaspur, Bilaspur Tahsil, Bilaspur, Chhattisgarh, 495004, India','79d154db-7197-410b-815a-25321488575f','2026-06-27 10:41:44','2026-06-27 10:41:44'),('8274a60e-bfaf-49c9-bd59-b9c2e1079da8','1a1e4364-04cd-423f-ba1e-811c59fc76aa','2026-03-24 09:47:14',22.07165440,82.14961450,'Domino\'s, Shrikant Verma Marg, Bilaspur, Bilaspur Tahsil, Bilaspur, Chhattisgarh, 495004, India','1a1e4364-04cd-423f-ba1e-811c59fc76aa','2026-03-24 09:47:14','2026-03-24 09:47:14'),('827acfce-e1bd-42d6-b528-15f4c7fbddae','0d059894-2564-4e0f-93ef-855953f06751','2026-03-13 10:03:43',22.07166340,82.14960120,'Domino\'s, Shrikant Verma Marg, Bilaspur, Bilaspur Tahsil, Bilaspur, Chhattisgarh, 495004, India','0d059894-2564-4e0f-93ef-855953f06751','2026-03-13 10:03:43','2026-03-13 10:03:43'),('83e59000-f59b-4e85-b683-f223e3f12a90','f39e0437-03b6-485a-aafe-143e86d29935','2026-07-21 10:07:41',22.07166780,82.14955800,'Domino\'s, Shrikant Verma Marg, Bilaspur, Bilaspur Tahsil, Bilaspur, Chhattisgarh, 495004, India','f39e0437-03b6-485a-aafe-143e86d29935','2026-07-21 10:07:41','2026-07-21 10:07:41'),('8452f4ca-53c9-4d2d-afa2-733648166e03','79d154db-7197-410b-815a-25321488575f','2026-03-12 10:56:43',22.07171230,82.14947910,'KFC, Shrikant Verma Marg, Bilaspur, Bilaspur Tahsil, Bilaspur, Chhattisgarh, 495004, India','79d154db-7197-410b-815a-25321488575f','2026-03-12 10:56:43','2026-03-12 10:56:43'),('84881485-f6d3-4527-8316-552ddd73a3a7','628c246c-3005-4619-b4db-facb426ee0cd','2026-06-02 10:30:30',22.07177720,82.14934910,'KFC, Shrikant Verma Marg, Bilaspur, Bilaspur Tahsil, Bilaspur, Chhattisgarh, 495004, India','628c246c-3005-4619-b4db-facb426ee0cd','2026-06-02 10:30:30','2026-06-02 10:30:30'),('84acd2f7-8e2a-4dd7-be4e-3bfeb534b065','79d154db-7197-410b-815a-25321488575f','2026-02-19 10:23:25',22.07173370,82.14980890,'McDonald\'s, Shrikant Verma Marg, Bilaspur, Bilaspur Tahsil, Bilaspur, Chhattisgarh, 495004, India','79d154db-7197-410b-815a-25321488575f','2026-02-19 10:23:25','2026-02-19 10:23:25'),('85f8749a-edf3-41c9-a08d-6f27f28de8fb','aaf288a3-fe5f-4844-a15f-6994d10517e1','2026-06-15 10:19:31',22.07165710,82.14965140,'Domino\'s, Shrikant Verma Marg, Bilaspur, Bilaspur Tahsil, Bilaspur, Chhattisgarh, 495004, India','aaf288a3-fe5f-4844-a15f-6994d10517e1','2026-06-15 10:19:31','2026-06-15 10:19:31'),('8676b6ad-ca0d-469f-8b9f-4f2ab72de328','628c246c-3005-4619-b4db-facb426ee0cd','2026-07-13 10:26:57',22.07178050,82.14933750,'KFC, Shrikant Verma Marg, Bilaspur, Bilaspur Tahsil, Bilaspur, Chhattisgarh, 495004, India','628c246c-3005-4619-b4db-facb426ee0cd','2026-07-13 10:26:57','2026-07-13 10:26:57'),('86a27ff7-6e47-49f3-a0cb-16e0c034e30a','0d059894-2564-4e0f-93ef-855953f06751','2026-06-10 10:49:38',22.07184000,82.14999167,'McDonald\'s, Shrikant Verma Marg, Bilaspur, Bilaspur Tahsil, Bilaspur, Chhattisgarh, 495004, India','0d059894-2564-4e0f-93ef-855953f06751','2026-06-10 10:49:38','2026-06-10 10:49:38'),('8720bab6-f931-48c2-98d5-1c8ad2d5320d','f39e0437-03b6-485a-aafe-143e86d29935','2026-06-27 09:59:13',22.07171830,82.14945880,'KFC, Shrikant Verma Marg, Bilaspur, Bilaspur Tahsil, Bilaspur, Chhattisgarh, 495004, India','f39e0437-03b6-485a-aafe-143e86d29935','2026-06-27 09:59:13','2026-06-27 09:59:13'),('8727164d-c3fa-4961-b72e-957efc1c84e1','0ed5bd53-4393-4020-be6a-48be5f84261e','2026-06-12 09:59:42',22.07158700,82.14965130,'Domino\'s, Shrikant Verma Marg, Bilaspur, Bilaspur Tahsil, Bilaspur, Chhattisgarh, 495004, India','0ed5bd53-4393-4020-be6a-48be5f84261e','2026-06-12 09:59:42','2026-06-12 09:59:42'),('88113fcd-a5eb-475c-9d17-f6feb85a4806','0d059894-2564-4e0f-93ef-855953f06751','2026-02-26 16:10:07',22.07165420,82.14948150,'KFC, Shrikant Verma Marg, Bilaspur, Bilaspur Tahsil, Bilaspur, Chhattisgarh, 495004, India','0d059894-2564-4e0f-93ef-855953f06751','2026-02-26 16:10:07','2026-02-26 16:10:07'),('8828716c-18c0-43a7-aac1-461f42097bd6','2abc2052-1982-4326-9faa-e39896c4777d','2026-06-19 10:02:04',22.07179860,82.14926030,'KFC, Shrikant Verma Marg, Bilaspur, Bilaspur Tahsil, Bilaspur, Chhattisgarh, 495004, India','2abc2052-1982-4326-9faa-e39896c4777d','2026-06-19 10:02:04','2026-06-19 10:02:04'),('89119c5d-5db1-4aa2-9adc-0596840af20d','1a1e4364-04cd-423f-ba1e-811c59fc76aa','2026-06-02 09:59:29',22.07170870,82.14999840,'Magneto Mall, Shrikant Verma Marg, Bilaspur, Bilaspur Tahsil, Bilaspur, Chhattisgarh, 495004, India','1a1e4364-04cd-423f-ba1e-811c59fc76aa','2026-06-02 09:59:29','2026-06-02 09:59:29'),('8a6ceacd-b8f7-4e24-902c-c1fc1cc5a586','7f311153-8c6f-4805-b209-9373d13b7fbb','2026-06-17 11:35:29',22.07168730,82.14960560,'Domino\'s, Shrikant Verma Marg, Bilaspur, Bilaspur Tahsil, Bilaspur, Chhattisgarh, 495004, India','7f311153-8c6f-4805-b209-9373d13b7fbb','2026-06-17 11:35:29','2026-06-17 11:35:29'),('8b01e4ba-4334-4ad8-961f-47fcea5231da','0ed5bd53-4393-4020-be6a-48be5f84261e','2026-07-18 10:14:01',22.07166360,82.14966270,'Domino\'s, Shrikant Verma Marg, Bilaspur, Bilaspur Tahsil, Bilaspur, Chhattisgarh, 495004, India','0ed5bd53-4393-4020-be6a-48be5f84261e','2026-07-18 10:14:01','2026-07-18 10:14:01'),('8b4acb7c-3493-454c-9c69-b64f93af436c','6c78afb3-e659-4650-8d6f-f99bd8678087','2026-07-06 12:37:14',22.07167200,82.14962250,'Domino\'s, Shrikant Verma Marg, Bilaspur, Bilaspur Tahsil, Bilaspur, Chhattisgarh, 495004, India','6c78afb3-e659-4650-8d6f-f99bd8678087','2026-07-06 12:37:14','2026-07-06 12:37:14'),('8b5b4396-fd68-44f1-a51c-bfe6859cf9d5','c1916fe0-250b-4eb7-86f8-8ac5f330b190','2026-02-27 10:09:07',22.07171650,82.14957120,'Domino\'s, Shrikant Verma Marg, Bilaspur, Bilaspur Tahsil, Bilaspur, Chhattisgarh, 495004, India','c1916fe0-250b-4eb7-86f8-8ac5f330b190','2026-02-27 10:09:07','2026-02-27 10:09:07'),('8bf07505-94d0-48fe-a508-6bbc72a42096','2abc2052-1982-4326-9faa-e39896c4777d','2026-04-30 10:05:51',22.07177800,82.14932950,'KFC, Shrikant Verma Marg, Bilaspur, Bilaspur Tahsil, Bilaspur, Chhattisgarh, 495004, India','2abc2052-1982-4326-9faa-e39896c4777d','2026-04-30 10:05:51','2026-04-30 10:05:51'),('8c304fc5-906a-4495-872f-a978717d2d77','f39e0437-03b6-485a-aafe-143e86d29935','2026-06-19 10:02:39',22.07168490,82.14953120,'Domino\'s, Shrikant Verma Marg, Bilaspur, Bilaspur Tahsil, Bilaspur, Chhattisgarh, 495004, India','f39e0437-03b6-485a-aafe-143e86d29935','2026-06-19 10:02:39','2026-06-19 10:02:39'),('8c62017b-cb62-454f-9ec6-25e579f0d189','c1916fe0-250b-4eb7-86f8-8ac5f330b190','2026-03-07 11:25:41',22.07172160,82.14955460,'Domino\'s, Shrikant Verma Marg, Bilaspur, Bilaspur Tahsil, Bilaspur, Chhattisgarh, 495004, India','c1916fe0-250b-4eb7-86f8-8ac5f330b190','2026-03-07 11:25:41','2026-03-07 11:25:41'),('8d34b0b3-93da-42e0-a3c1-70d4afc1b4f0','0d059894-2564-4e0f-93ef-855953f06751','2026-06-18 10:56:59',22.07168350,82.14963010,'Domino\'s, Shrikant Verma Marg, Bilaspur, Bilaspur Tahsil, Bilaspur, Chhattisgarh, 495004, India','0d059894-2564-4e0f-93ef-855953f06751','2026-06-18 10:56:59','2026-06-18 10:56:59'),('8d3b1cc6-1527-46e4-9cb5-6fe7f590fd75','69375e70-5657-4fad-9771-83824758ba99','2026-07-18 11:42:48',22.07168560,82.14963740,'Domino\'s, Shrikant Verma Marg, Bilaspur, Bilaspur Tahsil, Bilaspur, Chhattisgarh, 495004, India','69375e70-5657-4fad-9771-83824758ba99','2026-07-18 11:42:48','2026-07-18 11:42:48'),('8d568310-9717-4b5d-bee3-1dd3dab9e116','2abc2052-1982-4326-9faa-e39896c4777d','2026-05-14 10:05:44',22.07176590,82.14933880,'KFC, Shrikant Verma Marg, Bilaspur, Bilaspur Tahsil, Bilaspur, Chhattisgarh, 495004, India','2abc2052-1982-4326-9faa-e39896c4777d','2026-05-14 10:05:44','2026-05-14 10:05:44'),('8d92caf1-e0a7-4c21-8a95-5f140533ed7b','2abc2052-1982-4326-9faa-e39896c4777d','2026-03-12 10:04:25',22.07175160,82.14932980,'KFC, Shrikant Verma Marg, Bilaspur, Bilaspur Tahsil, Bilaspur, Chhattisgarh, 495004, India','2abc2052-1982-4326-9faa-e39896c4777d','2026-03-12 10:04:25','2026-03-12 10:04:25'),('8db56a65-f867-4e8c-b316-3303faffcc45','628c246c-3005-4619-b4db-facb426ee0cd','2026-05-30 10:37:34',22.07177520,82.14935020,'KFC, Shrikant Verma Marg, Bilaspur, Bilaspur Tahsil, Bilaspur, Chhattisgarh, 495004, India','628c246c-3005-4619-b4db-facb426ee0cd','2026-05-30 10:37:34','2026-05-30 10:37:34'),('8ddf5566-e625-4761-8c0f-e530bfb69569','0ed5bd53-4393-4020-be6a-48be5f84261e','2026-07-22 10:10:07',22.07217810,82.14996940,'Bilaspur, Bilaspur Tahsil, Bilaspur, Chhattisgarh, 495004, India','0ed5bd53-4393-4020-be6a-48be5f84261e','2026-07-22 10:10:07','2026-07-22 10:10:07'),('8e9d7b98-3c38-4fb3-b961-30e300a92520','0d059894-2564-4e0f-93ef-855953f06751','2026-05-07 10:43:16',22.07158380,82.14957440,'Domino\'s, Shrikant Verma Marg, Bilaspur, Bilaspur Tahsil, Bilaspur, Chhattisgarh, 495004, India','0d059894-2564-4e0f-93ef-855953f06751','2026-05-07 10:43:16','2026-05-07 10:43:16'),('8ec1ca68-1812-4577-97ce-dae13b5ca298','2abc2052-1982-4326-9faa-e39896c4777d','2026-07-20 09:59:46',22.07148010,82.14985310,'McDonald\'s, Shrikant Verma Marg, Bilaspur, Bilaspur Tahsil, Bilaspur, Chhattisgarh, 495004, India','2abc2052-1982-4326-9faa-e39896c4777d','2026-07-20 09:59:46','2026-07-20 09:59:46'),('8ed388df-04a4-4ba6-869e-009d4994b846','79d154db-7197-410b-815a-25321488575f','2026-06-13 10:51:14',22.07175210,82.14959710,'Domino\'s, Shrikant Verma Marg, Bilaspur, Bilaspur Tahsil, Bilaspur, Chhattisgarh, 495004, India','79d154db-7197-410b-815a-25321488575f','2026-06-13 10:51:14','2026-06-13 10:51:14'),('8ee21bd7-fa08-46b2-9369-2e03dc30971b','69375e70-5657-4fad-9771-83824758ba99','2026-07-06 12:47:36',22.07169700,82.14962420,'Domino\'s, Shrikant Verma Marg, Bilaspur, Bilaspur Tahsil, Bilaspur, Chhattisgarh, 495004, India','69375e70-5657-4fad-9771-83824758ba99','2026-07-06 12:47:36','2026-07-06 12:47:36'),('8ef84821-174c-4017-8eb0-fe69f6667ce8','c1916fe0-250b-4eb7-86f8-8ac5f330b190','2026-06-18 10:49:07',22.07181730,82.14956310,'KFC, Shrikant Verma Marg, Bilaspur, Bilaspur Tahsil, Bilaspur, Chhattisgarh, 495004, India','c1916fe0-250b-4eb7-86f8-8ac5f330b190','2026-06-18 10:49:07','2026-06-18 10:49:07'),('8f7e4a0d-34e9-4a1f-9151-69618bd8f516','1a1e4364-04cd-423f-ba1e-811c59fc76aa','2026-05-07 11:40:14',22.07163560,82.14958380,'Domino\'s, Shrikant Verma Marg, Bilaspur, Bilaspur Tahsil, Bilaspur, Chhattisgarh, 495004, India','1a1e4364-04cd-423f-ba1e-811c59fc76aa','2026-05-07 11:40:14','2026-05-07 11:40:14'),('8fd1c9b6-252f-48c5-b248-7403dc04762c','1a1e4364-04cd-423f-ba1e-811c59fc76aa','2026-03-14 10:02:42',22.07166420,82.14965970,'Domino\'s, Shrikant Verma Marg, Bilaspur, Bilaspur Tahsil, Bilaspur, Chhattisgarh, 495004, India','1a1e4364-04cd-423f-ba1e-811c59fc76aa','2026-03-14 10:02:42','2026-03-14 10:02:42'),('9037af45-366f-4122-8bf0-0747c443abba','628c246c-3005-4619-b4db-facb426ee0cd','2026-06-19 10:30:23',22.07183680,82.14907210,'KFC, Shrikant Verma Marg, Bilaspur, Bilaspur Tahsil, Bilaspur, Chhattisgarh, 495004, India','628c246c-3005-4619-b4db-facb426ee0cd','2026-06-19 10:30:23','2026-06-19 10:30:23'),('90b04501-beaa-4676-9664-a60a508b7733','1a1e4364-04cd-423f-ba1e-811c59fc76aa','2026-07-14 10:05:50',22.07174280,82.14952030,'KFC, Shrikant Verma Marg, Bilaspur, Bilaspur Tahsil, Bilaspur, Chhattisgarh, 495004, India','1a1e4364-04cd-423f-ba1e-811c59fc76aa','2026-07-14 10:05:50','2026-07-14 10:05:50'),('938027a5-e941-4dc1-9e3a-ee2cb03548ed','aaf288a3-fe5f-4844-a15f-6994d10517e1','2026-07-10 10:20:17',22.07180120,82.14935560,'KFC, Shrikant Verma Marg, Bilaspur, Bilaspur Tahsil, Bilaspur, Chhattisgarh, 495004, India','aaf288a3-fe5f-4844-a15f-6994d10517e1','2026-07-10 10:20:17','2026-07-10 10:20:17'),('93a64690-f592-42ff-982b-c9813f7acdbe','1a1e4364-04cd-423f-ba1e-811c59fc76aa','2026-04-03 17:01:11',22.07169760,82.14968090,'Domino\'s, Shrikant Verma Marg, Bilaspur, Bilaspur Tahsil, Bilaspur, Chhattisgarh, 495004, India','1a1e4364-04cd-423f-ba1e-811c59fc76aa','2026-04-03 17:01:11','2026-04-03 17:01:11'),('93e3ada3-a3ab-412a-a0c2-50a08a8cd93a','1a1e4364-04cd-423f-ba1e-811c59fc76aa','2026-07-03 17:35:51',22.07163190,82.14970330,'Domino\'s, Shrikant Verma Marg, Bilaspur, Bilaspur Tahsil, Bilaspur, Chhattisgarh, 495004, India','1a1e4364-04cd-423f-ba1e-811c59fc76aa','2026-07-03 17:35:51','2026-07-03 17:35:51'),('93fea8a5-6249-44c9-ad9a-6265c4fe1f04','0d059894-2564-4e0f-93ef-855953f06751','2026-03-09 10:23:06',22.07164760,82.14963460,'Domino\'s, Shrikant Verma Marg, Bilaspur, Bilaspur Tahsil, Bilaspur, Chhattisgarh, 495004, India','0d059894-2564-4e0f-93ef-855953f06751','2026-03-09 10:23:06','2026-03-09 10:23:06'),('946c2dc2-3d40-4939-9456-dca060dd22ca','0d059894-2564-4e0f-93ef-855953f06751','2026-06-22 10:08:26',22.07150047,82.14955982,'Domino\'s, Shrikant Verma Marg, Bilaspur, Bilaspur Tahsil, Bilaspur, Chhattisgarh, 495004, India','0d059894-2564-4e0f-93ef-855953f06751','2026-06-22 10:08:26','2026-06-22 10:08:26'),('94f9e98c-8763-4c1b-b242-cb02ed067d0f','6c78afb3-e659-4650-8d6f-f99bd8678087','2026-06-18 18:09:45',22.07164410,82.14964180,'Domino\'s, Shrikant Verma Marg, Bilaspur, Bilaspur Tahsil, Bilaspur, Chhattisgarh, 495004, India','6c78afb3-e659-4650-8d6f-f99bd8678087','2026-06-18 18:09:45','2026-06-18 18:09:45'),('953ac7ca-95fc-4d33-84d2-7f978ad66c24','2abc2052-1982-4326-9faa-e39896c4777d','2026-06-18 10:03:27',22.07155190,82.15000380,'Magneto Mall, Shrikant Verma Marg, Bilaspur, Bilaspur Tahsil, Bilaspur, Chhattisgarh, 495004, India','2abc2052-1982-4326-9faa-e39896c4777d','2026-06-18 10:03:27','2026-06-18 10:03:27'),('95506a65-f234-4145-9d19-507e49ac6468','0d059894-2564-4e0f-93ef-855953f06751','2026-02-24 10:24:10',22.07165640,82.14964380,'Domino\'s, Shrikant Verma Marg, Bilaspur, Bilaspur Tahsil, Bilaspur, Chhattisgarh, 495004, India','0d059894-2564-4e0f-93ef-855953f06751','2026-02-24 10:24:10','2026-02-24 10:24:10'),('9579a59e-d01e-4e8e-a8c3-db5e4ac6c7a2','a12add7e-898b-434e-b46c-527407e4ab8c','2026-05-13 12:25:20',22.72525160,82.57859470,'Poundi-Uproda Tahsil, Korba, Chhattisgarh, India','a12add7e-898b-434e-b46c-527407e4ab8c','2026-05-13 12:25:20','2026-05-13 12:25:20'),('95bae57e-05c7-4853-9061-28057095c7c3','ebd49fcc-cdb6-45c3-bd7b-27f7bcdefa18','2026-06-24 11:15:04',22.07174060,82.14961350,'Domino\'s, Shrikant Verma Marg, Bilaspur, Bilaspur Tahsil, Bilaspur, Chhattisgarh, 495004, India','ebd49fcc-cdb6-45c3-bd7b-27f7bcdefa18','2026-06-24 11:15:04','2026-06-24 11:15:04'),('95d9299c-9445-4bfe-b1e6-b4d0f231a671','1a1e4364-04cd-423f-ba1e-811c59fc76aa','2026-04-16 10:10:17',22.07169160,82.14977540,'McDonald\'s, Shrikant Verma Marg, Bilaspur, Bilaspur Tahsil, Bilaspur, Chhattisgarh, 495004, India','1a1e4364-04cd-423f-ba1e-811c59fc76aa','2026-04-16 10:10:17','2026-04-16 10:10:17'),('960ff92c-2253-4438-818b-76eb69a22324','79d154db-7197-410b-815a-25321488575f','2026-07-04 09:56:03',22.07157860,82.14911210,'KFC, Shrikant Verma Marg, Bilaspur, Bilaspur Tahsil, Bilaspur, Chhattisgarh, 495004, India','79d154db-7197-410b-815a-25321488575f','2026-07-04 09:56:03','2026-07-04 09:56:03'),('962b84d1-d2dd-4236-a755-16e0bc93b14c','c1916fe0-250b-4eb7-86f8-8ac5f330b190','2026-02-23 10:27:31',22.07192640,82.15052420,'Vinoba Nagar, Bilaspur, Bilaspur Tahsil, Bilaspur, Chhattisgarh, 495004, India','c1916fe0-250b-4eb7-86f8-8ac5f330b190','2026-02-23 10:27:31','2026-02-23 10:27:31'),('9655e8c1-094e-4b04-a628-89dd5cfc8dfe','2abc2052-1982-4326-9faa-e39896c4777d','2026-07-03 10:33:28',22.07167550,82.14963200,'Domino\'s, Shrikant Verma Marg, Bilaspur, Bilaspur Tahsil, Bilaspur, Chhattisgarh, 495004, India','2abc2052-1982-4326-9faa-e39896c4777d','2026-07-03 10:33:28','2026-07-03 10:33:28'),('972bfdb4-8053-465c-97dc-f5bcfc4bb3d4','f39e0437-03b6-485a-aafe-143e86d29935','2026-07-22 10:07:42',22.07166450,82.14957880,'Domino\'s, Shrikant Verma Marg, Bilaspur, Bilaspur Tahsil, Bilaspur, Chhattisgarh, 495004, India','f39e0437-03b6-485a-aafe-143e86d29935','2026-07-22 10:07:42','2026-07-22 10:07:42'),('97608f37-01ee-40e0-bd46-3a07f704ca84','c1916fe0-250b-4eb7-86f8-8ac5f330b190','2026-03-03 10:19:16',22.07173150,82.14952400,'KFC, Shrikant Verma Marg, Bilaspur, Bilaspur Tahsil, Bilaspur, Chhattisgarh, 495004, India','c1916fe0-250b-4eb7-86f8-8ac5f330b190','2026-03-03 10:19:16','2026-03-03 10:19:16'),('976aab2b-69a4-4805-89a2-dd6f4ab7a851','628c246c-3005-4619-b4db-facb426ee0cd','2026-07-16 10:29:22',22.07174800,82.14932070,'KFC, Shrikant Verma Marg, Bilaspur, Bilaspur Tahsil, Bilaspur, Chhattisgarh, 495004, India','628c246c-3005-4619-b4db-facb426ee0cd','2026-07-16 10:29:22','2026-07-16 10:29:22'),('9825a3de-017d-4815-846e-642c3f4f63db','f39e0437-03b6-485a-aafe-143e86d29935','2026-06-18 10:08:13',22.07168970,82.14960880,'Domino\'s, Shrikant Verma Marg, Bilaspur, Bilaspur Tahsil, Bilaspur, Chhattisgarh, 495004, India','f39e0437-03b6-485a-aafe-143e86d29935','2026-06-18 10:08:13','2026-06-18 10:08:13'),('98efeefc-b335-461a-b4b3-a1b4b6288691','1a1e4364-04cd-423f-ba1e-811c59fc76aa','2026-05-01 09:54:22',22.07162430,82.14955510,'Domino\'s, Shrikant Verma Marg, Bilaspur, Bilaspur Tahsil, Bilaspur, Chhattisgarh, 495004, India','1a1e4364-04cd-423f-ba1e-811c59fc76aa','2026-05-01 09:54:22','2026-05-01 09:54:22'),('991bd04a-af87-4edb-b0df-101452bd4cd1','e4104e9d-ef01-4a6d-886f-6cb2766e7b1d','2026-03-06 12:58:07',22.07164370,82.14963830,'Domino\'s, Shrikant Verma Marg, Bilaspur, Bilaspur Tahsil, Bilaspur, Chhattisgarh, 495004, India','e4104e9d-ef01-4a6d-886f-6cb2766e7b1d','2026-03-06 12:58:07','2026-03-06 12:58:07'),('991da6c1-6c8e-4176-b6cf-2c9f9ab3c1e9','628c246c-3005-4619-b4db-facb426ee0cd','2026-05-11 10:25:51',22.07167490,82.14954650,'Domino\'s, Shrikant Verma Marg, Bilaspur, Bilaspur Tahsil, Bilaspur, Chhattisgarh, 495004, India','628c246c-3005-4619-b4db-facb426ee0cd','2026-05-11 10:25:51','2026-05-11 10:25:51'),('9978bee6-ef7e-454e-8644-2317e088a417','f39e0437-03b6-485a-aafe-143e86d29935','2026-07-16 10:10:50',22.07168620,82.14948110,'KFC, Shrikant Verma Marg, Bilaspur, Bilaspur Tahsil, Bilaspur, Chhattisgarh, 495004, India','f39e0437-03b6-485a-aafe-143e86d29935','2026-07-16 10:10:50','2026-07-16 10:10:50'),('99a4054f-1195-44da-8ece-7a671ff92f2a','1a1e4364-04cd-423f-ba1e-811c59fc76aa','2026-06-29 10:04:55',22.07168820,82.14963790,'Domino\'s, Shrikant Verma Marg, Bilaspur, Bilaspur Tahsil, Bilaspur, Chhattisgarh, 495004, India','1a1e4364-04cd-423f-ba1e-811c59fc76aa','2026-06-29 10:04:55','2026-06-29 10:04:55'),('99d5bbed-93b2-45ff-b1ad-2f6e582bcfe9','2abc2052-1982-4326-9faa-e39896c4777d','2026-04-21 10:06:25',22.07176820,82.14932950,'KFC, Shrikant Verma Marg, Bilaspur, Bilaspur Tahsil, Bilaspur, Chhattisgarh, 495004, India','2abc2052-1982-4326-9faa-e39896c4777d','2026-04-21 10:06:25','2026-04-21 10:06:25'),('9a3034c6-7b8b-471b-8c75-d25380ae5542','0ed5bd53-4393-4020-be6a-48be5f84261e','2026-06-17 10:20:18',22.07151830,82.15043000,'Shrikant Verma Marg, Bilaspur, Bilaspur Tahsil, Bilaspur, Chhattisgarh, 495004, India','0ed5bd53-4393-4020-be6a-48be5f84261e','2026-06-17 10:20:18','2026-06-17 10:20:18'),('9a785c95-6ba2-4a51-a483-29cf42e43392','1a1e4364-04cd-423f-ba1e-811c59fc76aa','2026-06-04 09:59:21',22.07171640,82.15011490,'Shrikant Verma Marg, Bilaspur, Bilaspur Tahsil, Bilaspur, Chhattisgarh, 495004, India','1a1e4364-04cd-423f-ba1e-811c59fc76aa','2026-06-04 09:59:21','2026-06-04 09:59:21'),('9a8ffd4a-a77d-4a4a-89fd-a29d1d11f9c5','a600d78f-37dd-4ad4-9897-7d5dfa5c33e7','2026-06-28 10:19:56',22.02566020,82.21638850,'NH49, Bilaspur, Bilaspur Tahsil, Bilaspur, Chhattisgarh, 495004, India','a600d78f-37dd-4ad4-9897-7d5dfa5c33e7','2026-06-28 10:19:56','2026-06-28 10:19:56'),('9aabb9ce-840d-44fb-9a88-8d98a5e939d5','6c78afb3-e659-4650-8d6f-f99bd8678087','2026-03-12 10:00:50',22.07166050,82.14966250,'Domino\'s, Shrikant Verma Marg, Bilaspur, Bilaspur Tahsil, Bilaspur, Chhattisgarh, 495004, India','6c78afb3-e659-4650-8d6f-f99bd8678087','2026-03-12 10:00:50','2026-03-12 10:00:50'),('9abcfe09-7526-4aaf-bf1d-4279b7f6786b','e3326b31-8f4b-408f-b7f1-786439758e98','2026-05-12 11:30:39',22.60839080,82.67463030,'Korba Tahsil, Korba, Chhattisgarh, India','e3326b31-8f4b-408f-b7f1-786439758e98','2026-05-12 11:30:39','2026-05-12 11:30:39'),('9b3414d2-7909-4d8d-9fb1-f02796da0bf9','628c246c-3005-4619-b4db-facb426ee0cd','2026-07-21 10:58:55',22.07178210,82.14933950,'KFC, Shrikant Verma Marg, Bilaspur, Bilaspur Tahsil, Bilaspur, Chhattisgarh, 495004, India','628c246c-3005-4619-b4db-facb426ee0cd','2026-07-21 10:58:55','2026-07-21 10:58:55'),('9b662952-df7c-4dc6-a42a-94cfc0f4bf68','6c78afb3-e659-4650-8d6f-f99bd8678087','2026-06-20 10:45:15',22.07167150,82.14958000,'Domino\'s, Shrikant Verma Marg, Bilaspur, Bilaspur Tahsil, Bilaspur, Chhattisgarh, 495004, India','6c78afb3-e659-4650-8d6f-f99bd8678087','2026-06-20 10:45:15','2026-06-20 10:45:15'),('9b90fc3a-6935-4abb-8e89-6c8b72a842b5','6c78afb3-e659-4650-8d6f-f99bd8678087','2026-06-01 10:45:34',22.07165740,82.14957260,'Domino\'s, Shrikant Verma Marg, Bilaspur, Bilaspur Tahsil, Bilaspur, Chhattisgarh, 495004, India','6c78afb3-e659-4650-8d6f-f99bd8678087','2026-06-01 10:45:34','2026-06-01 10:45:34'),('9c9c7067-2b18-45e1-967e-9a7a1a30fffa','1a1e4364-04cd-423f-ba1e-811c59fc76aa','2026-04-02 09:35:58',22.07170970,82.14970500,'Domino\'s, Shrikant Verma Marg, Bilaspur, Bilaspur Tahsil, Bilaspur, Chhattisgarh, 495004, India','1a1e4364-04cd-423f-ba1e-811c59fc76aa','2026-04-02 09:35:58','2026-04-02 09:35:58'),('9cd409f9-a70d-4fca-908b-57b0d86852b9','79d154db-7197-410b-815a-25321488575f','2026-06-17 10:53:38',22.07177740,82.14960180,'Domino\'s, Shrikant Verma Marg, Bilaspur, Bilaspur Tahsil, Bilaspur, Chhattisgarh, 495004, India','79d154db-7197-410b-815a-25321488575f','2026-06-17 10:53:38','2026-06-17 10:53:38'),('9d6cf87b-8fe2-4c0e-bd25-d7f4d3d10855','79d154db-7197-410b-815a-25321488575f','2026-05-27 10:43:10',22.07175080,82.14959570,'Domino\'s, Shrikant Verma Marg, Bilaspur, Bilaspur Tahsil, Bilaspur, Chhattisgarh, 495004, India','79d154db-7197-410b-815a-25321488575f','2026-05-27 10:43:10','2026-05-27 10:43:10'),('9d93a8c3-cc66-4a8b-a447-37d2a38e5232','6c78afb3-e659-4650-8d6f-f99bd8678087','2026-06-17 16:43:03',22.07164570,82.14958980,'Domino\'s, Shrikant Verma Marg, Bilaspur, Bilaspur Tahsil, Bilaspur, Chhattisgarh, 495004, India','6c78afb3-e659-4650-8d6f-f99bd8678087','2026-06-17 16:43:03','2026-06-17 16:43:03'),('9df4e0ae-1b08-4f43-99ef-5f008cd80f6f','0d059894-2564-4e0f-93ef-855953f06751','2026-06-11 10:06:35',22.07184000,82.14999167,'McDonald\'s, Shrikant Verma Marg, Bilaspur, Bilaspur Tahsil, Bilaspur, Chhattisgarh, 495004, India','0d059894-2564-4e0f-93ef-855953f06751','2026-06-11 10:06:35','2026-06-11 10:06:35'),('9f6e1c24-3f27-44d2-a7d9-fccae20b2b62','c1916fe0-250b-4eb7-86f8-8ac5f330b190','2026-06-22 11:02:26',22.07205500,82.14996170,'McDonald\'s, Shrikant Verma Marg, Bilaspur, Bilaspur Tahsil, Bilaspur, Chhattisgarh, 495004, India','c1916fe0-250b-4eb7-86f8-8ac5f330b190','2026-06-22 11:02:26','2026-06-22 11:02:26'),('9f77e151-de10-4a24-86c7-fafbfc55f6bd','628c246c-3005-4619-b4db-facb426ee0cd','2026-06-06 10:25:02',22.07177350,82.14936050,'KFC, Shrikant Verma Marg, Bilaspur, Bilaspur Tahsil, Bilaspur, Chhattisgarh, 495004, India','628c246c-3005-4619-b4db-facb426ee0cd','2026-06-06 10:25:02','2026-06-06 10:25:02'),('a00f4f96-d752-4f0a-9d55-d297ce585fd9','2abc2052-1982-4326-9faa-e39896c4777d','2026-05-30 10:06:08',22.07174100,82.14936440,'KFC, Shrikant Verma Marg, Bilaspur, Bilaspur Tahsil, Bilaspur, Chhattisgarh, 495004, India','2abc2052-1982-4326-9faa-e39896c4777d','2026-05-30 10:06:08','2026-05-30 10:06:08'),('a034a0ff-08f3-49ae-8d48-1f4e6ac37b2e','a600d78f-37dd-4ad4-9897-7d5dfa5c33e7','2026-05-31 10:04:14',20.70874460,81.19602850,'Balod, Balod Tahsil, Balod, Chhattisgarh, 491226, India','a600d78f-37dd-4ad4-9897-7d5dfa5c33e7','2026-05-31 10:04:14','2026-05-31 10:04:14'),('a054bd8b-367e-4594-9151-e3f8a2943fe4','628c246c-3005-4619-b4db-facb426ee0cd','2026-06-30 11:57:12',22.07207010,82.14977490,'McDonald\'s, Shrikant Verma Marg, Bilaspur, Bilaspur Tahsil, Bilaspur, Chhattisgarh, 495004, India','628c246c-3005-4619-b4db-facb426ee0cd','2026-06-30 11:57:12','2026-06-30 11:57:12'),('a120fba2-7b89-4620-9634-7293a187eac2','2abc2052-1982-4326-9faa-e39896c4777d','2026-06-03 09:57:33',22.07178000,82.14933070,'KFC, Shrikant Verma Marg, Bilaspur, Bilaspur Tahsil, Bilaspur, Chhattisgarh, 495004, India','2abc2052-1982-4326-9faa-e39896c4777d','2026-06-03 09:57:33','2026-06-03 09:57:33'),('a13aa6be-4e1e-450e-8aef-541819144ca0','1a1e4364-04cd-423f-ba1e-811c59fc76aa','2026-05-08 10:41:04',22.07161210,82.14958030,'Domino\'s, Shrikant Verma Marg, Bilaspur, Bilaspur Tahsil, Bilaspur, Chhattisgarh, 495004, India','1a1e4364-04cd-423f-ba1e-811c59fc76aa','2026-05-08 10:41:04','2026-05-08 10:41:04'),('a2711b34-3dd6-48c7-ada3-8fdd2ede46c0','b44fbe57-0502-4444-ad26-4a86c8ede58d','2026-05-19 09:49:27',22.07179860,82.14959990,'Domino\'s, Shrikant Verma Marg, Bilaspur, Bilaspur Tahsil, Bilaspur, Chhattisgarh, 495004, India','b44fbe57-0502-4444-ad26-4a86c8ede58d','2026-05-19 09:49:27','2026-05-19 09:49:27'),('a2c174ec-6cc6-4823-a731-72db30824858','1a1e4364-04cd-423f-ba1e-811c59fc76aa','2026-04-15 09:20:12',22.07167510,82.14951390,'KFC, Shrikant Verma Marg, Bilaspur, Bilaspur Tahsil, Bilaspur, Chhattisgarh, 495004, India','1a1e4364-04cd-423f-ba1e-811c59fc76aa','2026-04-15 09:20:12','2026-04-15 09:20:12'),('a326b35a-b380-4c07-909c-85540228c92b','628c246c-3005-4619-b4db-facb426ee0cd','2026-05-12 10:26:38',22.07170090,82.14949930,'KFC, Shrikant Verma Marg, Bilaspur, Bilaspur Tahsil, Bilaspur, Chhattisgarh, 495004, India','628c246c-3005-4619-b4db-facb426ee0cd','2026-05-12 10:26:38','2026-05-12 10:26:38'),('a53916ba-0117-43ce-be8e-95a8008bbc56','ebd49fcc-cdb6-45c3-bd7b-27f7bcdefa18','2026-02-27 10:40:53',22.07172010,82.14957300,'Domino\'s, Shrikant Verma Marg, Bilaspur, Bilaspur Tahsil, Bilaspur, Chhattisgarh, 495004, India','ebd49fcc-cdb6-45c3-bd7b-27f7bcdefa18','2026-02-27 10:40:53','2026-02-27 10:40:53'),('a560b5cf-9735-4f43-90d9-fdb63ddb41b4','f39e0437-03b6-485a-aafe-143e86d29935','2026-07-04 10:07:54',22.07168830,82.14963200,'Domino\'s, Shrikant Verma Marg, Bilaspur, Bilaspur Tahsil, Bilaspur, Chhattisgarh, 495004, India','f39e0437-03b6-485a-aafe-143e86d29935','2026-07-04 10:07:54','2026-07-04 10:07:54'),('a5980cea-baef-43a4-bc34-230b51172650','79d154db-7197-410b-815a-25321488575f','2026-02-17 10:36:12',22.07172350,82.14954090,'Coordinates: 22.0717235, 82.1495409','79d154db-7197-410b-815a-25321488575f','2026-02-17 10:36:12','2026-02-17 10:36:12'),('a5e6e7cb-1120-4af6-b42f-2aa4c4615bea','a600d78f-37dd-4ad4-9897-7d5dfa5c33e7','2026-06-29 10:20:16',22.02529000,82.21638850,'NH49, Bilaspur, Bilaspur Tahsil, Bilaspur, Chhattisgarh, 495004, India','a600d78f-37dd-4ad4-9897-7d5dfa5c33e7','2026-06-29 10:20:16','2026-06-29 10:20:16'),('a5f7e27b-9f52-4f15-8c9a-3f1e8db7b8f8','1a1e4364-04cd-423f-ba1e-811c59fc76aa','2026-05-19 09:46:38',22.07168320,82.14957430,'Domino\'s, Shrikant Verma Marg, Bilaspur, Bilaspur Tahsil, Bilaspur, Chhattisgarh, 495004, India','1a1e4364-04cd-423f-ba1e-811c59fc76aa','2026-05-19 09:46:38','2026-05-19 09:46:38'),('a639a340-5d13-4da6-b1d8-7187a378df04','c1916fe0-250b-4eb7-86f8-8ac5f330b190','2026-03-02 11:09:26',22.07172560,82.14962310,'Domino\'s, Shrikant Verma Marg, Bilaspur, Bilaspur Tahsil, Bilaspur, Chhattisgarh, 495004, India','c1916fe0-250b-4eb7-86f8-8ac5f330b190','2026-03-02 11:09:26','2026-03-02 11:09:26'),('a63a6398-8096-448c-b003-c9f0b87364f8','a600d78f-37dd-4ad4-9897-7d5dfa5c33e7','2026-05-24 10:21:15',22.02141880,82.20393650,'Bilaspur, Bilaspur Tahsil, Bilaspur, Chhattisgarh, 495004, India','a600d78f-37dd-4ad4-9897-7d5dfa5c33e7','2026-05-24 10:21:15','2026-05-24 10:21:15'),('a67a61ba-50b5-481b-a579-3b26b1c03d08','2abc2052-1982-4326-9faa-e39896c4777d','2026-05-08 10:08:36',22.07177590,82.14932940,'KFC, Shrikant Verma Marg, Bilaspur, Bilaspur Tahsil, Bilaspur, Chhattisgarh, 495004, India','2abc2052-1982-4326-9faa-e39896c4777d','2026-05-08 10:08:36','2026-05-08 10:08:36'),('a6bd7d24-2866-483e-9857-67943ab6d0bf','0d059894-2564-4e0f-93ef-855953f06751','2026-07-15 10:42:09',22.07164890,82.14947550,'KFC, Shrikant Verma Marg, Bilaspur, Bilaspur Tahsil, Bilaspur, Chhattisgarh, 495004, India','0d059894-2564-4e0f-93ef-855953f06751','2026-07-15 10:42:09','2026-07-15 10:42:09'),('a6c446e5-eaf0-49d1-8a53-d08a50472b2c','6c78afb3-e659-4650-8d6f-f99bd8678087','2026-03-05 11:05:42',22.07164080,82.14962630,'Domino\'s, Shrikant Verma Marg, Bilaspur, Bilaspur Tahsil, Bilaspur, Chhattisgarh, 495004, India','6c78afb3-e659-4650-8d6f-f99bd8678087','2026-03-05 11:05:42','2026-03-05 11:05:42'),('a6fc32a8-6cf8-49cf-9ce2-c21e4ec67d55','1a1e4364-04cd-423f-ba1e-811c59fc76aa','2026-05-09 12:27:51',22.07167000,82.14964630,'Domino\'s, Shrikant Verma Marg, Bilaspur, Bilaspur Tahsil, Bilaspur, Chhattisgarh, 495004, India','1a1e4364-04cd-423f-ba1e-811c59fc76aa','2026-05-09 12:27:51','2026-05-09 12:27:51'),('a70ad752-9269-465d-9e4a-163d87ec274c','e4104e9d-ef01-4a6d-886f-6cb2766e7b1d','2026-02-16 18:17:14',22.07165100,82.14945260,'KFC, Shrikant Verma Marg, Bilaspur, Bilaspur Tahsil, Bilaspur, Chhattisgarh, 495004, India','e4104e9d-ef01-4a6d-886f-6cb2766e7b1d','2026-02-16 18:17:14','2026-02-16 18:17:14'),('a75360e6-fe99-4a1e-9285-c986f3f9e989','e4104e9d-ef01-4a6d-886f-6cb2766e7b1d','2026-02-19 11:24:45',22.07165130,82.14967150,'Domino\'s, Shrikant Verma Marg, Bilaspur, Bilaspur Tahsil, Bilaspur, Chhattisgarh, 495004, India','e4104e9d-ef01-4a6d-886f-6cb2766e7b1d','2026-02-19 11:24:45','2026-02-19 11:24:45'),('a78e5688-df7c-4e77-9ae6-b2c519b94a4d','79d154db-7197-410b-815a-25321488575f','2026-05-13 11:51:06',22.71756200,82.50894320,'NH130, Poundi-Uproda Tahsil, Korba, Chhattisgarh, India','79d154db-7197-410b-815a-25321488575f','2026-05-13 11:51:06','2026-05-13 11:51:06'),('a7a7c3b0-170a-4763-84a4-b9609f4260f0','628c246c-3005-4619-b4db-facb426ee0cd','2026-06-09 10:22:31',22.07155424,82.14973630,'Domino\'s, Shrikant Verma Marg, Bilaspur, Bilaspur Tahsil, Bilaspur, Chhattisgarh, 495004, India','628c246c-3005-4619-b4db-facb426ee0cd','2026-06-09 10:22:31','2026-06-09 10:22:31'),('a7f72445-233a-45ce-aae8-77a7586a5940','a600d78f-37dd-4ad4-9897-7d5dfa5c33e7','2026-05-17 10:38:45',22.02150100,82.20406570,'Bilaspur, Bilaspur Tahsil, Bilaspur, Chhattisgarh, 495004, India','a600d78f-37dd-4ad4-9897-7d5dfa5c33e7','2026-05-17 10:38:45','2026-05-17 10:38:45'),('a8a4fbff-ccec-4524-9548-04e47e7d4c54','a600d78f-37dd-4ad4-9897-7d5dfa5c33e7','2026-05-18 13:45:27',22.02598180,82.21536940,'NH49, Bilaspur, Bilaspur Tahsil, Bilaspur, Chhattisgarh, 495004, India','a600d78f-37dd-4ad4-9897-7d5dfa5c33e7','2026-05-18 13:45:27','2026-05-18 13:45:27'),('a9239dae-cd0c-4bb6-b8b0-9a322872c2b4','0d059894-2564-4e0f-93ef-855953f06751','2026-06-16 10:41:14',22.07167500,82.14956320,'Domino\'s, Shrikant Verma Marg, Bilaspur, Bilaspur Tahsil, Bilaspur, Chhattisgarh, 495004, India','0d059894-2564-4e0f-93ef-855953f06751','2026-06-16 10:41:14','2026-06-16 10:41:14'),('a92ae87e-8037-4060-8786-eebff2565158','1a1e4364-04cd-423f-ba1e-811c59fc76aa','2026-04-27 11:47:55',22.07162200,82.14964040,'Domino\'s, Shrikant Verma Marg, Bilaspur, Bilaspur Tahsil, Bilaspur, Chhattisgarh, 495004, India','1a1e4364-04cd-423f-ba1e-811c59fc76aa','2026-04-27 11:47:55','2026-04-27 11:47:55'),('a9b63030-b909-4fc1-989c-35810c3bd338','6c78afb3-e659-4650-8d6f-f99bd8678087','2026-03-03 10:13:20',22.07164720,82.14966830,'Domino\'s, Shrikant Verma Marg, Bilaspur, Bilaspur Tahsil, Bilaspur, Chhattisgarh, 495004, India','6c78afb3-e659-4650-8d6f-f99bd8678087','2026-03-03 10:13:20','2026-03-03 10:13:20'),('aa3a24e4-cdf7-4ef1-bdf5-9cdf2c61b3f1','a600d78f-37dd-4ad4-9897-7d5dfa5c33e7','2026-05-29 19:28:50',22.02003220,82.20780500,'NH49, Bilaspur, Bilaspur Tahsil, Bilaspur, Chhattisgarh, 495004, India','a600d78f-37dd-4ad4-9897-7d5dfa5c33e7','2026-05-29 19:28:50','2026-05-29 19:28:50'),('aa3ad8e5-ef81-4209-bb11-4afbac34eb98','2abc2052-1982-4326-9faa-e39896c4777d','2026-04-11 10:11:35',22.07176160,82.14934040,'KFC, Shrikant Verma Marg, Bilaspur, Bilaspur Tahsil, Bilaspur, Chhattisgarh, 495004, India','2abc2052-1982-4326-9faa-e39896c4777d','2026-04-11 10:11:35','2026-04-11 10:11:35'),('aae4abb7-7986-435e-97b9-95a74c5e7912','aaf288a3-fe5f-4844-a15f-6994d10517e1','2026-07-07 10:02:56',22.07168670,82.14943390,'KFC, Shrikant Verma Marg, Bilaspur, Bilaspur Tahsil, Bilaspur, Chhattisgarh, 495004, India','aaf288a3-fe5f-4844-a15f-6994d10517e1','2026-07-07 10:02:56','2026-07-07 10:02:56'),('ab0479a5-de62-4ed1-ad90-0a829f8616cc','f39e0437-03b6-485a-aafe-143e86d29935','2026-06-23 10:13:17',22.07167940,82.14963570,'Domino\'s, Shrikant Verma Marg, Bilaspur, Bilaspur Tahsil, Bilaspur, Chhattisgarh, 495004, India','f39e0437-03b6-485a-aafe-143e86d29935','2026-06-23 10:13:17','2026-06-23 10:13:17'),('ab32ca65-6105-4c58-9c2f-6c468354043a','79d154db-7197-410b-815a-25321488575f','2026-03-02 10:36:12',22.07211500,82.14978000,'PVR Cinemas, Shrikant Verma Marg, Bilaspur, Bilaspur Tahsil, Bilaspur, Chhattisgarh, 495004, India','79d154db-7197-410b-815a-25321488575f','2026-03-02 10:36:12','2026-03-02 10:36:12'),('ab5f8dda-658e-4bee-bf83-c19f0f53959d','ebd49fcc-cdb6-45c3-bd7b-27f7bcdefa18','2026-06-19 10:51:49',22.07175440,82.14965210,'Domino\'s, Shrikant Verma Marg, Bilaspur, Bilaspur Tahsil, Bilaspur, Chhattisgarh, 495004, India','ebd49fcc-cdb6-45c3-bd7b-27f7bcdefa18','2026-06-19 10:51:49','2026-06-19 10:51:49'),('abae17f9-a816-4727-b4f1-90daccb0dfda','79d154db-7197-410b-815a-25321488575f','2026-06-16 10:36:14',22.07178650,82.14958350,'Domino\'s, Shrikant Verma Marg, Bilaspur, Bilaspur Tahsil, Bilaspur, Chhattisgarh, 495004, India','79d154db-7197-410b-815a-25321488575f','2026-06-16 10:36:14','2026-06-16 10:36:14'),('abbefaea-8522-428c-842c-59926608552f','1a1e4364-04cd-423f-ba1e-811c59fc76aa','2026-02-28 09:34:07',22.07164530,82.14967860,'Domino\'s, Shrikant Verma Marg, Bilaspur, Bilaspur Tahsil, Bilaspur, Chhattisgarh, 495004, India','1a1e4364-04cd-423f-ba1e-811c59fc76aa','2026-02-28 09:34:07','2026-02-28 09:34:07'),('ac474d4b-a17f-4514-aa7c-e66092e0c10c','1a1e4364-04cd-423f-ba1e-811c59fc76aa','2026-07-20 10:00:09',22.07166910,82.14959600,'Domino\'s, Shrikant Verma Marg, Bilaspur, Bilaspur Tahsil, Bilaspur, Chhattisgarh, 495004, India','1a1e4364-04cd-423f-ba1e-811c59fc76aa','2026-07-20 10:00:09','2026-07-20 10:00:09'),('ac5c70c8-1639-4354-88ed-5c95622ba783','2abc2052-1982-4326-9faa-e39896c4777d','2026-07-07 10:07:36',22.07176430,82.14933450,'KFC, Shrikant Verma Marg, Bilaspur, Bilaspur Tahsil, Bilaspur, Chhattisgarh, 495004, India','2abc2052-1982-4326-9faa-e39896c4777d','2026-07-07 10:07:36','2026-07-07 10:07:36'),('aca3953b-8860-437e-aa9a-c12f0f3074b9','79d154db-7197-410b-815a-25321488575f','2026-06-09 10:14:53',22.07178100,82.14933060,'KFC, Shrikant Verma Marg, Bilaspur, Bilaspur Tahsil, Bilaspur, Chhattisgarh, 495004, India','79d154db-7197-410b-815a-25321488575f','2026-06-09 10:14:53','2026-06-09 10:14:53'),('acec9781-bf1e-4edc-9eb6-24a6d1edb610','79d154db-7197-410b-815a-25321488575f','2026-04-30 10:06:22',22.07175500,82.14953900,'KFC, Shrikant Verma Marg, Bilaspur, Bilaspur Tahsil, Bilaspur, Chhattisgarh, 495004, India','79d154db-7197-410b-815a-25321488575f','2026-04-30 10:06:22','2026-04-30 10:06:22'),('acefc480-f990-456a-9807-2baa98b711fd','2abc2052-1982-4326-9faa-e39896c4777d','2026-07-18 10:02:01',22.07152510,82.14981790,'McDonald\'s, Shrikant Verma Marg, Bilaspur, Bilaspur Tahsil, Bilaspur, Chhattisgarh, 495004, India','2abc2052-1982-4326-9faa-e39896c4777d','2026-07-18 10:02:01','2026-07-18 10:02:01'),('ad5995bd-0200-4e42-b3a7-f4d90bcfacbb','0d059894-2564-4e0f-93ef-855953f06751','2026-07-03 10:30:11',22.07166965,82.14964327,'Domino\'s, Shrikant Verma Marg, Bilaspur, Bilaspur Tahsil, Bilaspur, Chhattisgarh, 495004, India','0d059894-2564-4e0f-93ef-855953f06751','2026-07-03 10:30:11','2026-07-03 10:30:11'),('ae2214bb-6d37-4399-8c1e-01d3715c8093','2abc2052-1982-4326-9faa-e39896c4777d','2026-07-08 10:02:10',22.07158510,82.14917780,'KFC, Shrikant Verma Marg, Bilaspur, Bilaspur Tahsil, Bilaspur, Chhattisgarh, 495004, India','2abc2052-1982-4326-9faa-e39896c4777d','2026-07-08 10:02:10','2026-07-08 10:02:10'),('ae274fda-c492-4a1a-a8db-07f6d4be0ef7','2abc2052-1982-4326-9faa-e39896c4777d','2026-07-01 09:59:20',22.07157300,82.14913740,'KFC, Shrikant Verma Marg, Bilaspur, Bilaspur Tahsil, Bilaspur, Chhattisgarh, 495004, India','2abc2052-1982-4326-9faa-e39896c4777d','2026-07-01 09:59:20','2026-07-01 09:59:20'),('af0143bb-e080-4d88-a630-e526988d9f9d','1a1e4364-04cd-423f-ba1e-811c59fc76aa','2026-07-18 09:58:34',22.07165850,82.14958150,'Domino\'s, Shrikant Verma Marg, Bilaspur, Bilaspur Tahsil, Bilaspur, Chhattisgarh, 495004, India','1a1e4364-04cd-423f-ba1e-811c59fc76aa','2026-07-18 09:58:34','2026-07-18 09:58:34'),('b1a5221d-b717-4227-a6df-233a3d29f080','0d059894-2564-4e0f-93ef-855953f06751','2026-07-18 10:12:53',22.07165320,82.14953730,'Domino\'s, Shrikant Verma Marg, Bilaspur, Bilaspur Tahsil, Bilaspur, Chhattisgarh, 495004, India','0d059894-2564-4e0f-93ef-855953f06751','2026-07-18 10:12:53','2026-07-18 10:12:53'),('b1a5c9fc-b617-49e5-a8f7-d0909cd67d5d','2abc2052-1982-4326-9faa-e39896c4777d','2026-04-27 10:09:21',22.07175180,82.14936450,'KFC, Shrikant Verma Marg, Bilaspur, Bilaspur Tahsil, Bilaspur, Chhattisgarh, 495004, India','2abc2052-1982-4326-9faa-e39896c4777d','2026-04-27 10:09:21','2026-04-27 10:09:21'),('b2984afa-4431-4321-998a-5ee4c2fc254b','b44fbe57-0502-4444-ad26-4a86c8ede58d','2026-05-14 12:07:32',22.07166070,82.14957700,'Domino\'s, Shrikant Verma Marg, Bilaspur, Bilaspur Tahsil, Bilaspur, Chhattisgarh, 495004, India','b44fbe57-0502-4444-ad26-4a86c8ede58d','2026-05-14 12:07:32','2026-05-14 12:07:32'),('b351a485-5cba-4fb1-a32a-f7d0674d7ee2','2abc2052-1982-4326-9faa-e39896c4777d','2026-06-29 10:01:15',22.07443790,82.14822940,'Bilaspur, Bilaspur Tahsil, Bilaspur, Chhattisgarh, 495004, India','2abc2052-1982-4326-9faa-e39896c4777d','2026-06-29 10:01:15','2026-06-29 10:01:15'),('b4cf00a7-da69-4a01-9332-dd8c292c2f14','1a1e4364-04cd-423f-ba1e-811c59fc76aa','2026-07-06 10:47:04',22.07169580,82.14959110,'Domino\'s, Shrikant Verma Marg, Bilaspur, Bilaspur Tahsil, Bilaspur, Chhattisgarh, 495004, India','1a1e4364-04cd-423f-ba1e-811c59fc76aa','2026-07-06 10:47:04','2026-07-06 10:47:04'),('b56a4170-483d-4618-9849-a253d4ef0af2','f39e0437-03b6-485a-aafe-143e86d29935','2026-06-30 10:12:02',22.07169390,82.14964310,'Domino\'s, Shrikant Verma Marg, Bilaspur, Bilaspur Tahsil, Bilaspur, Chhattisgarh, 495004, India','f39e0437-03b6-485a-aafe-143e86d29935','2026-06-30 10:12:02','2026-06-30 10:12:02'),('b58f72df-8289-4fee-8fd3-6638dfee1041','2abc2052-1982-4326-9faa-e39896c4777d','2026-07-10 10:01:28',22.07156900,82.14987950,'McDonald\'s, Shrikant Verma Marg, Bilaspur, Bilaspur Tahsil, Bilaspur, Chhattisgarh, 495004, India','2abc2052-1982-4326-9faa-e39896c4777d','2026-07-10 10:01:28','2026-07-10 10:01:28'),('b5a8b485-7349-479b-a6de-69ac04048e7c','2abc2052-1982-4326-9faa-e39896c4777d','2026-06-09 10:01:29',22.07176980,82.14933570,'KFC, Shrikant Verma Marg, Bilaspur, Bilaspur Tahsil, Bilaspur, Chhattisgarh, 495004, India','2abc2052-1982-4326-9faa-e39896c4777d','2026-06-09 10:01:29','2026-06-09 10:01:29'),('b5b6ec88-d4d4-4b9f-962a-963d623b253d','a600d78f-37dd-4ad4-9897-7d5dfa5c33e7','2026-07-01 18:30:57',23.37689210,85.23330770,'Kathartoli, Ranchi, Kanke, Ranchi, Jharkhand, 835005, India','a600d78f-37dd-4ad4-9897-7d5dfa5c33e7','2026-07-01 18:30:57','2026-07-01 18:30:57'),('b673ac70-128f-40ed-b450-4e1f736ba8b7','628c246c-3005-4619-b4db-facb426ee0cd','2026-05-14 10:38:22',22.07173920,82.14928780,'KFC, Shrikant Verma Marg, Bilaspur, Bilaspur Tahsil, Bilaspur, Chhattisgarh, 495004, India','628c246c-3005-4619-b4db-facb426ee0cd','2026-05-14 10:38:22','2026-05-14 10:38:22'),('b72780fa-81ac-4697-ad22-5ba33471e202','aaf288a3-fe5f-4844-a15f-6994d10517e1','2026-07-03 10:26:25',22.07168300,82.14974590,'Domino\'s, Shrikant Verma Marg, Bilaspur, Bilaspur Tahsil, Bilaspur, Chhattisgarh, 495004, India','aaf288a3-fe5f-4844-a15f-6994d10517e1','2026-07-03 10:26:25','2026-07-03 10:26:25'),('b736116c-2bf3-4d11-9cc0-38f5e534bd28','0ed5bd53-4393-4020-be6a-48be5f84261e','2026-06-23 10:20:37',22.07160390,82.14989160,'McDonald\'s, Shrikant Verma Marg, Bilaspur, Bilaspur Tahsil, Bilaspur, Chhattisgarh, 495004, India','0ed5bd53-4393-4020-be6a-48be5f84261e','2026-06-23 10:20:37','2026-06-23 10:20:37'),('b79bfa9e-f6fb-49f2-b02e-77912764c563','2abc2052-1982-4326-9faa-e39896c4777d','2026-03-09 09:59:14',22.07165500,82.14965220,'Domino\'s, Shrikant Verma Marg, Bilaspur, Bilaspur Tahsil, Bilaspur, Chhattisgarh, 495004, India','2abc2052-1982-4326-9faa-e39896c4777d','2026-03-09 09:59:14','2026-03-09 09:59:14'),('b7e4b475-81a9-4802-8325-0c9c1ff6e62f','f39e0437-03b6-485a-aafe-143e86d29935','2026-07-07 10:44:52',22.07169710,82.14961720,'Domino\'s, Shrikant Verma Marg, Bilaspur, Bilaspur Tahsil, Bilaspur, Chhattisgarh, 495004, India','f39e0437-03b6-485a-aafe-143e86d29935','2026-07-07 10:44:52','2026-07-07 10:44:52'),('b828af0f-cdad-4b99-b0c2-624900675e74','ebd49fcc-cdb6-45c3-bd7b-27f7bcdefa18','2026-03-12 10:57:04',22.07172260,82.14951020,'KFC, Shrikant Verma Marg, Bilaspur, Bilaspur Tahsil, Bilaspur, Chhattisgarh, 495004, India','ebd49fcc-cdb6-45c3-bd7b-27f7bcdefa18','2026-03-12 10:57:04','2026-03-12 10:57:04'),('b986b2de-0220-4051-9f33-9d9ce1fe0b32','a600d78f-37dd-4ad4-9897-7d5dfa5c33e7','2026-06-07 13:34:49',20.70734780,81.19465510,'Balod, Balod Tahsil, Balod, Chhattisgarh, 491226, India','a600d78f-37dd-4ad4-9897-7d5dfa5c33e7','2026-06-07 13:34:49','2026-06-07 13:34:49'),('ba054482-54d5-4b80-b5ed-1214edb17167','1a1e4364-04cd-423f-ba1e-811c59fc76aa','2026-02-26 16:05:35',22.07167600,82.14972170,'Domino\'s, Shrikant Verma Marg, Bilaspur, Bilaspur Tahsil, Bilaspur, Chhattisgarh, 495004, India','1a1e4364-04cd-423f-ba1e-811c59fc76aa','2026-02-26 16:05:35','2026-02-26 16:05:35'),('ba204ed6-d936-435f-ada7-2c238a4e0887','e4104e9d-ef01-4a6d-886f-6cb2766e7b1d','2026-02-18 11:04:19',22.07164040,82.14963680,'Domino\'s, Shrikant Verma Marg, Bilaspur, Bilaspur Tahsil, Bilaspur, Chhattisgarh, 495004, India','e4104e9d-ef01-4a6d-886f-6cb2766e7b1d','2026-02-18 11:04:19','2026-02-18 11:04:19'),('baaae166-dda8-4fae-8e6d-8f25a3a05032','0d059894-2564-4e0f-93ef-855953f06751','2026-05-20 10:29:21',22.07164020,82.14961880,'Domino\'s, Shrikant Verma Marg, Bilaspur, Bilaspur Tahsil, Bilaspur, Chhattisgarh, 495004, India','0d059894-2564-4e0f-93ef-855953f06751','2026-05-20 10:29:21','2026-05-20 10:29:21'),('bac4159b-8ea9-4130-b968-3b500464a624','1a1e4364-04cd-423f-ba1e-811c59fc76aa','2026-07-08 10:05:09',22.07168850,82.14955160,'Domino\'s, Shrikant Verma Marg, Bilaspur, Bilaspur Tahsil, Bilaspur, Chhattisgarh, 495004, India','1a1e4364-04cd-423f-ba1e-811c59fc76aa','2026-07-08 10:05:09','2026-07-08 10:05:09'),('bb31aece-5bfb-4ef5-ab4a-d1bcb3c6b977','c1916fe0-250b-4eb7-86f8-8ac5f330b190','2026-06-24 10:52:16',22.07129450,82.14983120,'Magneto Mall, Shrikant Verma Marg, Bilaspur, Bilaspur Tahsil, Bilaspur, Chhattisgarh, 495004, India','c1916fe0-250b-4eb7-86f8-8ac5f330b190','2026-06-24 10:52:16','2026-06-24 10:52:16'),('bbb14b45-a314-444a-bd33-9bfe48b06c6a','1a1e4364-04cd-423f-ba1e-811c59fc76aa','2026-03-18 09:47:59',22.07163360,82.14964820,'Domino\'s, Shrikant Verma Marg, Bilaspur, Bilaspur Tahsil, Bilaspur, Chhattisgarh, 495004, India','1a1e4364-04cd-423f-ba1e-811c59fc76aa','2026-03-18 09:47:59','2026-03-18 09:47:59'),('bc2b9c33-4c82-4969-9657-ad34d934d445','2abc2052-1982-4326-9faa-e39896c4777d','2026-06-11 10:00:23',22.07441360,82.14823080,'Bilaspur, Bilaspur Tahsil, Bilaspur, Chhattisgarh, 495004, India','2abc2052-1982-4326-9faa-e39896c4777d','2026-06-11 10:00:23','2026-06-11 10:00:23'),('bc4906f1-cf86-484b-82d8-985e7cb16557','a600d78f-37dd-4ad4-9897-7d5dfa5c33e7','2026-06-08 09:56:12',22.02150110,82.20406460,'Bilaspur, Bilaspur Tahsil, Bilaspur, Chhattisgarh, 495004, India','a600d78f-37dd-4ad4-9897-7d5dfa5c33e7','2026-06-08 09:56:12','2026-06-08 09:56:12'),('bca97946-59d1-44e9-9ae2-d286c40d31d1','c1916fe0-250b-4eb7-86f8-8ac5f330b190','2026-02-25 10:17:13',22.07201610,82.14939070,'PVR Cinemas, Shrikant Verma Marg, Bilaspur, Bilaspur Tahsil, Bilaspur, Chhattisgarh, 495004, India','c1916fe0-250b-4eb7-86f8-8ac5f330b190','2026-02-25 10:17:13','2026-02-25 10:17:13'),('bca97efb-5d70-4a55-9cc7-03b549be9696','0ed5bd53-4393-4020-be6a-48be5f84261e','2026-07-15 10:15:13',22.07216550,82.14997870,'Bilaspur, Bilaspur Tahsil, Bilaspur, Chhattisgarh, 495004, India','0ed5bd53-4393-4020-be6a-48be5f84261e','2026-07-15 10:15:13','2026-07-15 10:15:13'),('bd7ffeae-cace-4ef0-9ca5-72789d946f24','0d059894-2564-4e0f-93ef-855953f06751','2026-07-06 10:48:33',22.07164068,82.14965999,'Domino\'s, Shrikant Verma Marg, Bilaspur, Bilaspur Tahsil, Bilaspur, Chhattisgarh, 495004, India','0d059894-2564-4e0f-93ef-855953f06751','2026-07-06 10:48:33','2026-07-06 10:48:33'),('bd88793e-146a-4b2b-9e83-f00a4ce4e953','0d059894-2564-4e0f-93ef-855953f06751','2026-06-01 10:45:42',22.07166960,82.14954140,'Domino\'s, Shrikant Verma Marg, Bilaspur, Bilaspur Tahsil, Bilaspur, Chhattisgarh, 495004, India','0d059894-2564-4e0f-93ef-855953f06751','2026-06-01 10:45:42','2026-06-01 10:45:42'),('bde2a2ab-6a3f-44c1-89f9-2cc6b8e8894a','2abc2052-1982-4326-9faa-e39896c4777d','2026-03-28 10:05:44',22.07175370,82.14933010,'KFC, Shrikant Verma Marg, Bilaspur, Bilaspur Tahsil, Bilaspur, Chhattisgarh, 495004, India','2abc2052-1982-4326-9faa-e39896c4777d','2026-03-28 10:05:44','2026-03-28 10:05:44'),('bde31519-6d43-42f6-95d3-5fc90f740521','1a1e4364-04cd-423f-ba1e-811c59fc76aa','2026-05-25 10:02:07',22.07168310,82.14958950,'Domino\'s, Shrikant Verma Marg, Bilaspur, Bilaspur Tahsil, Bilaspur, Chhattisgarh, 495004, India','1a1e4364-04cd-423f-ba1e-811c59fc76aa','2026-05-25 10:02:07','2026-05-25 10:02:07'),('be06dc4b-eecc-46bf-9ded-76b59e2c9621','628c246c-3005-4619-b4db-facb426ee0cd','2026-07-18 18:01:08',22.07172870,82.14929870,'KFC, Shrikant Verma Marg, Bilaspur, Bilaspur Tahsil, Bilaspur, Chhattisgarh, 495004, India','628c246c-3005-4619-b4db-facb426ee0cd','2026-07-18 18:01:08','2026-07-18 18:01:08'),('be4fef3b-49a7-4f9d-ba3b-e96fa813570f','a600d78f-37dd-4ad4-9897-7d5dfa5c33e7','2026-06-22 10:16:18',22.02566020,82.21638850,'NH49, Bilaspur, Bilaspur Tahsil, Bilaspur, Chhattisgarh, 495004, India','a600d78f-37dd-4ad4-9897-7d5dfa5c33e7','2026-06-22 10:16:18','2026-06-22 10:16:18'),('beec55f9-9ade-4dd2-a685-2710f5a09499','2abc2052-1982-4326-9faa-e39896c4777d','2026-02-21 10:00:34',22.07167330,82.14966370,'Domino\'s, Shrikant Verma Marg, Bilaspur, Bilaspur Tahsil, Bilaspur, Chhattisgarh, 495004, India','2abc2052-1982-4326-9faa-e39896c4777d','2026-02-21 10:00:34','2026-02-21 10:00:34'),('bfd77df2-1e91-4567-b313-f50d7d55814e','1a1e4364-04cd-423f-ba1e-811c59fc76aa','2026-07-13 09:54:23',22.07166800,82.14951620,'Domino\'s, Shrikant Verma Marg, Bilaspur, Bilaspur Tahsil, Bilaspur, Chhattisgarh, 495004, India','1a1e4364-04cd-423f-ba1e-811c59fc76aa','2026-07-13 09:54:23','2026-07-13 09:54:23'),('bfd7be3e-44d2-4b7c-b54b-636d56c07fb2','2abc2052-1982-4326-9faa-e39896c4777d','2026-02-18 10:21:22',22.07164440,82.14964390,'Domino\'s, Shrikant Verma Marg, Bilaspur, Bilaspur Tahsil, Bilaspur, Chhattisgarh, 495004, India','2abc2052-1982-4326-9faa-e39896c4777d','2026-02-18 10:21:22','2026-02-18 10:21:22'),('bff782a2-818a-486d-9224-c5b0d0c2c37b','e4104e9d-ef01-4a6d-886f-6cb2766e7b1d','2026-02-26 10:01:42',22.07162970,82.14966660,'Domino\'s, Shrikant Verma Marg, Bilaspur, Bilaspur Tahsil, Bilaspur, Chhattisgarh, 495004, India','e4104e9d-ef01-4a6d-886f-6cb2766e7b1d','2026-02-26 10:01:42','2026-02-26 10:01:42'),('c0416f80-2021-475e-92c9-5f825061234a','79d154db-7197-410b-815a-25321488575f','2026-05-25 10:53:10',23.47216360,85.55650730,'Masnātoli, Ormanjhi, Ranchi, Jharkhand, 835219, India','79d154db-7197-410b-815a-25321488575f','2026-05-25 10:53:10','2026-05-25 10:53:10'),('c0ad01c8-8155-4114-92b0-37d961d1a84f','aaf288a3-fe5f-4844-a15f-6994d10517e1','2026-07-06 10:35:00',22.07168920,82.14966740,'Domino\'s, Shrikant Verma Marg, Bilaspur, Bilaspur Tahsil, Bilaspur, Chhattisgarh, 495004, India','aaf288a3-fe5f-4844-a15f-6994d10517e1','2026-07-06 10:35:00','2026-07-06 10:35:00'),('c0bc1269-909c-4685-b488-a5606aec0169','1a1e4364-04cd-423f-ba1e-811c59fc76aa','2026-02-25 09:48:43',22.07166580,82.14967800,'Domino\'s, Shrikant Verma Marg, Bilaspur, Bilaspur Tahsil, Bilaspur, Chhattisgarh, 495004, India','1a1e4364-04cd-423f-ba1e-811c59fc76aa','2026-02-25 09:48:43','2026-02-25 09:48:43'),('c0de42fb-0136-450f-82c8-dd8d2292a1e5','0d059894-2564-4e0f-93ef-855953f06751','2026-06-29 10:11:59',22.07135096,82.15006380,'Shrikant Verma Marg, Bilaspur, Bilaspur Tahsil, Bilaspur, Chhattisgarh, 495004, India','0d059894-2564-4e0f-93ef-855953f06751','2026-06-29 10:11:59','2026-06-29 10:11:59'),('c266193a-c104-4050-b0d8-e493737ff11a','0d059894-2564-4e0f-93ef-855953f06751','2026-06-03 10:35:03',22.07166220,82.14955640,'Domino\'s, Shrikant Verma Marg, Bilaspur, Bilaspur Tahsil, Bilaspur, Chhattisgarh, 495004, India','0d059894-2564-4e0f-93ef-855953f06751','2026-06-03 10:35:03','2026-06-03 10:35:03'),('c274a26a-e869-4e5f-b65f-95435f6bc982','2abc2052-1982-4326-9faa-e39896c4777d','2026-04-09 10:05:42',22.07170980,82.14936300,'KFC, Shrikant Verma Marg, Bilaspur, Bilaspur Tahsil, Bilaspur, Chhattisgarh, 495004, India','2abc2052-1982-4326-9faa-e39896c4777d','2026-04-09 10:05:42','2026-04-09 10:05:42'),('c2efa861-398d-43c5-b85a-32717b2b88d7','2abc2052-1982-4326-9faa-e39896c4777d','2026-06-30 09:59:55',22.07182520,82.14920090,'KFC, Shrikant Verma Marg, Bilaspur, Bilaspur Tahsil, Bilaspur, Chhattisgarh, 495004, India','2abc2052-1982-4326-9faa-e39896c4777d','2026-06-30 09:59:55','2026-06-30 09:59:55'),('c2f3a678-d689-43e5-bf1a-5cc28d3603c2','0d059894-2564-4e0f-93ef-855953f06751','2026-03-19 10:05:20',22.07164340,82.14945910,'KFC, Shrikant Verma Marg, Bilaspur, Bilaspur Tahsil, Bilaspur, Chhattisgarh, 495004, India','0d059894-2564-4e0f-93ef-855953f06751','2026-03-19 10:05:20','2026-03-19 10:05:20'),('c31bdcab-2eb6-4b6c-94ed-815ff5376a87','1a1e4364-04cd-423f-ba1e-811c59fc76aa','2026-06-03 10:02:28',22.07167010,82.14956850,'Domino\'s, Shrikant Verma Marg, Bilaspur, Bilaspur Tahsil, Bilaspur, Chhattisgarh, 495004, India','1a1e4364-04cd-423f-ba1e-811c59fc76aa','2026-06-03 10:02:28','2026-06-03 10:02:28'),('c38ee871-b2b3-49e1-9b69-6660df315b86','628c246c-3005-4619-b4db-facb426ee0cd','2026-07-20 10:22:41',22.07187460,82.14904820,'KFC, Shrikant Verma Marg, Bilaspur, Bilaspur Tahsil, Bilaspur, Chhattisgarh, 495004, India','628c246c-3005-4619-b4db-facb426ee0cd','2026-07-20 10:22:41','2026-07-20 10:22:41'),('c3d8a893-65e8-46a0-90ce-da951b549db5','aaf288a3-fe5f-4844-a15f-6994d10517e1','2026-07-20 10:04:35',22.07175780,82.14920740,'KFC, Shrikant Verma Marg, Bilaspur, Bilaspur Tahsil, Bilaspur, Chhattisgarh, 495004, India','aaf288a3-fe5f-4844-a15f-6994d10517e1','2026-07-20 10:04:35','2026-07-20 10:04:35'),('c3f49d83-1239-426f-8234-4f300e6f3095','aaf288a3-fe5f-4844-a15f-6994d10517e1','2026-07-02 11:51:51',22.07164750,82.14967630,'Domino\'s, Shrikant Verma Marg, Bilaspur, Bilaspur Tahsil, Bilaspur, Chhattisgarh, 495004, India','aaf288a3-fe5f-4844-a15f-6994d10517e1','2026-07-02 11:51:51','2026-07-02 11:51:51'),('c45b53db-73f6-461a-9c4a-5f1a95e78de5','a600d78f-37dd-4ad4-9897-7d5dfa5c33e7','2026-05-23 10:06:32',22.02520930,82.21469000,'NH49, Bilaspur, Bilaspur Tahsil, Bilaspur, Chhattisgarh, 495004, India','a600d78f-37dd-4ad4-9897-7d5dfa5c33e7','2026-05-23 10:06:32','2026-05-23 10:06:32'),('c4b14aea-baca-4215-b7e0-1b25f28bbc57','0ed5bd53-4393-4020-be6a-48be5f84261e','2026-06-18 10:19:29',22.07161430,82.14989790,'McDonald\'s, Shrikant Verma Marg, Bilaspur, Bilaspur Tahsil, Bilaspur, Chhattisgarh, 495004, India','0ed5bd53-4393-4020-be6a-48be5f84261e','2026-06-18 10:19:29','2026-06-18 10:19:29'),('c4ed270b-df02-47a7-b2a5-29e993bf2151','a600d78f-37dd-4ad4-9897-7d5dfa5c33e7','2026-06-01 10:35:47',20.70734970,81.19465060,'Balod, Balod Tahsil, Balod, Chhattisgarh, 491226, India','a600d78f-37dd-4ad4-9897-7d5dfa5c33e7','2026-06-01 10:35:47','2026-06-01 10:35:47'),('c624cbe4-5992-4d52-9a8e-7cc40fcd8f31','6c78afb3-e659-4650-8d6f-f99bd8678087','2026-06-30 17:56:21',22.07167600,82.14954410,'Domino\'s, Shrikant Verma Marg, Bilaspur, Bilaspur Tahsil, Bilaspur, Chhattisgarh, 495004, India','6c78afb3-e659-4650-8d6f-f99bd8678087','2026-06-30 17:56:21','2026-06-30 17:56:21'),('c6978540-d9da-4546-8585-3c1b95980257','0d059894-2564-4e0f-93ef-855953f06751','2026-07-16 18:13:53',22.07186039,82.14978347,'McDonald\'s, Shrikant Verma Marg, Bilaspur, Bilaspur Tahsil, Bilaspur, Chhattisgarh, 495004, India','0d059894-2564-4e0f-93ef-855953f06751','2026-07-16 18:13:53','2026-07-16 18:13:53'),('c7b4c370-2069-495a-96b9-56bc93d42dfc','1a1e4364-04cd-423f-ba1e-811c59fc76aa','2026-05-26 09:53:33',22.07165690,82.14960800,'Domino\'s, Shrikant Verma Marg, Bilaspur, Bilaspur Tahsil, Bilaspur, Chhattisgarh, 495004, India','1a1e4364-04cd-423f-ba1e-811c59fc76aa','2026-05-26 09:53:33','2026-05-26 09:53:33'),('c7da117d-2478-49e4-869a-41d56b4e280a','2abc2052-1982-4326-9faa-e39896c4777d','2026-03-03 10:03:49',22.07175270,82.14934650,'KFC, Shrikant Verma Marg, Bilaspur, Bilaspur Tahsil, Bilaspur, Chhattisgarh, 495004, India','2abc2052-1982-4326-9faa-e39896c4777d','2026-03-03 10:03:50','2026-03-03 10:03:50'),('c7feb567-b762-457b-b9c3-11d06a2e393d','1a1e4364-04cd-423f-ba1e-811c59fc76aa','2026-04-23 10:15:49',22.07166520,82.14961600,'Domino\'s, Shrikant Verma Marg, Bilaspur, Bilaspur Tahsil, Bilaspur, Chhattisgarh, 495004, India','1a1e4364-04cd-423f-ba1e-811c59fc76aa','2026-04-23 10:15:49','2026-04-23 10:15:49'),('c8ff3cdf-2bd4-4a39-be60-d022dec7eeac','f39e0437-03b6-485a-aafe-143e86d29935','2026-07-09 10:10:17',22.07168650,82.14951800,'KFC, Shrikant Verma Marg, Bilaspur, Bilaspur Tahsil, Bilaspur, Chhattisgarh, 495004, India','f39e0437-03b6-485a-aafe-143e86d29935','2026-07-09 10:10:17','2026-07-09 10:10:17'),('c9f7265e-5135-4e54-9c60-ed61d4a1315d','a600d78f-37dd-4ad4-9897-7d5dfa5c33e7','2026-06-18 12:47:49',22.02158760,82.20857480,'NH49, Bilaspur, Bilaspur Tahsil, Bilaspur, Chhattisgarh, 495004, India','a600d78f-37dd-4ad4-9897-7d5dfa5c33e7','2026-06-18 12:47:49','2026-06-18 12:47:49'),('ca3a0712-5fef-4bbd-82bc-1abb4c61b3b4','f39e0437-03b6-485a-aafe-143e86d29935','2026-05-29 18:04:37',22.07165170,82.14957120,'Domino\'s, Shrikant Verma Marg, Bilaspur, Bilaspur Tahsil, Bilaspur, Chhattisgarh, 495004, India','f39e0437-03b6-485a-aafe-143e86d29935','2026-05-29 18:04:37','2026-05-29 18:04:37'),('ca559b80-be69-4066-a406-fa8d1c927e36','1a1e4364-04cd-423f-ba1e-811c59fc76aa','2026-03-06 09:42:09',22.07163430,82.14966120,'Domino\'s, Shrikant Verma Marg, Bilaspur, Bilaspur Tahsil, Bilaspur, Chhattisgarh, 495004, India','1a1e4364-04cd-423f-ba1e-811c59fc76aa','2026-03-06 09:42:09','2026-03-06 09:42:09'),('ca7295b0-67d4-4f1b-ae94-71352ef3e212','1a1e4364-04cd-423f-ba1e-811c59fc76aa','2026-06-25 09:57:54',22.07168180,82.14954310,'Domino\'s, Shrikant Verma Marg, Bilaspur, Bilaspur Tahsil, Bilaspur, Chhattisgarh, 495004, India','1a1e4364-04cd-423f-ba1e-811c59fc76aa','2026-06-25 09:57:54','2026-06-25 09:57:54'),('ca761d4b-4a7f-4c98-b9f0-12533f7135f7','1a1e4364-04cd-423f-ba1e-811c59fc76aa','2026-07-02 09:57:45',22.07168400,82.14944610,'KFC, Shrikant Verma Marg, Bilaspur, Bilaspur Tahsil, Bilaspur, Chhattisgarh, 495004, India','1a1e4364-04cd-423f-ba1e-811c59fc76aa','2026-07-02 09:57:45','2026-07-02 09:57:45'),('cabf8227-5684-47d6-a99f-fb7356529f08','0d059894-2564-4e0f-93ef-855953f06751','2026-06-02 10:10:36',22.07167520,82.14938280,'KFC, Shrikant Verma Marg, Bilaspur, Bilaspur Tahsil, Bilaspur, Chhattisgarh, 495004, India','0d059894-2564-4e0f-93ef-855953f06751','2026-06-02 10:10:36','2026-06-02 10:10:36'),('cae5b7a0-9f57-4f9b-958a-51d2336e1d94','2abc2052-1982-4326-9faa-e39896c4777d','2026-05-06 10:16:10',22.07178130,82.14933120,'KFC, Shrikant Verma Marg, Bilaspur, Bilaspur Tahsil, Bilaspur, Chhattisgarh, 495004, India','2abc2052-1982-4326-9faa-e39896c4777d','2026-05-06 10:16:10','2026-05-06 10:16:10'),('caecd607-4736-4abe-b25f-32b3329eabcf','e4104e9d-ef01-4a6d-886f-6cb2766e7b1d','2026-02-21 10:08:30',22.07154670,82.15000000,'Magneto Mall, Shrikant Verma Marg, Bilaspur, Bilaspur Tahsil, Bilaspur, Chhattisgarh, 495004, India','e4104e9d-ef01-4a6d-886f-6cb2766e7b1d','2026-02-21 10:08:30','2026-02-21 10:08:30'),('cb65b4b1-e6e9-4887-9ae4-02478fe6cc12','2abc2052-1982-4326-9faa-e39896c4777d','2026-03-18 10:10:44',22.07173610,82.14932990,'KFC, Shrikant Verma Marg, Bilaspur, Bilaspur Tahsil, Bilaspur, Chhattisgarh, 495004, India','2abc2052-1982-4326-9faa-e39896c4777d','2026-03-18 10:10:44','2026-03-18 10:10:44'),('cb6e611a-e96c-4afc-9c46-ba8b6719e6c0','0d059894-2564-4e0f-93ef-855953f06751','2026-05-27 10:26:46',22.07165610,82.14964040,'Domino\'s, Shrikant Verma Marg, Bilaspur, Bilaspur Tahsil, Bilaspur, Chhattisgarh, 495004, India','0d059894-2564-4e0f-93ef-855953f06751','2026-05-27 10:26:46','2026-05-27 10:26:46'),('cbf9aefa-5426-40d8-a2b1-4193d64ecfc1',NULL,'2026-02-18 11:08:24',22.07167380,82.14964670,'Domino\'s, Shrikant Verma Marg, Bilaspur, Bilaspur Tahsil, Bilaspur, Chhattisgarh, 495004, India','a4831586-7048-4e87-a21b-6922f76f0244','2026-02-18 11:08:24','2026-02-18 11:08:24'),('cc6cb2b5-7138-421f-a2e6-2a17bcee4ccb','1a1e4364-04cd-423f-ba1e-811c59fc76aa','2026-06-17 09:57:13',22.07178720,82.14932820,'KFC, Shrikant Verma Marg, Bilaspur, Bilaspur Tahsil, Bilaspur, Chhattisgarh, 495004, India','1a1e4364-04cd-423f-ba1e-811c59fc76aa','2026-06-17 09:57:13','2026-06-17 09:57:13'),('ccc22e56-f0c5-41f4-b464-19ff8187b47d','1a1e4364-04cd-423f-ba1e-811c59fc76aa','2026-04-08 09:19:37',22.07174060,82.14974310,'Domino\'s, Shrikant Verma Marg, Bilaspur, Bilaspur Tahsil, Bilaspur, Chhattisgarh, 495004, India','1a1e4364-04cd-423f-ba1e-811c59fc76aa','2026-04-08 09:19:37','2026-04-08 09:19:37'),('ccdc6c3a-f329-408e-9064-27a31bb4c832','ebd49fcc-cdb6-45c3-bd7b-27f7bcdefa18','2026-06-06 11:18:37',22.07181750,82.14953660,'KFC, Shrikant Verma Marg, Bilaspur, Bilaspur Tahsil, Bilaspur, Chhattisgarh, 495004, India','ebd49fcc-cdb6-45c3-bd7b-27f7bcdefa18','2026-06-06 11:18:37','2026-06-06 11:18:37'),('ce64f4b2-f364-47b7-8235-30b708c1effd','628c246c-3005-4619-b4db-facb426ee0cd','2026-06-20 10:36:35',22.07167900,82.14963980,'Domino\'s, Shrikant Verma Marg, Bilaspur, Bilaspur Tahsil, Bilaspur, Chhattisgarh, 495004, India','628c246c-3005-4619-b4db-facb426ee0cd','2026-06-20 10:36:35','2026-06-20 10:36:35'),('cebc3f54-9bba-45f8-98f3-36eed93a1be2','a600d78f-37dd-4ad4-9897-7d5dfa5c33e7','2026-06-05 09:50:59',20.70740900,81.19460950,'Balod, Balod Tahsil, Balod, Chhattisgarh, 491226, India','a600d78f-37dd-4ad4-9897-7d5dfa5c33e7','2026-06-05 09:51:00','2026-06-05 09:51:00'),('ced0dbf7-8e90-42c0-a0ee-2af04090745f','0ed5bd53-4393-4020-be6a-48be5f84261e','2026-06-22 10:18:23',22.07163280,82.14920560,'KFC, Shrikant Verma Marg, Bilaspur, Bilaspur Tahsil, Bilaspur, Chhattisgarh, 495004, India','0ed5bd53-4393-4020-be6a-48be5f84261e','2026-06-22 10:18:23','2026-06-22 10:18:23'),('cf512bb5-9bf2-4897-95f5-722c594c3e34','6c78afb3-e659-4650-8d6f-f99bd8678087','2026-06-10 10:41:16',22.07165470,82.14962050,'Domino\'s, Shrikant Verma Marg, Bilaspur, Bilaspur Tahsil, Bilaspur, Chhattisgarh, 495004, India','6c78afb3-e659-4650-8d6f-f99bd8678087','2026-06-10 10:41:16','2026-06-10 10:41:16'),('cfc09252-4c26-4b0d-83d3-fd13ceeebf42','79d154db-7197-410b-815a-25321488575f','2026-06-11 10:54:19',22.07170000,82.14977490,'McDonald\'s, Shrikant Verma Marg, Bilaspur, Bilaspur Tahsil, Bilaspur, Chhattisgarh, 495004, India','79d154db-7197-410b-815a-25321488575f','2026-06-11 10:54:19','2026-06-11 10:54:19'),('d21ce4ca-3753-453b-b58e-4ece225de054','7f311153-8c6f-4805-b209-9373d13b7fbb','2026-06-23 13:19:39',22.07169740,82.14963010,'Domino\'s, Shrikant Verma Marg, Bilaspur, Bilaspur Tahsil, Bilaspur, Chhattisgarh, 495004, India','7f311153-8c6f-4805-b209-9373d13b7fbb','2026-06-23 13:19:39','2026-06-23 13:19:39'),('d22d9dde-3077-49f7-a654-2586bb198cf2','0d059894-2564-4e0f-93ef-855953f06751','2026-02-20 10:16:39',22.07165880,82.14958230,'Domino\'s, Shrikant Verma Marg, Bilaspur, Bilaspur Tahsil, Bilaspur, Chhattisgarh, 495004, India','0d059894-2564-4e0f-93ef-855953f06751','2026-02-20 10:16:39','2026-02-20 10:16:39'),('d30be8f3-c864-4399-9901-926e12292269','c1916fe0-250b-4eb7-86f8-8ac5f330b190','2026-02-28 10:09:40',22.07173560,82.14949960,'KFC, Shrikant Verma Marg, Bilaspur, Bilaspur Tahsil, Bilaspur, Chhattisgarh, 495004, India','c1916fe0-250b-4eb7-86f8-8ac5f330b190','2026-02-28 10:09:40','2026-02-28 10:09:40'),('d38aec25-4df4-461f-a4a3-5eb6c8d72d1c','aaf288a3-fe5f-4844-a15f-6994d10517e1','2026-06-16 10:20:27',22.07176910,82.14930460,'KFC, Shrikant Verma Marg, Bilaspur, Bilaspur Tahsil, Bilaspur, Chhattisgarh, 495004, India','aaf288a3-fe5f-4844-a15f-6994d10517e1','2026-06-16 10:20:27','2026-06-16 10:20:27'),('d48a67ee-9431-4144-a065-fb07974d81ac','0ed5bd53-4393-4020-be6a-48be5f84261e','2026-06-11 11:34:50',22.07167470,82.14954710,'Domino\'s, Shrikant Verma Marg, Bilaspur, Bilaspur Tahsil, Bilaspur, Chhattisgarh, 495004, India','0ed5bd53-4393-4020-be6a-48be5f84261e','2026-06-11 11:34:50','2026-06-11 11:34:50'),('d4b22c18-ef78-4da3-8bdc-6f716f207454','0d059894-2564-4e0f-93ef-855953f06751','2026-06-05 10:31:18',22.07166660,82.14955100,'Domino\'s, Shrikant Verma Marg, Bilaspur, Bilaspur Tahsil, Bilaspur, Chhattisgarh, 495004, India','0d059894-2564-4e0f-93ef-855953f06751','2026-06-05 10:31:18','2026-06-05 10:31:18'),('d4bf4653-284f-439f-95c6-1244a3797e50','628c246c-3005-4619-b4db-facb426ee0cd','2026-06-04 10:28:19',22.07177520,82.14935300,'KFC, Shrikant Verma Marg, Bilaspur, Bilaspur Tahsil, Bilaspur, Chhattisgarh, 495004, India','628c246c-3005-4619-b4db-facb426ee0cd','2026-06-04 10:28:19','2026-06-04 10:28:19'),('d4ce357c-4210-4029-9ddb-91033d41f200','2abc2052-1982-4326-9faa-e39896c4777d','2026-07-06 10:26:58',22.07191120,82.14978860,'McDonald\'s, Shrikant Verma Marg, Bilaspur, Bilaspur Tahsil, Bilaspur, Chhattisgarh, 495004, India','2abc2052-1982-4326-9faa-e39896c4777d','2026-07-06 10:26:58','2026-07-06 10:26:58'),('d530be13-8a69-4a36-a12e-a17a6e12fa6b','0d059894-2564-4e0f-93ef-855953f06751','2026-06-30 11:07:41',22.07169020,82.14963040,'Domino\'s, Shrikant Verma Marg, Bilaspur, Bilaspur Tahsil, Bilaspur, Chhattisgarh, 495004, India','0d059894-2564-4e0f-93ef-855953f06751','2026-06-30 11:07:41','2026-06-30 11:07:41'),('d542de79-7d56-4914-a239-d79ed6043c6a','f5ceb75a-ef68-40fc-8628-3b0ea6085e3c','2026-02-18 10:19:18',22.07165720,82.14964490,'Domino\'s, Shrikant Verma Marg, Bilaspur, Bilaspur Tahsil, Bilaspur, Chhattisgarh, 495004, India','f5ceb75a-ef68-40fc-8628-3b0ea6085e3c','2026-02-18 10:19:18','2026-02-18 10:19:18'),('d550ddfa-b7db-406c-9753-1e986984a105','a600d78f-37dd-4ad4-9897-7d5dfa5c33e7','2026-06-03 22:57:07',20.70732730,81.19481440,'Balod, Balod Tahsil, Balod, Chhattisgarh, 491226, India','a600d78f-37dd-4ad4-9897-7d5dfa5c33e7','2026-06-03 22:57:07','2026-06-03 22:57:07'),('d5896bfb-e72b-490b-9e88-c92645772ed3','1a1e4364-04cd-423f-ba1e-811c59fc76aa','2026-05-27 10:07:53',22.07166430,82.14956290,'Domino\'s, Shrikant Verma Marg, Bilaspur, Bilaspur Tahsil, Bilaspur, Chhattisgarh, 495004, India','1a1e4364-04cd-423f-ba1e-811c59fc76aa','2026-05-27 10:07:53','2026-05-27 10:07:53'),('d590cfe7-ec78-4f47-8411-209f9675d088','2abc2052-1982-4326-9faa-e39896c4777d','2026-06-20 10:02:24',22.07168060,82.14987580,'McDonald\'s, Shrikant Verma Marg, Bilaspur, Bilaspur Tahsil, Bilaspur, Chhattisgarh, 495004, India','2abc2052-1982-4326-9faa-e39896c4777d','2026-06-20 10:02:24','2026-06-20 10:02:24'),('d59dff0c-d871-4e3e-88df-94bf4a2de625','7f311153-8c6f-4805-b209-9373d13b7fbb','2026-06-10 11:12:30',22.07167120,82.14956090,'Domino\'s, Shrikant Verma Marg, Bilaspur, Bilaspur Tahsil, Bilaspur, Chhattisgarh, 495004, India','7f311153-8c6f-4805-b209-9373d13b7fbb','2026-06-10 11:12:30','2026-06-10 11:12:30'),('d6086e1b-bab5-4bec-b054-7164439c8147','628c246c-3005-4619-b4db-facb426ee0cd','2026-05-26 10:30:20',22.07183300,82.14909450,'KFC, Shrikant Verma Marg, Bilaspur, Bilaspur Tahsil, Bilaspur, Chhattisgarh, 495004, India','628c246c-3005-4619-b4db-facb426ee0cd','2026-05-26 10:30:20','2026-05-26 10:30:20'),('d618ff89-651a-4cd4-8076-0d6070c0543e','1a1e4364-04cd-423f-ba1e-811c59fc76aa','2026-02-23 09:47:16',22.07166350,82.14994330,'McDonald\'s, Shrikant Verma Marg, Bilaspur, Bilaspur Tahsil, Bilaspur, Chhattisgarh, 495004, India','1a1e4364-04cd-423f-ba1e-811c59fc76aa','2026-02-23 09:47:16','2026-02-23 09:47:16'),('d72bb390-bda3-4f0d-b8d1-1a8abbe85ff9','f39e0437-03b6-485a-aafe-143e86d29935','2026-07-10 10:04:30',22.07167550,82.14947700,'KFC, Shrikant Verma Marg, Bilaspur, Bilaspur Tahsil, Bilaspur, Chhattisgarh, 495004, India','f39e0437-03b6-485a-aafe-143e86d29935','2026-07-10 10:04:30','2026-07-10 10:04:30'),('d7564b8c-e381-4087-ac56-d6c598ee7058','1a1e4364-04cd-423f-ba1e-811c59fc76aa','2026-04-17 10:24:15',22.07171350,82.14973700,'Domino\'s, Shrikant Verma Marg, Bilaspur, Bilaspur Tahsil, Bilaspur, Chhattisgarh, 495004, India','1a1e4364-04cd-423f-ba1e-811c59fc76aa','2026-04-17 10:24:15','2026-04-17 10:24:15'),('d7f33596-5e2f-4628-b57e-05ee6ac5e97d','79d154db-7197-410b-815a-25321488575f','2026-02-25 11:03:43',22.07169540,82.14952000,'KFC, Shrikant Verma Marg, Bilaspur, Bilaspur Tahsil, Bilaspur, Chhattisgarh, 495004, India','79d154db-7197-410b-815a-25321488575f','2026-02-25 11:03:43','2026-02-25 11:03:43'),('d832872b-063a-4297-a0d7-e340b985550a','1a1e4364-04cd-423f-ba1e-811c59fc76aa','2026-06-11 11:28:12',22.07165980,82.14962720,'Domino\'s, Shrikant Verma Marg, Bilaspur, Bilaspur Tahsil, Bilaspur, Chhattisgarh, 495004, India','1a1e4364-04cd-423f-ba1e-811c59fc76aa','2026-06-11 11:28:12','2026-06-11 11:28:12'),('d838b47c-bc17-4d39-8bd6-e0e1ebf63d3b','c1916fe0-250b-4eb7-86f8-8ac5f330b190','2026-03-11 10:58:57',22.07171920,82.14955770,'Domino\'s, Shrikant Verma Marg, Bilaspur, Bilaspur Tahsil, Bilaspur, Chhattisgarh, 495004, India','c1916fe0-250b-4eb7-86f8-8ac5f330b190','2026-03-11 10:58:57','2026-03-11 10:58:57'),('d85791d7-671d-4cf9-b939-579c672811ac','7f311153-8c6f-4805-b209-9373d13b7fbb','2026-06-15 10:44:57',22.07169750,82.14957680,'Domino\'s, Shrikant Verma Marg, Bilaspur, Bilaspur Tahsil, Bilaspur, Chhattisgarh, 495004, India','7f311153-8c6f-4805-b209-9373d13b7fbb','2026-06-15 10:44:57','2026-06-15 10:44:57'),('d8eff0ba-3e31-49be-9e5a-acd4eaa02b59','2abc2052-1982-4326-9faa-e39896c4777d','2026-05-07 10:00:55',22.07166480,82.14961260,'Domino\'s, Shrikant Verma Marg, Bilaspur, Bilaspur Tahsil, Bilaspur, Chhattisgarh, 495004, India','2abc2052-1982-4326-9faa-e39896c4777d','2026-05-07 10:00:55','2026-05-07 10:00:55'),('d92a013c-ea6f-41db-a8b2-6aaaf537702d','628c246c-3005-4619-b4db-facb426ee0cd','2026-06-01 10:37:08',22.07177910,82.14934420,'KFC, Shrikant Verma Marg, Bilaspur, Bilaspur Tahsil, Bilaspur, Chhattisgarh, 495004, India','628c246c-3005-4619-b4db-facb426ee0cd','2026-06-01 10:37:08','2026-06-01 10:37:08'),('d9ea64b3-c05a-46c9-8b41-7f2e47fdf3bf','7f311153-8c6f-4805-b209-9373d13b7fbb','2026-06-24 15:33:12',22.07164760,82.14965000,'Domino\'s, Shrikant Verma Marg, Bilaspur, Bilaspur Tahsil, Bilaspur, Chhattisgarh, 495004, India','7f311153-8c6f-4805-b209-9373d13b7fbb','2026-06-24 15:33:12','2026-06-24 15:33:12'),('da19507f-7dac-4780-8f77-9c0a0fa105ad','f39e0437-03b6-485a-aafe-143e86d29935','2026-07-11 10:14:47',22.07061130,82.15793500,'Bilaspur, Bilaspur Tahsil, Bilaspur, Chhattisgarh, 495004, India','f39e0437-03b6-485a-aafe-143e86d29935','2026-07-11 10:14:47','2026-07-11 10:14:47'),('daad11d5-0d8d-4a41-822e-e8532b9a2557','2abc2052-1982-4326-9faa-e39896c4777d','2026-02-20 10:18:02',22.07165080,82.14963400,'Domino\'s, Shrikant Verma Marg, Bilaspur, Bilaspur Tahsil, Bilaspur, Chhattisgarh, 495004, India','2abc2052-1982-4326-9faa-e39896c4777d','2026-02-20 10:18:02','2026-02-20 10:18:02'),('dad87f95-625c-45f6-85a5-446f3d9ce191','6c78afb3-e659-4650-8d6f-f99bd8678087','2026-02-18 09:59:20',22.07165060,82.14965500,'Domino\'s, Shrikant Verma Marg, Bilaspur, Bilaspur Tahsil, Bilaspur, Chhattisgarh, 495004, India','6c78afb3-e659-4650-8d6f-f99bd8678087','2026-02-18 09:59:20','2026-02-18 09:59:20'),('db493125-6430-4c07-b55d-1b027d5659b3','1a1e4364-04cd-423f-ba1e-811c59fc76aa','2026-06-09 09:47:09',22.07174550,82.14931880,'KFC, Shrikant Verma Marg, Bilaspur, Bilaspur Tahsil, Bilaspur, Chhattisgarh, 495004, India','1a1e4364-04cd-423f-ba1e-811c59fc76aa','2026-06-09 09:47:09','2026-06-09 09:47:09'),('dba3c4c1-bf19-4c8a-bbd8-076c7da65ca2','0ed5bd53-4393-4020-be6a-48be5f84261e','2026-07-11 10:05:39',22.07181660,82.15056100,'Vinoba Nagar, Bilaspur, Bilaspur Tahsil, Bilaspur, Chhattisgarh, 495004, India','0ed5bd53-4393-4020-be6a-48be5f84261e','2026-07-11 10:05:39','2026-07-11 10:05:39'),('dbb07066-8ff0-4ed2-b455-b48add63376b','628c246c-3005-4619-b4db-facb426ee0cd','2026-05-21 10:29:54',22.07178020,82.14933990,'KFC, Shrikant Verma Marg, Bilaspur, Bilaspur Tahsil, Bilaspur, Chhattisgarh, 495004, India','628c246c-3005-4619-b4db-facb426ee0cd','2026-05-21 10:29:54','2026-05-21 10:29:54'),('dbf074bb-af10-46ab-b23e-dd1d2ce17ec3','aaf288a3-fe5f-4844-a15f-6994d10517e1','2026-07-15 10:39:08',22.07166560,82.14957470,'Domino\'s, Shrikant Verma Marg, Bilaspur, Bilaspur Tahsil, Bilaspur, Chhattisgarh, 495004, India','aaf288a3-fe5f-4844-a15f-6994d10517e1','2026-07-15 10:39:08','2026-07-15 10:39:08'),('dca685ee-59fc-4d1b-845d-4dca40a1bc1a','79d154db-7197-410b-815a-25321488575f','2026-05-21 11:02:01',22.07175770,82.14956370,'Domino\'s, Shrikant Verma Marg, Bilaspur, Bilaspur Tahsil, Bilaspur, Chhattisgarh, 495004, India','79d154db-7197-410b-815a-25321488575f','2026-05-21 11:02:01','2026-05-21 11:02:01'),('dd9f93e5-eda9-404a-a5ba-55dab140c274','2abc2052-1982-4326-9faa-e39896c4777d','2026-03-31 10:13:51',22.07167230,82.14963000,'Domino\'s, Shrikant Verma Marg, Bilaspur, Bilaspur Tahsil, Bilaspur, Chhattisgarh, 495004, India','2abc2052-1982-4326-9faa-e39896c4777d','2026-03-31 10:13:51','2026-03-31 10:13:51'),('ddc3c301-e002-4af2-9b0e-94fdc8739e5c','0d059894-2564-4e0f-93ef-855953f06751','2026-06-24 10:35:10',22.07168380,82.14958680,'Domino\'s, Shrikant Verma Marg, Bilaspur, Bilaspur Tahsil, Bilaspur, Chhattisgarh, 495004, India','0d059894-2564-4e0f-93ef-855953f06751','2026-06-24 10:35:10','2026-06-24 10:35:10'),('de0d196c-491a-4477-8490-1ae51d942d1c','aaf288a3-fe5f-4844-a15f-6994d10517e1','2026-07-04 10:22:44',22.07167050,82.14947420,'KFC, Shrikant Verma Marg, Bilaspur, Bilaspur Tahsil, Bilaspur, Chhattisgarh, 495004, India','aaf288a3-fe5f-4844-a15f-6994d10517e1','2026-07-04 10:22:44','2026-07-04 10:22:44'),('de53cc3b-3ece-4b33-931a-7d7c05e9e6b2','1a1e4364-04cd-423f-ba1e-811c59fc76aa','2026-05-13 10:14:30',22.07167900,82.14959120,'Domino\'s, Shrikant Verma Marg, Bilaspur, Bilaspur Tahsil, Bilaspur, Chhattisgarh, 495004, India','1a1e4364-04cd-423f-ba1e-811c59fc76aa','2026-05-13 10:14:30','2026-05-13 10:14:30'),('dece1617-568e-41eb-98c2-9aaf818bf034','1a1e4364-04cd-423f-ba1e-811c59fc76aa','2026-06-27 09:57:01',22.07167860,82.14945490,'KFC, Shrikant Verma Marg, Bilaspur, Bilaspur Tahsil, Bilaspur, Chhattisgarh, 495004, India','1a1e4364-04cd-423f-ba1e-811c59fc76aa','2026-06-27 09:57:01','2026-06-27 09:57:01'),('deebcdad-3ec6-4aae-aff3-754d430b0652','0cf6bcb5-6f17-4eb4-8357-17e5cc99a9f1','2026-03-02 11:47:02',22.07165750,82.14964280,'Domino\'s, Shrikant Verma Marg, Bilaspur, Bilaspur Tahsil, Bilaspur, Chhattisgarh, 495004, India','0cf6bcb5-6f17-4eb4-8357-17e5cc99a9f1','2026-03-02 11:47:02','2026-03-02 11:47:02'),('df441ade-4426-42b2-9722-32a68b99d274','c1916fe0-250b-4eb7-86f8-8ac5f330b190','2026-06-15 16:33:27',22.07166810,82.14965280,'Domino\'s, Shrikant Verma Marg, Bilaspur, Bilaspur Tahsil, Bilaspur, Chhattisgarh, 495004, India','c1916fe0-250b-4eb7-86f8-8ac5f330b190','2026-06-15 16:33:27','2026-06-15 16:33:27'),('dfffd2d6-d00a-4d28-968f-af24e8890c29','79d154db-7197-410b-815a-25321488575f','2026-05-14 10:06:34',22.07175040,82.14950340,'KFC, Shrikant Verma Marg, Bilaspur, Bilaspur Tahsil, Bilaspur, Chhattisgarh, 495004, India','79d154db-7197-410b-815a-25321488575f','2026-05-14 10:06:34','2026-05-14 10:06:34'),('e014d5c4-4c3a-46ff-8467-a25a50c73a6e','2abc2052-1982-4326-9faa-e39896c4777d','2026-02-19 10:42:37',22.07164870,82.14964620,'Domino\'s, Shrikant Verma Marg, Bilaspur, Bilaspur Tahsil, Bilaspur, Chhattisgarh, 495004, India','2abc2052-1982-4326-9faa-e39896c4777d','2026-02-19 10:42:37','2026-02-19 10:42:37'),('e025a3d0-eac7-41f3-9aaf-486ec56e5da8','1a1e4364-04cd-423f-ba1e-811c59fc76aa','2026-03-20 09:56:03',22.07164550,82.14963740,'Domino\'s, Shrikant Verma Marg, Bilaspur, Bilaspur Tahsil, Bilaspur, Chhattisgarh, 495004, India','1a1e4364-04cd-423f-ba1e-811c59fc76aa','2026-03-20 09:56:03','2026-03-20 09:56:03'),('e04035ba-a673-4626-b508-4c651db6c0c9','2abc2052-1982-4326-9faa-e39896c4777d','2026-06-16 10:00:51',22.07178090,82.14934870,'KFC, Shrikant Verma Marg, Bilaspur, Bilaspur Tahsil, Bilaspur, Chhattisgarh, 495004, India','2abc2052-1982-4326-9faa-e39896c4777d','2026-06-16 10:00:51','2026-06-16 10:00:51'),('e07ef6ce-7377-4fbc-b1f4-763d476016ad','0d059894-2564-4e0f-93ef-855953f06751','2026-05-08 10:29:56',22.07178970,82.14929190,'KFC, Shrikant Verma Marg, Bilaspur, Bilaspur Tahsil, Bilaspur, Chhattisgarh, 495004, India','0d059894-2564-4e0f-93ef-855953f06751','2026-05-08 10:29:56','2026-05-08 10:29:56'),('e085876d-b9c1-47ac-ae40-273f67897988','6c78afb3-e659-4650-8d6f-f99bd8678087','2026-03-07 10:30:56',22.07162720,82.14966490,'Domino\'s, Shrikant Verma Marg, Bilaspur, Bilaspur Tahsil, Bilaspur, Chhattisgarh, 495004, India','6c78afb3-e659-4650-8d6f-f99bd8678087','2026-03-07 10:30:56','2026-03-07 10:30:56'),('e0f2efe6-6db8-4b0d-a840-4d4dc8d0a0a1','2abc2052-1982-4326-9faa-e39896c4777d','2026-05-05 10:07:14',22.07168700,82.14963000,'Domino\'s, Shrikant Verma Marg, Bilaspur, Bilaspur Tahsil, Bilaspur, Chhattisgarh, 495004, India','2abc2052-1982-4326-9faa-e39896c4777d','2026-05-05 10:07:14','2026-05-05 10:07:14'),('e1dbfc88-18a7-4fd0-bca3-66dd722bccfa','0d059894-2564-4e0f-93ef-855953f06751','2026-05-26 12:19:21',22.07165390,82.14959110,'Domino\'s, Shrikant Verma Marg, Bilaspur, Bilaspur Tahsil, Bilaspur, Chhattisgarh, 495004, India','0d059894-2564-4e0f-93ef-855953f06751','2026-05-26 12:19:21','2026-05-26 12:19:21'),('e25fe0bb-5c35-46f4-ba15-343c00f266a3','f39e0437-03b6-485a-aafe-143e86d29935','2026-06-15 10:08:02',22.07170180,82.14959380,'Domino\'s, Shrikant Verma Marg, Bilaspur, Bilaspur Tahsil, Bilaspur, Chhattisgarh, 495004, India','f39e0437-03b6-485a-aafe-143e86d29935','2026-06-15 10:08:02','2026-06-15 10:08:02'),('e2e876a9-ad98-492b-bd00-d351386e5f56','1a1e4364-04cd-423f-ba1e-811c59fc76aa','2026-04-11 09:20:19',22.07165710,82.14959750,'Domino\'s, Shrikant Verma Marg, Bilaspur, Bilaspur Tahsil, Bilaspur, Chhattisgarh, 495004, India','1a1e4364-04cd-423f-ba1e-811c59fc76aa','2026-04-11 09:20:19','2026-04-11 09:20:19'),('e34a24d1-a3dd-4001-8ec7-7d7864274889','0d059894-2564-4e0f-93ef-855953f06751','2026-06-08 11:13:02',22.07166280,82.14958710,'Domino\'s, Shrikant Verma Marg, Bilaspur, Bilaspur Tahsil, Bilaspur, Chhattisgarh, 495004, India','0d059894-2564-4e0f-93ef-855953f06751','2026-06-08 11:13:02','2026-06-08 11:13:02'),('e3a885b2-b75e-4069-8c4d-8e7b1829f0f8','aaf288a3-fe5f-4844-a15f-6994d10517e1','2026-07-21 10:27:29',22.07166600,82.14955050,'Domino\'s, Shrikant Verma Marg, Bilaspur, Bilaspur Tahsil, Bilaspur, Chhattisgarh, 495004, India','aaf288a3-fe5f-4844-a15f-6994d10517e1','2026-07-21 10:27:29','2026-07-21 10:27:29'),('e3add4d8-d2b0-48ab-86b0-4c984db49ddd','ebd49fcc-cdb6-45c3-bd7b-27f7bcdefa18','2026-06-02 11:03:23',22.07177440,82.14955170,'KFC, Shrikant Verma Marg, Bilaspur, Bilaspur Tahsil, Bilaspur, Chhattisgarh, 495004, India','ebd49fcc-cdb6-45c3-bd7b-27f7bcdefa18','2026-06-02 11:03:23','2026-06-02 11:03:23'),('e438e757-1265-4a09-80c7-cd41e884a11a','2abc2052-1982-4326-9faa-e39896c4777d','2026-03-06 09:56:09',22.07164730,82.14965190,'Domino\'s, Shrikant Verma Marg, Bilaspur, Bilaspur Tahsil, Bilaspur, Chhattisgarh, 495004, India','2abc2052-1982-4326-9faa-e39896c4777d','2026-03-06 09:56:09','2026-03-06 09:56:09'),('e47676c1-f9f1-4b57-ba6b-34d2b0d50da6','1a1e4364-04cd-423f-ba1e-811c59fc76aa','2026-06-13 09:59:17',22.07171640,82.15011490,'Shrikant Verma Marg, Bilaspur, Bilaspur Tahsil, Bilaspur, Chhattisgarh, 495004, India','1a1e4364-04cd-423f-ba1e-811c59fc76aa','2026-06-13 09:59:17','2026-06-13 09:59:17'),('e4b07170-64e7-4ff0-88d4-029b837aae0d','2abc2052-1982-4326-9faa-e39896c4777d','2026-04-17 10:14:59',22.07139490,82.14970260,'Magneto Mall, Shrikant Verma Marg, Bilaspur, Bilaspur Tahsil, Bilaspur, Chhattisgarh, 495004, India','2abc2052-1982-4326-9faa-e39896c4777d','2026-04-17 10:14:59','2026-04-17 10:14:59'),('e51e80c6-f4ae-4c80-95ef-7359414827c8','0ed5bd53-4393-4020-be6a-48be5f84261e','2026-07-20 10:15:48',22.07158330,82.14910060,'KFC, Shrikant Verma Marg, Bilaspur, Bilaspur Tahsil, Bilaspur, Chhattisgarh, 495004, India','0ed5bd53-4393-4020-be6a-48be5f84261e','2026-07-20 10:15:48','2026-07-20 10:15:48'),('e55eb386-def0-4b68-abac-64e7c1324801','1a1e4364-04cd-423f-ba1e-811c59fc76aa','2026-04-06 10:51:34',22.07167270,82.14948920,'KFC, Shrikant Verma Marg, Bilaspur, Bilaspur Tahsil, Bilaspur, Chhattisgarh, 495004, India','1a1e4364-04cd-423f-ba1e-811c59fc76aa','2026-04-06 10:51:34','2026-04-06 10:51:34'),('e59c44ac-2677-42c1-9be1-c71d21c54990','0ed5bd53-4393-4020-be6a-48be5f84261e','2026-07-06 11:01:36',22.07167840,82.14937830,'KFC, Shrikant Verma Marg, Bilaspur, Bilaspur Tahsil, Bilaspur, Chhattisgarh, 495004, India','0ed5bd53-4393-4020-be6a-48be5f84261e','2026-07-06 11:01:36','2026-07-06 11:01:36'),('e5b2c722-4a59-4a4f-85ac-4d176a7dd9c0','628c246c-3005-4619-b4db-facb426ee0cd','2026-07-04 10:31:44',22.07178860,82.14936190,'KFC, Shrikant Verma Marg, Bilaspur, Bilaspur Tahsil, Bilaspur, Chhattisgarh, 495004, India','628c246c-3005-4619-b4db-facb426ee0cd','2026-07-04 10:31:44','2026-07-04 10:31:44'),('e635d0ce-f81a-44d7-87d2-223a07be79a2','2abc2052-1982-4326-9faa-e39896c4777d','2026-06-12 10:06:38',22.07178240,82.14933340,'KFC, Shrikant Verma Marg, Bilaspur, Bilaspur Tahsil, Bilaspur, Chhattisgarh, 495004, India','2abc2052-1982-4326-9faa-e39896c4777d','2026-06-12 10:06:38','2026-06-12 10:06:38'),('e743ed34-ba2b-4bba-bdd2-13458ea33dc6','2abc2052-1982-4326-9faa-e39896c4777d','2026-05-15 10:08:00',22.07177260,82.14933930,'KFC, Shrikant Verma Marg, Bilaspur, Bilaspur Tahsil, Bilaspur, Chhattisgarh, 495004, India','2abc2052-1982-4326-9faa-e39896c4777d','2026-05-15 10:08:00','2026-05-15 10:08:00'),('e79ba2b5-a0bd-431b-9046-539a1a5e3fd3','f39e0437-03b6-485a-aafe-143e86d29935','2026-06-17 10:06:55',22.07170490,82.14950680,'KFC, Shrikant Verma Marg, Bilaspur, Bilaspur Tahsil, Bilaspur, Chhattisgarh, 495004, India','f39e0437-03b6-485a-aafe-143e86d29935','2026-06-17 10:06:55','2026-06-17 10:06:55'),('e868216f-3a77-4d5e-a3e5-a6ff473442ef','ebd49fcc-cdb6-45c3-bd7b-27f7bcdefa18','2026-06-16 10:55:41',22.07174290,82.14959410,'Domino\'s, Shrikant Verma Marg, Bilaspur, Bilaspur Tahsil, Bilaspur, Chhattisgarh, 495004, India','ebd49fcc-cdb6-45c3-bd7b-27f7bcdefa18','2026-06-16 10:55:41','2026-06-16 10:55:41'),('e86969a4-e3b8-49ba-a14d-7a2d70447a30','aaf288a3-fe5f-4844-a15f-6994d10517e1','2026-07-13 09:58:53',22.07167830,82.14959910,'Domino\'s, Shrikant Verma Marg, Bilaspur, Bilaspur Tahsil, Bilaspur, Chhattisgarh, 495004, India','aaf288a3-fe5f-4844-a15f-6994d10517e1','2026-07-13 09:58:53','2026-07-13 09:58:53'),('e8766bfe-466a-47e5-ac00-863722917fb1','2abc2052-1982-4326-9faa-e39896c4777d','2026-05-09 10:07:35',22.07161140,82.14934900,'KFC, Shrikant Verma Marg, Bilaspur, Bilaspur Tahsil, Bilaspur, Chhattisgarh, 495004, India','2abc2052-1982-4326-9faa-e39896c4777d','2026-05-09 10:07:35','2026-05-09 10:07:35'),('e9da5929-7e0e-4af6-8902-4a2b337270af','f5ceb75a-ef68-40fc-8628-3b0ea6085e3c','2026-05-05 10:28:27',22.07168510,82.14956890,'Domino\'s, Shrikant Verma Marg, Bilaspur, Bilaspur Tahsil, Bilaspur, Chhattisgarh, 495004, India','f5ceb75a-ef68-40fc-8628-3b0ea6085e3c','2026-05-05 10:28:27','2026-05-05 10:28:27'),('e9db3564-ffce-44d7-9d83-eb0a9b8dea8c','2abc2052-1982-4326-9faa-e39896c4777d','2026-02-23 10:35:38',22.07167300,82.14967090,'Domino\'s, Shrikant Verma Marg, Bilaspur, Bilaspur Tahsil, Bilaspur, Chhattisgarh, 495004, India','2abc2052-1982-4326-9faa-e39896c4777d','2026-02-23 10:35:38','2026-02-23 10:35:38'),('e9e0c375-3921-4ac5-82e4-0764bd4b8759','79d154db-7197-410b-815a-25321488575f','2026-06-23 10:35:10',22.07174350,82.14955770,'Domino\'s, Shrikant Verma Marg, Bilaspur, Bilaspur Tahsil, Bilaspur, Chhattisgarh, 495004, India','79d154db-7197-410b-815a-25321488575f','2026-06-23 10:35:10','2026-06-23 10:35:10'),('ea6cd8ca-23c0-4025-8484-20eed28574ea','a600d78f-37dd-4ad4-9897-7d5dfa5c33e7','2026-06-06 15:16:22',20.68129420,81.13425850,'NH930, Kusumkasa, Dondi Tahsil, Balod, Chhattisgarh, India','a600d78f-37dd-4ad4-9897-7d5dfa5c33e7','2026-06-06 15:16:22','2026-06-06 15:16:22'),('eaea9d51-a279-4bed-a83a-b9029d0fd9af','628c246c-3005-4619-b4db-facb426ee0cd','2026-07-07 10:21:51',22.07188590,82.14902500,'KFC, Shrikant Verma Marg, Bilaspur, Bilaspur Tahsil, Bilaspur, Chhattisgarh, 495004, India','628c246c-3005-4619-b4db-facb426ee0cd','2026-07-07 10:21:51','2026-07-07 10:21:51'),('eaeb54d3-350f-4676-893f-70e7efd767a3','628c246c-3005-4619-b4db-facb426ee0cd','2026-06-16 10:36:03',22.07177650,82.14934380,'KFC, Shrikant Verma Marg, Bilaspur, Bilaspur Tahsil, Bilaspur, Chhattisgarh, 495004, India','628c246c-3005-4619-b4db-facb426ee0cd','2026-06-16 10:36:03','2026-06-16 10:36:03'),('eb5f8564-2a03-42c3-8fc1-29f14b47bd0a','7f311153-8c6f-4805-b209-9373d13b7fbb','2026-06-22 17:40:27',22.07165450,82.14966540,'Domino\'s, Shrikant Verma Marg, Bilaspur, Bilaspur Tahsil, Bilaspur, Chhattisgarh, 495004, India','7f311153-8c6f-4805-b209-9373d13b7fbb','2026-06-22 17:40:27','2026-06-22 17:40:27'),('eb61b5f4-70d3-4686-99fd-c429c49f501f','6c78afb3-e659-4650-8d6f-f99bd8678087','2026-06-08 10:42:33',22.07164940,82.14959210,'Domino\'s, Shrikant Verma Marg, Bilaspur, Bilaspur Tahsil, Bilaspur, Chhattisgarh, 495004, India','6c78afb3-e659-4650-8d6f-f99bd8678087','2026-06-08 10:42:33','2026-06-08 10:42:33'),('ebc8fe45-7301-4707-8f50-5b34182a6cd4','0ed5bd53-4393-4020-be6a-48be5f84261e','2026-06-20 10:35:43',22.07168400,82.14966650,'Domino\'s, Shrikant Verma Marg, Bilaspur, Bilaspur Tahsil, Bilaspur, Chhattisgarh, 495004, India','0ed5bd53-4393-4020-be6a-48be5f84261e','2026-06-20 10:35:43','2026-06-20 10:35:43'),('ec15f8b8-03c9-49e1-a277-b5789ba53573','1a1e4364-04cd-423f-ba1e-811c59fc76aa','2026-06-30 10:01:23',22.07165860,82.14966750,'Domino\'s, Shrikant Verma Marg, Bilaspur, Bilaspur Tahsil, Bilaspur, Chhattisgarh, 495004, India','1a1e4364-04cd-423f-ba1e-811c59fc76aa','2026-06-30 10:01:23','2026-06-30 10:01:23'),('ecae7159-858c-405e-b47f-e1795f54e7e4','a600d78f-37dd-4ad4-9897-7d5dfa5c33e7','2026-06-14 09:51:21',21.90506650,82.06621260,'Bilha Tahsil, Bilaspur, Chhattisgarh, India','a600d78f-37dd-4ad4-9897-7d5dfa5c33e7','2026-06-14 09:51:21','2026-06-14 09:51:21'),('ecf5ff7d-05fe-4339-a3f2-c557759d8e8d','2abc2052-1982-4326-9faa-e39896c4777d','2026-06-08 10:01:47',22.07123370,82.15028340,'Shrikant Verma Marg, Bilaspur, Bilaspur Tahsil, Bilaspur, Chhattisgarh, 495004, India','2abc2052-1982-4326-9faa-e39896c4777d','2026-06-08 10:01:47','2026-06-08 10:01:47'),('ed9341cc-2572-4e10-bf75-7885d2d6776e','7f311153-8c6f-4805-b209-9373d13b7fbb','2026-06-11 17:44:42',22.07170110,82.14951660,'KFC, Shrikant Verma Marg, Bilaspur, Bilaspur Tahsil, Bilaspur, Chhattisgarh, 495004, India','7f311153-8c6f-4805-b209-9373d13b7fbb','2026-06-11 17:44:42','2026-06-11 17:44:42'),('ee0034b6-b55f-42a1-982e-5b3245837dd1','1a1e4364-04cd-423f-ba1e-811c59fc76aa','2026-07-21 10:13:01',22.07167170,82.14957590,'Domino\'s, Shrikant Verma Marg, Bilaspur, Bilaspur Tahsil, Bilaspur, Chhattisgarh, 495004, India','1a1e4364-04cd-423f-ba1e-811c59fc76aa','2026-07-21 10:13:01','2026-07-21 10:13:01'),('ee10bc63-dd21-4101-8fe2-0a92995d3f2e','0d059894-2564-4e0f-93ef-855953f06751','2026-07-13 10:32:51',22.07178220,82.14939690,'KFC, Shrikant Verma Marg, Bilaspur, Bilaspur Tahsil, Bilaspur, Chhattisgarh, 495004, India','0d059894-2564-4e0f-93ef-855953f06751','2026-07-13 10:32:51','2026-07-13 10:32:51'),('ee3c1963-31f1-4c9a-99c7-f94917dc6c58','ebd49fcc-cdb6-45c3-bd7b-27f7bcdefa18','2026-02-25 10:33:20',22.07170210,82.14943330,'KFC, Shrikant Verma Marg, Bilaspur, Bilaspur Tahsil, Bilaspur, Chhattisgarh, 495004, India','ebd49fcc-cdb6-45c3-bd7b-27f7bcdefa18','2026-02-25 10:33:20','2026-02-25 10:33:20'),('f027f14a-9e85-4d7b-9c60-a5f8b22d9190','79d154db-7197-410b-815a-25321488575f','2026-06-06 11:08:32',22.07177430,82.14959640,'Domino\'s, Shrikant Verma Marg, Bilaspur, Bilaspur Tahsil, Bilaspur, Chhattisgarh, 495004, India','79d154db-7197-410b-815a-25321488575f','2026-06-06 11:08:32','2026-06-06 11:08:32'),('f1516ddc-c39b-4b29-b23d-0da0a8465164','2abc2052-1982-4326-9faa-e39896c4777d','2026-04-29 16:59:09',22.07164690,82.14944920,'KFC, Shrikant Verma Marg, Bilaspur, Bilaspur Tahsil, Bilaspur, Chhattisgarh, 495004, India','2abc2052-1982-4326-9faa-e39896c4777d','2026-04-29 16:59:09','2026-04-29 16:59:09'),('f1624694-e0e9-41e4-a298-55fb7ee1e6f2','6c78afb3-e659-4650-8d6f-f99bd8678087','2026-02-23 10:15:53',22.07166950,82.14964970,'Domino\'s, Shrikant Verma Marg, Bilaspur, Bilaspur Tahsil, Bilaspur, Chhattisgarh, 495004, India','6c78afb3-e659-4650-8d6f-f99bd8678087','2026-02-23 10:15:53','2026-02-23 10:15:53'),('f19c7f81-fad8-4429-a0fa-d0288e962f6a','6c78afb3-e659-4650-8d6f-f99bd8678087','2026-06-03 10:31:15',22.07166080,82.14955670,'Domino\'s, Shrikant Verma Marg, Bilaspur, Bilaspur Tahsil, Bilaspur, Chhattisgarh, 495004, India','6c78afb3-e659-4650-8d6f-f99bd8678087','2026-06-03 10:31:15','2026-06-03 10:31:15'),('f1ee9e1d-73ca-4f94-8541-9f16fb9530b8','0ed5bd53-4393-4020-be6a-48be5f84261e','2026-06-24 10:08:44',22.07161320,82.14924200,'KFC, Shrikant Verma Marg, Bilaspur, Bilaspur Tahsil, Bilaspur, Chhattisgarh, 495004, India','0ed5bd53-4393-4020-be6a-48be5f84261e','2026-06-24 10:08:44','2026-06-24 10:08:44'),('f205a323-1caf-4544-a535-d3ba7fd6846f','1a1e4364-04cd-423f-ba1e-811c59fc76aa','2026-02-19 11:22:44',22.07167480,82.14966170,'Domino\'s, Shrikant Verma Marg, Bilaspur, Bilaspur Tahsil, Bilaspur, Chhattisgarh, 495004, India','1a1e4364-04cd-423f-ba1e-811c59fc76aa','2026-02-19 11:22:44','2026-02-19 11:22:44'),('f300931e-0147-499b-b254-b7c44228719b','e4104e9d-ef01-4a6d-886f-6cb2766e7b1d','2026-02-20 11:16:12',22.07165250,82.14965010,'Domino\'s, Shrikant Verma Marg, Bilaspur, Bilaspur Tahsil, Bilaspur, Chhattisgarh, 495004, India','e4104e9d-ef01-4a6d-886f-6cb2766e7b1d','2026-02-20 11:16:12','2026-02-20 11:16:12'),('f36e2914-6ceb-40df-a38a-5b6c66dc9ac8','79d154db-7197-410b-815a-25321488575f','2026-05-24 10:00:51',23.44622600,85.54586600,'Getalsud, Angara, Ranchi, Jharkhand, 835104, India','79d154db-7197-410b-815a-25321488575f','2026-05-24 10:00:51','2026-05-24 10:00:51'),('f492dcbb-3743-4910-9ed4-7621f993b34e','ebd49fcc-cdb6-45c3-bd7b-27f7bcdefa18','2026-02-28 10:40:33',22.07170790,82.14952060,'KFC, Shrikant Verma Marg, Bilaspur, Bilaspur Tahsil, Bilaspur, Chhattisgarh, 495004, India','ebd49fcc-cdb6-45c3-bd7b-27f7bcdefa18','2026-02-28 10:40:33','2026-02-28 10:40:33'),('f5b3e5b3-9b76-4e64-9baf-0542220ba828','0d059894-2564-4e0f-93ef-855953f06751','2026-07-22 10:23:43',22.07165230,82.14956150,'Domino\'s, Shrikant Verma Marg, Bilaspur, Bilaspur Tahsil, Bilaspur, Chhattisgarh, 495004, India','0d059894-2564-4e0f-93ef-855953f06751','2026-07-22 10:23:43','2026-07-22 10:23:43'),('f6188bde-6043-4308-a441-1bbf0457d0cf','2abc2052-1982-4326-9faa-e39896c4777d','2026-02-24 10:08:44',22.07166710,82.14967380,'Domino\'s, Shrikant Verma Marg, Bilaspur, Bilaspur Tahsil, Bilaspur, Chhattisgarh, 495004, India','2abc2052-1982-4326-9faa-e39896c4777d','2026-02-24 10:08:44','2026-02-24 10:08:44'),('f71ad24d-6ebd-4d89-9601-ffb2b13f20e7','6c78afb3-e659-4650-8d6f-f99bd8678087','2026-02-19 10:42:37',22.07164110,82.14965550,'Domino\'s, Shrikant Verma Marg, Bilaspur, Bilaspur Tahsil, Bilaspur, Chhattisgarh, 495004, India','6c78afb3-e659-4650-8d6f-f99bd8678087','2026-02-19 10:42:37','2026-02-19 10:42:37'),('f72d12f7-7586-4934-bf55-110457a74765','628c246c-3005-4619-b4db-facb426ee0cd','2026-06-24 10:28:00',22.07184600,82.14903170,'KFC, Shrikant Verma Marg, Bilaspur, Bilaspur Tahsil, Bilaspur, Chhattisgarh, 495004, India','628c246c-3005-4619-b4db-facb426ee0cd','2026-06-24 10:28:00','2026-06-24 10:28:00'),('f773a7ee-af77-41f2-b03d-404ab1d2a0d3','2abc2052-1982-4326-9faa-e39896c4777d','2026-04-13 10:16:52',22.07172620,82.14934530,'KFC, Shrikant Verma Marg, Bilaspur, Bilaspur Tahsil, Bilaspur, Chhattisgarh, 495004, India','2abc2052-1982-4326-9faa-e39896c4777d','2026-04-13 10:16:52','2026-04-13 10:16:52'),('f7b1da82-c1e4-4434-aece-86562685dc59','628c246c-3005-4619-b4db-facb426ee0cd','2026-06-23 10:12:53',22.07185430,82.14907960,'KFC, Shrikant Verma Marg, Bilaspur, Bilaspur Tahsil, Bilaspur, Chhattisgarh, 495004, India','628c246c-3005-4619-b4db-facb426ee0cd','2026-06-23 10:12:53','2026-06-23 10:12:53'),('f88a4e69-ff69-4877-85c3-f4ca572ed573','a600d78f-37dd-4ad4-9897-7d5dfa5c33e7','2026-05-30 10:07:14',22.02141140,82.20351590,'Bilaspur, Bilaspur Tahsil, Bilaspur, Chhattisgarh, 495004, India','a600d78f-37dd-4ad4-9897-7d5dfa5c33e7','2026-05-30 10:07:14','2026-05-30 10:07:14'),('f8d56fdd-8854-459f-9ccc-dcda9e140558','aaf288a3-fe5f-4844-a15f-6994d10517e1','2026-06-09 10:31:08',22.07165400,82.14957100,'Domino\'s, Shrikant Verma Marg, Bilaspur, Bilaspur Tahsil, Bilaspur, Chhattisgarh, 495004, India','aaf288a3-fe5f-4844-a15f-6994d10517e1','2026-06-09 10:31:08','2026-06-09 10:31:08'),('f9f0ab2c-c36c-492c-acff-8310e296f0ea','1a1e4364-04cd-423f-ba1e-811c59fc76aa','2026-06-19 09:49:17',22.07166670,82.14963100,'Domino\'s, Shrikant Verma Marg, Bilaspur, Bilaspur Tahsil, Bilaspur, Chhattisgarh, 495004, India','1a1e4364-04cd-423f-ba1e-811c59fc76aa','2026-06-19 09:49:17','2026-06-19 09:49:17'),('fad390e7-3dd3-4fed-ad4e-2b00251fbd02','f39e0437-03b6-485a-aafe-143e86d29935','2026-06-11 10:04:31',22.07166800,82.14956210,'Domino\'s, Shrikant Verma Marg, Bilaspur, Bilaspur Tahsil, Bilaspur, Chhattisgarh, 495004, India','f39e0437-03b6-485a-aafe-143e86d29935','2026-06-11 10:04:31','2026-06-11 10:04:31'),('fb2c8b92-60c4-4401-9245-1b546ab21210','0d059894-2564-4e0f-93ef-855953f06751','2026-05-29 18:08:38',22.07167060,82.14956670,'Domino\'s, Shrikant Verma Marg, Bilaspur, Bilaspur Tahsil, Bilaspur, Chhattisgarh, 495004, India','0d059894-2564-4e0f-93ef-855953f06751','2026-05-29 18:08:38','2026-05-29 18:08:38'),('fc2a4154-e070-42c2-84e1-3b420fb48d77','2abc2052-1982-4326-9faa-e39896c4777d','2026-07-13 10:01:31',22.07179100,82.14932810,'KFC, Shrikant Verma Marg, Bilaspur, Bilaspur Tahsil, Bilaspur, Chhattisgarh, 495004, India','2abc2052-1982-4326-9faa-e39896c4777d','2026-07-13 10:01:31','2026-07-13 10:01:31'),('fc684d06-c9ee-4482-af4b-e5cc9072acef','1a1e4364-04cd-423f-ba1e-811c59fc76aa','2026-03-25 09:45:45',22.07165920,82.14964680,'Domino\'s, Shrikant Verma Marg, Bilaspur, Bilaspur Tahsil, Bilaspur, Chhattisgarh, 495004, India','1a1e4364-04cd-423f-ba1e-811c59fc76aa','2026-03-25 09:45:45','2026-03-25 09:45:45'),('fd0b3c75-b251-440d-8d23-c8a0aad3688d','1a1e4364-04cd-423f-ba1e-811c59fc76aa','2026-06-08 09:25:16',22.07166670,82.14956970,'Domino\'s, Shrikant Verma Marg, Bilaspur, Bilaspur Tahsil, Bilaspur, Chhattisgarh, 495004, India','1a1e4364-04cd-423f-ba1e-811c59fc76aa','2026-06-08 09:25:16','2026-06-08 09:25:16'),('fdfb921e-f694-4e0d-9997-53748e090cc9','1a1e4364-04cd-423f-ba1e-811c59fc76aa','2026-03-02 09:57:15',22.07165190,82.14967030,'Domino\'s, Shrikant Verma Marg, Bilaspur, Bilaspur Tahsil, Bilaspur, Chhattisgarh, 495004, India','1a1e4364-04cd-423f-ba1e-811c59fc76aa','2026-03-02 09:57:15','2026-03-02 09:57:15'),('fe475ef8-11fe-490b-8d50-a74f2827a7ab','6c78afb3-e659-4650-8d6f-f99bd8678087','2026-07-03 11:54:56',22.07169270,82.14963600,'Domino\'s, Shrikant Verma Marg, Bilaspur, Bilaspur Tahsil, Bilaspur, Chhattisgarh, 495004, India','6c78afb3-e659-4650-8d6f-f99bd8678087','2026-07-03 11:54:56','2026-07-03 11:54:56'),('fe68863a-96c4-4403-aaec-4131a5724569','b44fbe57-0502-4444-ad26-4a86c8ede58d','2026-05-15 09:34:20',22.07176270,82.14960360,'Domino\'s, Shrikant Verma Marg, Bilaspur, Bilaspur Tahsil, Bilaspur, Chhattisgarh, 495004, India','b44fbe57-0502-4444-ad26-4a86c8ede58d','2026-05-15 09:34:20','2026-05-15 09:34:20'),('fea7fdfd-74ad-4e75-825c-7fc6f32e52f6','0ed5bd53-4393-4020-be6a-48be5f84261e','2026-06-10 10:13:40',22.07167300,82.14941740,'KFC, Shrikant Verma Marg, Bilaspur, Bilaspur Tahsil, Bilaspur, Chhattisgarh, 495004, India','0ed5bd53-4393-4020-be6a-48be5f84261e','2026-06-10 10:13:40','2026-06-10 10:13:40'),('febfe7ad-a422-4a24-90bb-50a0e1e988d8','628c246c-3005-4619-b4db-facb426ee0cd','2026-07-03 11:00:18',22.07166761,82.14969791,'Domino\'s, Shrikant Verma Marg, Bilaspur, Bilaspur Tahsil, Bilaspur, Chhattisgarh, 495004, India','628c246c-3005-4619-b4db-facb426ee0cd','2026-07-03 11:00:18','2026-07-03 11:00:18'),('ff06a82d-0d2f-4b59-9096-6a26410e460e','f39e0437-03b6-485a-aafe-143e86d29935','2026-06-06 10:09:39',22.07168070,82.14952660,'Domino\'s, Shrikant Verma Marg, Bilaspur, Bilaspur Tahsil, Bilaspur, Chhattisgarh, 495004, India','f39e0437-03b6-485a-aafe-143e86d29935','2026-06-06 10:09:39','2026-06-06 10:09:39');
/*!40000 ALTER TABLE `hrm_checkins` ENABLE KEYS */;
UNLOCK TABLES;

--
-- Table structure for table `hrm_checkouts`
--

DROP TABLE IF EXISTS `hrm_checkouts`;
/*!40101 SET @saved_cs_client     = @@character_set_client */;
/*!50503 SET character_set_client = utf8mb4 */;
CREATE TABLE `hrm_checkouts` (
  `id` char(36) CHARACTER SET utf8mb4 COLLATE utf8mb4_bin NOT NULL,
  `employee_master_id` char(36) CHARACTER SET utf8mb4 COLLATE utf8mb4_bin DEFAULT NULL,
  `checkOutTime` datetime NOT NULL,
  `latitude` decimal(10,8) NOT NULL,
  `longitude` decimal(11,8) NOT NULL,
  `address` varchar(255) DEFAULT NULL,
  `marked_by` char(36) CHARACTER SET utf8mb4 COLLATE utf8mb4_bin DEFAULT NULL,
  `working_hours` decimal(5,2) DEFAULT NULL,
  `createdAt` datetime NOT NULL,
  `updatedAt` datetime NOT NULL,
  PRIMARY KEY (`id`),
  KEY `employee_master_id` (`employee_master_id`),
  CONSTRAINT `hrm_checkouts_ibfk_1` FOREIGN KEY (`employee_master_id`) REFERENCES `hrm_employee_master` (`employee_master_id`) ON DELETE SET NULL ON UPDATE CASCADE
) ENGINE=InnoDB DEFAULT CHARSET=utf8mb4 COLLATE=utf8mb4_unicode_ci;
/*!40101 SET character_set_client = @saved_cs_client */;

--
-- Dumping data for table `hrm_checkouts`
--

LOCK TABLES `hrm_checkouts` WRITE;
/*!40000 ALTER TABLE `hrm_checkouts` DISABLE KEYS */;
INSERT INTO `hrm_checkouts` VALUES ('00d85bfc-ace0-4143-ac40-40eacdd74b43','c1916fe0-250b-4eb7-86f8-8ac5f330b190','2026-02-25 16:25:22',22.07184910,82.14903630,'KFC, Shrikant Verma Marg, Bilaspur, Bilaspur Tahsil, Bilaspur, Chhattisgarh, 495004, India','c1916fe0-250b-4eb7-86f8-8ac5f330b190',6.14,'2026-02-25 16:25:22','2026-02-25 16:25:22'),('02a63cf6-9e52-421a-a2de-ab83110fb66f','0d059894-2564-4e0f-93ef-855953f06751','2026-07-06 18:05:14',22.07164266,82.14949109,'KFC, Shrikant Verma Marg, Bilaspur, Bilaspur Tahsil, Bilaspur, Chhattisgarh, 495004, India','0d059894-2564-4e0f-93ef-855953f06751',1.78,'2026-07-06 18:05:14','2026-07-06 18:05:14'),('02f0ab3a-7a0d-4424-841b-2f74f0852c13','0d059894-2564-4e0f-93ef-855953f06751','2026-02-19 16:12:25',22.07165520,82.14964920,'Domino\'s, Shrikant Verma Marg, Bilaspur, Bilaspur Tahsil, Bilaspur, Chhattisgarh, 495004, India','0d059894-2564-4e0f-93ef-855953f06751',5.61,'2026-02-19 16:12:25','2026-02-19 16:12:25'),('04a42d55-3d8f-4518-a2cb-2489fcd367b2','c1916fe0-250b-4eb7-86f8-8ac5f330b190','2026-06-16 17:58:44',22.07178900,82.14934020,'KFC, Shrikant Verma Marg, Bilaspur, Bilaspur Tahsil, Bilaspur, Chhattisgarh, 495004, India','c1916fe0-250b-4eb7-86f8-8ac5f330b190',1.68,'2026-06-16 17:58:44','2026-06-16 17:58:44'),('0643023c-7a84-429b-b137-092d293c96a4','0d059894-2564-4e0f-93ef-855953f06751','2026-05-07 18:06:07',22.07165130,82.14958310,'Domino\'s, Shrikant Verma Marg, Bilaspur, Bilaspur Tahsil, Bilaspur, Chhattisgarh, 495004, India','0d059894-2564-4e0f-93ef-855953f06751',1.88,'2026-05-07 18:06:07','2026-05-07 18:06:07'),('07ad9ed2-4ee4-4ed1-b7a2-99eb239b62b4','aaf288a3-fe5f-4844-a15f-6994d10517e1','2026-06-17 18:02:13',22.07168380,82.14962230,'Domino\'s, Shrikant Verma Marg, Bilaspur, Bilaspur Tahsil, Bilaspur, Chhattisgarh, 495004, India','aaf288a3-fe5f-4844-a15f-6994d10517e1',2.50,'2026-06-17 18:02:13','2026-06-17 18:02:13'),('087a3a69-3603-47d5-88e6-894a0fb5b195','79d154db-7197-410b-815a-25321488575f','2026-02-17 10:36:27',22.07172350,82.14954090,'Domino\'s, Shrikant Verma Marg, Bilaspur, Bilaspur Tahsil, Bilaspur, Chhattisgarh, 495004, India','79d154db-7197-410b-815a-25321488575f',0.00,'2026-02-17 10:36:27','2026-02-17 10:36:27'),('088fbe37-4a83-4efe-b7e2-43d11ff506f6','2abc2052-1982-4326-9faa-e39896c4777d','2026-07-11 19:38:54',22.07428060,82.14963300,'Bilaspur, Bilaspur Tahsil, Bilaspur, Chhattisgarh, 495004, India','2abc2052-1982-4326-9faa-e39896c4777d',4.03,'2026-07-11 19:38:54','2026-07-11 19:38:54'),('0b045a1d-b960-48a5-8533-ccb3c6265721','2abc2052-1982-4326-9faa-e39896c4777d','2026-06-09 17:58:38',22.07165540,82.14958150,'Domino\'s, Shrikant Verma Marg, Bilaspur, Bilaspur Tahsil, Bilaspur, Chhattisgarh, 495004, India','2abc2052-1982-4326-9faa-e39896c4777d',2.45,'2026-06-09 17:58:38','2026-06-09 17:58:38'),('0bd1be17-bda3-4146-a81e-cfbda3e4ba7f','0d059894-2564-4e0f-93ef-855953f06751','2026-06-30 17:56:02',22.07167210,82.14957530,'Domino\'s, Shrikant Verma Marg, Bilaspur, Bilaspur Tahsil, Bilaspur, Chhattisgarh, 495004, India','0d059894-2564-4e0f-93ef-855953f06751',1.31,'2026-06-30 17:56:02','2026-06-30 17:56:02'),('0e23cdbd-7fc6-40c8-860f-5e4f43934649','a600d78f-37dd-4ad4-9897-7d5dfa5c33e7','2026-06-12 17:38:13',21.99583100,82.21311500,'Bilha Tahsil, Bilaspur, Chhattisgarh, India','a600d78f-37dd-4ad4-9897-7d5dfa5c33e7',2.01,'2026-06-12 17:38:13','2026-06-12 17:38:13'),('1031e00a-0a98-4ab8-87b2-72c464fe97bc','0d059894-2564-4e0f-93ef-855953f06751','2026-02-20 16:23:13',22.07168180,82.14961840,'Domino\'s, Shrikant Verma Marg, Bilaspur, Bilaspur Tahsil, Bilaspur, Chhattisgarh, 495004, India','0d059894-2564-4e0f-93ef-855953f06751',6.11,'2026-02-20 16:23:13','2026-02-20 16:23:13'),('1074e0bb-9664-42d2-a43a-fca27c6eeabf','6c78afb3-e659-4650-8d6f-f99bd8678087','2026-06-30 17:56:46',22.07167600,82.14954410,'Domino\'s, Shrikant Verma Marg, Bilaspur, Bilaspur Tahsil, Bilaspur, Chhattisgarh, 495004, India','6c78afb3-e659-4650-8d6f-f99bd8678087',0.00,'2026-06-30 17:56:46','2026-06-30 17:56:46'),('10dbc408-ad1f-4238-91d0-a9296d5990ca','a600d78f-37dd-4ad4-9897-7d5dfa5c33e7','2026-06-09 23:05:46',22.02143910,82.20367860,'Bilaspur, Bilaspur Tahsil, Bilaspur, Chhattisgarh, 495004, India','a600d78f-37dd-4ad4-9897-7d5dfa5c33e7',7.58,'2026-06-09 23:05:46','2026-06-09 23:05:46'),('11d6a44d-8dda-441d-93c8-96b94bcad128','a600d78f-37dd-4ad4-9897-7d5dfa5c33e7','2026-05-21 19:33:30',22.01998020,82.20785790,'NH49, Bilaspur, Bilaspur Tahsil, Bilaspur, Chhattisgarh, 495004, India','a600d78f-37dd-4ad4-9897-7d5dfa5c33e7',-1.18,'2026-05-21 19:33:30','2026-05-21 19:33:30'),('13df0f93-8597-4d26-b4c9-1bd0c5544f2c','2abc2052-1982-4326-9faa-e39896c4777d','2026-06-24 18:00:23',22.07152410,82.14961730,'Domino\'s, Shrikant Verma Marg, Bilaspur, Bilaspur Tahsil, Bilaspur, Chhattisgarh, 495004, India','2abc2052-1982-4326-9faa-e39896c4777d',2.61,'2026-06-24 18:00:23','2026-06-24 18:00:23'),('14a6c2d9-f4e1-489b-a112-d20aa76402c8','a600d78f-37dd-4ad4-9897-7d5dfa5c33e7','2026-06-25 21:11:35',22.02144370,82.20346650,'Bilaspur, Bilaspur Tahsil, Bilaspur, Chhattisgarh, 495004, India','a600d78f-37dd-4ad4-9897-7d5dfa5c33e7',4.81,'2026-06-25 21:11:35','2026-06-25 21:11:35'),('14e885bb-3c83-4d3c-8fc7-137a915de827','b81000be-85e5-4382-856e-f407ebd40c4f','2026-02-26 12:30:47',22.07164610,82.14966810,'Domino\'s, Shrikant Verma Marg, Bilaspur, Bilaspur Tahsil, Bilaspur, Chhattisgarh, 495004, India','b81000be-85e5-4382-856e-f407ebd40c4f',0.03,'2026-02-26 12:30:47','2026-02-26 12:30:47'),('1626077f-475a-4ff8-9907-96943f0bc3e9','aaf288a3-fe5f-4844-a15f-6994d10517e1','2026-05-30 18:20:54',22.04906590,82.13311170,'Bilaspur, Bilaspur Tahsil, Bilaspur, Chhattisgarh, 495004, India','aaf288a3-fe5f-4844-a15f-6994d10517e1',3.12,'2026-05-30 18:20:54','2026-05-30 18:20:54'),('1631863b-d74b-4e97-a04c-7249b29da663','6c78afb3-e659-4650-8d6f-f99bd8678087','2026-06-09 17:58:20',22.07163800,82.14958700,'Domino\'s, Shrikant Verma Marg, Bilaspur, Bilaspur Tahsil, Bilaspur, Chhattisgarh, 495004, India','6c78afb3-e659-4650-8d6f-f99bd8678087',1.20,'2026-06-09 17:58:20','2026-06-09 17:58:20'),('16b89d0c-6373-49e3-8bcb-db36d9b007d9','628c246c-3005-4619-b4db-facb426ee0cd','2026-07-02 18:40:04',22.07187871,82.14966749,'Domino\'s, Shrikant Verma Marg, Bilaspur, Bilaspur Tahsil, Bilaspur, Chhattisgarh, 495004, India','628c246c-3005-4619-b4db-facb426ee0cd',2.51,'2026-07-02 18:40:04','2026-07-02 18:40:04'),('16cd597b-f78e-4bb0-b8b0-bb103d26d058','aaf288a3-fe5f-4844-a15f-6994d10517e1','2026-06-03 12:04:51',22.07167180,82.14955260,'Domino\'s, Shrikant Verma Marg, Bilaspur, Bilaspur Tahsil, Bilaspur, Chhattisgarh, 495004, India','aaf288a3-fe5f-4844-a15f-6994d10517e1',-3.52,'2026-06-03 12:04:51','2026-06-03 12:04:51'),('1b115770-7d42-468e-bab6-ff34a7b71cf6','0d059894-2564-4e0f-93ef-855953f06751','2026-02-28 16:08:37',22.07164490,82.14967330,'Domino\'s, Shrikant Verma Marg, Bilaspur, Bilaspur Tahsil, Bilaspur, Chhattisgarh, 495004, India','0d059894-2564-4e0f-93ef-855953f06751',5.59,'2026-02-28 16:08:37','2026-02-28 16:08:37'),('1cb8035d-0324-417b-9f21-6125a9ec0241','a600d78f-37dd-4ad4-9897-7d5dfa5c33e7','2026-06-01 21:55:06',20.70738390,81.19465090,'Balod, Balod Tahsil, Balod, Chhattisgarh, 491226, India','a600d78f-37dd-4ad4-9897-7d5dfa5c33e7',5.82,'2026-06-01 21:55:06','2026-06-01 21:55:06'),('1e491b11-3807-4719-8536-2602c2a7ee1b','0d059894-2564-4e0f-93ef-855953f06751','2026-02-18 18:05:20',22.07164560,82.14965210,'Domino\'s, Shrikant Verma Marg, Bilaspur, Bilaspur Tahsil, Bilaspur, Chhattisgarh, 495004, India','0d059894-2564-4e0f-93ef-855953f06751',7.80,'2026-02-18 18:05:20','2026-02-18 18:05:20'),('20d83720-81f9-47f7-a7c4-bc5e082f1751','0d059894-2564-4e0f-93ef-855953f06751','2026-07-10 17:10:20',22.07168030,82.14960600,'Domino\'s, Shrikant Verma Marg, Bilaspur, Bilaspur Tahsil, Bilaspur, Chhattisgarh, 495004, India','0d059894-2564-4e0f-93ef-855953f06751',1.03,'2026-07-10 17:10:20','2026-07-10 17:10:20'),('2184c7f8-32ac-4561-b1d2-e835824e4412','0d059894-2564-4e0f-93ef-855953f06751','2026-02-23 16:05:25',22.07168820,82.14940280,'KFC, Shrikant Verma Marg, Bilaspur, Bilaspur Tahsil, Bilaspur, Chhattisgarh, 495004, India','0d059894-2564-4e0f-93ef-855953f06751',5.68,'2026-02-23 16:05:25','2026-02-23 16:05:25'),('25f7f92f-7973-415c-886e-eeeb63f23d1c','f39e0437-03b6-485a-aafe-143e86d29935','2026-07-04 17:53:42',22.07163830,82.14966410,'Domino\'s, Shrikant Verma Marg, Bilaspur, Bilaspur Tahsil, Bilaspur, Chhattisgarh, 495004, India','f39e0437-03b6-485a-aafe-143e86d29935',2.26,'2026-07-04 17:53:42','2026-07-04 17:53:42'),('281e3608-588f-4658-8be0-f001056ec50d','0ed5bd53-4393-4020-be6a-48be5f84261e','2026-07-09 18:02:21',22.07164850,82.14970740,'Domino\'s, Shrikant Verma Marg, Bilaspur, Bilaspur Tahsil, Bilaspur, Chhattisgarh, 495004, India','0ed5bd53-4393-4020-be6a-48be5f84261e',2.17,'2026-07-09 18:02:21','2026-07-09 18:02:21'),('2bcb77da-2501-4218-b8fc-33f5e9c69b4a','0d059894-2564-4e0f-93ef-855953f06751','2026-07-18 17:56:42',22.07151408,82.14975910,'Domino\'s, Shrikant Verma Marg, Bilaspur, Bilaspur Tahsil, Bilaspur, Chhattisgarh, 495004, India','0d059894-2564-4e0f-93ef-855953f06751',2.23,'2026-07-18 17:56:42','2026-07-18 17:56:42'),('2e56cc7a-9f37-4780-a9db-cf82bf8db5fa','f5ceb75a-ef68-40fc-8628-3b0ea6085e3c','2026-02-18 18:06:46',22.07165080,82.14966000,'Domino\'s, Shrikant Verma Marg, Bilaspur, Bilaspur Tahsil, Bilaspur, Chhattisgarh, 495004, India','f5ceb75a-ef68-40fc-8628-3b0ea6085e3c',7.79,'2026-02-18 18:06:46','2026-02-18 18:06:46'),('2f1141c2-8ea6-462c-a6e0-255384bc202e',NULL,'2026-02-18 11:09:17',22.07165820,82.14965130,'Domino\'s, Shrikant Verma Marg, Bilaspur, Bilaspur Tahsil, Bilaspur, Chhattisgarh, 495004, India','a4831586-7048-4e87-a21b-6922f76f0244',0.01,'2026-02-18 11:09:17','2026-02-18 11:09:17'),('2f931f07-2bee-4c2a-b644-ccc3d1b31402','c1916fe0-250b-4eb7-86f8-8ac5f330b190','2026-06-23 17:41:36',22.07177240,82.14933150,'KFC, Shrikant Verma Marg, Bilaspur, Bilaspur Tahsil, Bilaspur, Chhattisgarh, 495004, India','c1916fe0-250b-4eb7-86f8-8ac5f330b190',1.38,'2026-06-23 17:41:36','2026-06-23 17:41:36'),('330ea068-34ba-46dc-bb12-f9d7a55e7059','628c246c-3005-4619-b4db-facb426ee0cd','2026-06-24 18:02:43',22.07165820,82.14967840,'Domino\'s, Shrikant Verma Marg, Bilaspur, Bilaspur Tahsil, Bilaspur, Chhattisgarh, 495004, India','628c246c-3005-4619-b4db-facb426ee0cd',2.08,'2026-06-24 18:02:43','2026-06-24 18:02:43'),('3316a3c2-af5f-48fb-92b4-d6fb60dbb882','0ed5bd53-4393-4020-be6a-48be5f84261e','2026-07-14 18:00:42',22.07168620,82.14966010,'Domino\'s, Shrikant Verma Marg, Bilaspur, Bilaspur Tahsil, Bilaspur, Chhattisgarh, 495004, India','0ed5bd53-4393-4020-be6a-48be5f84261e',2.28,'2026-07-14 18:00:42','2026-07-14 18:00:42'),('34b4a92a-23ee-4ffa-9e19-6f9fa53089b6','2abc2052-1982-4326-9faa-e39896c4777d','2026-06-11 18:00:07',22.07165070,82.14976960,'Domino\'s, Shrikant Verma Marg, Bilaspur, Bilaspur Tahsil, Bilaspur, Chhattisgarh, 495004, India','2abc2052-1982-4326-9faa-e39896c4777d',2.50,'2026-06-11 18:00:07','2026-06-11 18:00:07'),('37678ce1-a2d4-40e0-b9da-d837f5c22658','aaf288a3-fe5f-4844-a15f-6994d10517e1','2026-07-13 18:17:06',22.07172740,82.14954690,'Domino\'s, Shrikant Verma Marg, Bilaspur, Bilaspur Tahsil, Bilaspur, Chhattisgarh, 495004, India','aaf288a3-fe5f-4844-a15f-6994d10517e1',2.80,'2026-07-13 18:17:06','2026-07-13 18:17:06'),('37ecca34-caff-41a3-a33d-9ce0ad17f567','c1916fe0-250b-4eb7-86f8-8ac5f330b190','2026-03-12 17:27:36',22.07206800,82.14954640,'PVR Cinemas, Shrikant Verma Marg, Bilaspur, Bilaspur Tahsil, Bilaspur, Chhattisgarh, 495004, India','c1916fe0-250b-4eb7-86f8-8ac5f330b190',1.29,'2026-03-12 17:27:36','2026-03-12 17:27:36'),('38ac002d-abe1-49ef-9f71-1da53860a997','1a1e4364-04cd-423f-ba1e-811c59fc76aa','2026-06-09 17:58:00',22.07165610,82.14957280,'Domino\'s, Shrikant Verma Marg, Bilaspur, Bilaspur Tahsil, Bilaspur, Chhattisgarh, 495004, India','1a1e4364-04cd-423f-ba1e-811c59fc76aa',2.68,'2026-06-09 17:58:00','2026-06-09 17:58:00'),('38c1cd62-e689-4d21-87fc-e284f2cc5aaf','2abc2052-1982-4326-9faa-e39896c4777d','2026-07-03 17:38:10',22.07164550,82.14985770,'McDonald\'s, Shrikant Verma Marg, Bilaspur, Bilaspur Tahsil, Bilaspur, Chhattisgarh, 495004, India','2abc2052-1982-4326-9faa-e39896c4777d',1.58,'2026-07-03 17:38:10','2026-07-03 17:38:10'),('3ebc9d77-65d1-4cb2-942f-8e6d4d1e443d','a600d78f-37dd-4ad4-9897-7d5dfa5c33e7','2026-05-25 19:31:31',22.01996170,82.20551710,'Coordinates: 22.0199617, 82.2055171','a600d78f-37dd-4ad4-9897-7d5dfa5c33e7',3.62,'2026-05-25 19:31:31','2026-05-25 19:31:31'),('439222ce-4232-4ab7-b758-82f971651d05','628c246c-3005-4619-b4db-facb426ee0cd','2026-06-27 17:35:05',22.07185330,82.14909110,'KFC, Shrikant Verma Marg, Bilaspur, Bilaspur Tahsil, Bilaspur, Chhattisgarh, 495004, India','628c246c-3005-4619-b4db-facb426ee0cd',1.57,'2026-06-27 17:35:05','2026-06-27 17:35:05'),('44393d04-2710-4192-8331-8a9951e5a211','7f311153-8c6f-4805-b209-9373d13b7fbb','2026-05-29 18:26:58',22.07167280,82.14942080,'KFC, Shrikant Verma Marg, Bilaspur, Bilaspur Tahsil, Bilaspur, Chhattisgarh, 495004, India','7f311153-8c6f-4805-b209-9373d13b7fbb',-5.50,'2026-05-29 18:26:58','2026-05-29 18:26:58'),('44f1c0b3-64d2-4baa-97b7-a62d111049cb','0d059894-2564-4e0f-93ef-855953f06751','2026-02-25 16:05:37',22.07167200,82.14965270,'Domino\'s, Shrikant Verma Marg, Bilaspur, Bilaspur Tahsil, Bilaspur, Chhattisgarh, 495004, India','0d059894-2564-4e0f-93ef-855953f06751',5.69,'2026-02-25 16:05:37','2026-02-25 16:05:37'),('455a98ca-58de-4ecc-aa1b-4f85500efac1','628c246c-3005-4619-b4db-facb426ee0cd','2026-07-16 18:12:16',22.07163525,82.14975516,'Domino\'s, Shrikant Verma Marg, Bilaspur, Bilaspur Tahsil, Bilaspur, Chhattisgarh, 495004, India','628c246c-3005-4619-b4db-facb426ee0cd',2.22,'2026-07-16 18:12:16','2026-07-16 18:12:16'),('45c19873-42f9-492b-b0c6-456dea62749c','1a1e4364-04cd-423f-ba1e-811c59fc76aa','2026-03-16 16:07:14',22.07164880,82.14964060,'Domino\'s, Shrikant Verma Marg, Bilaspur, Bilaspur Tahsil, Bilaspur, Chhattisgarh, 495004, India','1a1e4364-04cd-423f-ba1e-811c59fc76aa',0.72,'2026-03-16 16:07:14','2026-03-16 16:07:14'),('46312b65-17c7-4aae-83aa-15c566893645','a600d78f-37dd-4ad4-9897-7d5dfa5c33e7','2026-05-24 17:38:19',22.02006350,82.20779840,'NH49, Bilaspur, Bilaspur Tahsil, Bilaspur, Chhattisgarh, 495004, India','a600d78f-37dd-4ad4-9897-7d5dfa5c33e7',1.78,'2026-05-24 17:38:19','2026-05-24 17:38:19'),('4a5eeebc-e07d-4b78-ac7a-4a888debd987','0d059894-2564-4e0f-93ef-855953f06751','2026-07-14 17:57:07',22.07169810,82.14953220,'Domino\'s, Shrikant Verma Marg, Bilaspur, Bilaspur Tahsil, Bilaspur, Chhattisgarh, 495004, India','0d059894-2564-4e0f-93ef-855953f06751',1.27,'2026-07-14 17:57:07','2026-07-14 17:57:07'),('4b6f9cbd-34e0-49a4-aa07-ca55e11380d0','1a1e4364-04cd-423f-ba1e-811c59fc76aa','2026-03-02 15:50:51',22.07166410,82.14967540,'Domino\'s, Shrikant Verma Marg, Bilaspur, Bilaspur Tahsil, Bilaspur, Chhattisgarh, 495004, India','1a1e4364-04cd-423f-ba1e-811c59fc76aa',5.89,'2026-03-02 15:50:51','2026-03-02 15:50:51'),('4b9e0bf3-c8ae-48ef-9cd5-1c3bb383a522','1a1e4364-04cd-423f-ba1e-811c59fc76aa','2026-05-07 18:05:43',22.07174440,82.14931120,'KFC, Shrikant Verma Marg, Bilaspur, Bilaspur Tahsil, Bilaspur, Chhattisgarh, 495004, India','1a1e4364-04cd-423f-ba1e-811c59fc76aa',0.92,'2026-05-07 18:05:43','2026-05-07 18:05:43'),('4bd1d4e9-4b1d-4f6a-b5b5-d6a93f9b0f6b','2abc2052-1982-4326-9faa-e39896c4777d','2026-07-11 19:38:54',22.07428060,82.14963300,'Bilaspur, Bilaspur Tahsil, Bilaspur, Chhattisgarh, 495004, India','2abc2052-1982-4326-9faa-e39896c4777d',4.03,'2026-07-11 19:38:54','2026-07-11 19:38:54'),('504c8a42-98e8-4dd2-b6c7-13aab1bb0c69','628c246c-3005-4619-b4db-facb426ee0cd','2026-07-20 18:22:04',22.07163720,82.14947810,'KFC, Shrikant Verma Marg, Bilaspur, Bilaspur Tahsil, Bilaspur, Chhattisgarh, 495004, India','628c246c-3005-4619-b4db-facb426ee0cd',2.49,'2026-07-20 18:22:04','2026-07-20 18:22:04'),('50afdfb4-6477-4239-ba00-12ffdd52ca07','2abc2052-1982-4326-9faa-e39896c4777d','2026-06-29 17:51:12',22.07163940,82.14967750,'Domino\'s, Shrikant Verma Marg, Bilaspur, Bilaspur Tahsil, Bilaspur, Chhattisgarh, 495004, India','2abc2052-1982-4326-9faa-e39896c4777d',2.33,'2026-06-29 17:51:12','2026-06-29 17:51:12'),('510268dc-bc59-4a6b-b859-be71f735b5cc','0d059894-2564-4e0f-93ef-855953f06751','2026-07-15 18:25:48',22.07176710,82.14932430,'KFC, Shrikant Verma Marg, Bilaspur, Bilaspur Tahsil, Bilaspur, Chhattisgarh, 495004, India','0d059894-2564-4e0f-93ef-855953f06751',2.23,'2026-07-15 18:25:48','2026-07-15 18:25:48'),('5123b7e4-72b9-420f-adf1-699c12963728','0d059894-2564-4e0f-93ef-855953f06751','2026-07-11 18:08:03',22.07166960,82.14948280,'KFC, Shrikant Verma Marg, Bilaspur, Bilaspur Tahsil, Bilaspur, Chhattisgarh, 495004, India','0d059894-2564-4e0f-93ef-855953f06751',1.99,'2026-07-11 18:08:03','2026-07-11 18:08:03'),('512f7ca2-653d-4266-8a8e-86e360ce3625','e4104e9d-ef01-4a6d-886f-6cb2766e7b1d','2026-02-18 18:05:47',22.07166140,82.14965620,'Domino\'s, Shrikant Verma Marg, Bilaspur, Bilaspur Tahsil, Bilaspur, Chhattisgarh, 495004, India','e4104e9d-ef01-4a6d-886f-6cb2766e7b1d',7.02,'2026-02-18 18:05:47','2026-02-18 18:05:47'),('52ceb4b3-2d27-4d58-a624-4cf651394c7e','0d059894-2564-4e0f-93ef-855953f06751','2026-07-01 17:44:42',22.07182908,82.14956808,'PVR Cinemas, Shrikant Verma Marg, Bilaspur, Bilaspur Tahsil, Bilaspur, Chhattisgarh, 495004, India','0d059894-2564-4e0f-93ef-855953f06751',2.13,'2026-07-01 17:44:42','2026-07-01 17:44:42'),('53ac866f-71f8-44ec-aff8-fdf77a52f0f1','6c78afb3-e659-4650-8d6f-f99bd8678087','2026-06-24 18:02:56',22.07167010,82.14962560,'Domino\'s, Shrikant Verma Marg, Bilaspur, Bilaspur Tahsil, Bilaspur, Chhattisgarh, 495004, India','6c78afb3-e659-4650-8d6f-f99bd8678087',1.02,'2026-06-24 18:02:56','2026-06-24 18:02:56'),('553298bf-1cbd-4409-9702-8a3905c0fe42','2abc2052-1982-4326-9faa-e39896c4777d','2026-06-27 17:32:42',22.07164660,82.14968180,'Domino\'s, Shrikant Verma Marg, Bilaspur, Bilaspur Tahsil, Bilaspur, Chhattisgarh, 495004, India','2abc2052-1982-4326-9faa-e39896c4777d',2.15,'2026-06-27 17:32:42','2026-06-27 17:32:42'),('5a117c35-3c43-49ce-b9a9-69ec7a2df688','2abc2052-1982-4326-9faa-e39896c4777d','2026-07-20 18:21:59',22.07166200,82.14964760,'Domino\'s, Shrikant Verma Marg, Bilaspur, Bilaspur Tahsil, Bilaspur, Chhattisgarh, 495004, India','2abc2052-1982-4326-9faa-e39896c4777d',2.87,'2026-07-20 18:21:59','2026-07-20 18:21:59'),('5ae047b8-023b-43b2-891e-9466b5d22516','628c246c-3005-4619-b4db-facb426ee0cd','2026-07-03 18:01:48',22.07108456,82.14961787,'Bilaspur, Bilaspur Tahsil, Bilaspur, Chhattisgarh, 495004, India','628c246c-3005-4619-b4db-facb426ee0cd',1.53,'2026-07-03 18:01:48','2026-07-03 18:01:48'),('5ae2b5f8-b7d4-44c6-be29-6279dce5a5b5','a600d78f-37dd-4ad4-9897-7d5dfa5c33e7','2026-06-14 18:20:53',21.89609960,82.06611210,'Bilha Tahsil, Bilaspur, Chhattisgarh, India','a600d78f-37dd-4ad4-9897-7d5dfa5c33e7',2.99,'2026-06-14 18:20:53','2026-06-14 18:20:53'),('5b5d6b2f-e6c8-4375-a007-282e84540e6a','2abc2052-1982-4326-9faa-e39896c4777d','2026-07-16 18:11:43',22.07164380,82.14963140,'Domino\'s, Shrikant Verma Marg, Bilaspur, Bilaspur Tahsil, Bilaspur, Chhattisgarh, 495004, India','2abc2052-1982-4326-9faa-e39896c4777d',2.82,'2026-07-16 18:11:43','2026-07-16 18:11:43'),('5d011029-0907-4a7a-9cd9-9d5a3d11da2d','a600d78f-37dd-4ad4-9897-7d5dfa5c33e7','2026-06-21 23:59:36',22.02150660,82.20418370,'Bilaspur, Bilaspur Tahsil, Bilaspur, Chhattisgarh, 495004, India','a600d78f-37dd-4ad4-9897-7d5dfa5c33e7',8.33,'2026-06-21 23:59:36','2026-06-21 23:59:36'),('5ff9f9be-fae6-437e-a91e-5a4f21e716d0','2abc2052-1982-4326-9faa-e39896c4777d','2026-07-01 17:44:20',22.07150700,82.14952640,'Domino\'s, Shrikant Verma Marg, Bilaspur, Bilaspur Tahsil, Bilaspur, Chhattisgarh, 495004, India','2abc2052-1982-4326-9faa-e39896c4777d',2.25,'2026-07-01 17:44:20','2026-07-01 17:44:20'),('60dbf264-421b-421f-bed7-90cdcaa50df5','f39e0437-03b6-485a-aafe-143e86d29935','2026-06-19 17:48:55',22.07272190,82.14487140,'Bilaspur, Bilaspur Tahsil, Bilaspur, Chhattisgarh, 495004, India','f39e0437-03b6-485a-aafe-143e86d29935',2.27,'2026-06-19 17:48:55','2026-06-19 17:48:55'),('61381d1a-6f01-4eab-9ff7-0013fcccedb9','aaf288a3-fe5f-4844-a15f-6994d10517e1','2026-07-14 18:00:23',22.07170230,82.14962480,'Domino\'s, Shrikant Verma Marg, Bilaspur, Bilaspur Tahsil, Bilaspur, Chhattisgarh, 495004, India','aaf288a3-fe5f-4844-a15f-6994d10517e1',0.81,'2026-07-14 18:00:23','2026-07-14 18:00:23'),('61e9f1be-72b9-46fe-9348-baaae21669ca','aaf288a3-fe5f-4844-a15f-6994d10517e1','2026-06-29 18:06:36',22.07185380,82.15013090,'Shrikant Verma Marg, Bilaspur, Bilaspur Tahsil, Bilaspur, Chhattisgarh, 495004, India','aaf288a3-fe5f-4844-a15f-6994d10517e1',2.85,'2026-06-29 18:06:36','2026-06-29 18:06:36'),('66c414ff-c721-4e83-b1f3-9c59adc3c1f2','aaf288a3-fe5f-4844-a15f-6994d10517e1','2026-06-09 17:52:39',22.07165850,82.14963930,'Domino\'s, Shrikant Verma Marg, Bilaspur, Bilaspur Tahsil, Bilaspur, Chhattisgarh, 495004, India','aaf288a3-fe5f-4844-a15f-6994d10517e1',1.86,'2026-06-09 17:52:39','2026-06-09 17:52:39'),('6ab831c2-2da6-492a-869a-5e76a40a38bd','0d059894-2564-4e0f-93ef-855953f06751','2026-06-17 18:24:57',22.07170100,82.14944170,'KFC, Shrikant Verma Marg, Bilaspur, Bilaspur Tahsil, Bilaspur, Chhattisgarh, 495004, India','0d059894-2564-4e0f-93ef-855953f06751',2.31,'2026-06-17 18:24:57','2026-06-17 18:24:57'),('6add7a0a-f97f-4656-a117-91fe6fd60692','0d059894-2564-4e0f-93ef-855953f06751','2026-06-05 17:45:15',22.07163370,82.14961320,'Domino\'s, Shrikant Verma Marg, Bilaspur, Bilaspur Tahsil, Bilaspur, Chhattisgarh, 495004, India','0d059894-2564-4e0f-93ef-855953f06751',1.73,'2026-06-05 17:45:15','2026-06-05 17:45:15'),('6c521f49-3618-4284-b1aa-c1ec4277ff20','a600d78f-37dd-4ad4-9897-7d5dfa5c33e7','2026-06-23 22:06:38',22.02566020,82.21638850,'NH49, Bilaspur, Bilaspur Tahsil, Bilaspur, Chhattisgarh, 495004, India','a600d78f-37dd-4ad4-9897-7d5dfa5c33e7',6.33,'2026-06-23 22:06:38','2026-06-23 22:06:38'),('6cfc31c9-2dde-458d-a400-216af01b5731','a600d78f-37dd-4ad4-9897-7d5dfa5c33e7','2026-06-11 18:48:13',22.02157540,82.20396360,'Bilaspur, Bilaspur Tahsil, Bilaspur, Chhattisgarh, 495004, India','a600d78f-37dd-4ad4-9897-7d5dfa5c33e7',0.74,'2026-06-11 18:48:13','2026-06-11 18:48:13'),('6d1e92a5-3f90-4eed-8ad3-d5128d392bb6','628c246c-3005-4619-b4db-facb426ee0cd','2026-06-11 17:54:46',22.07168450,82.14952130,'Domino\'s, Shrikant Verma Marg, Bilaspur, Bilaspur Tahsil, Bilaspur, Chhattisgarh, 495004, India','628c246c-3005-4619-b4db-facb426ee0cd',2.12,'2026-06-11 17:54:46','2026-06-11 17:54:46'),('6ee549d7-e8fd-4a67-a195-00d00e63c025','2abc2052-1982-4326-9faa-e39896c4777d','2026-06-17 18:43:29',22.07166150,82.14961200,'Domino\'s, Shrikant Verma Marg, Bilaspur, Bilaspur Tahsil, Bilaspur, Chhattisgarh, 495004, India','2abc2052-1982-4326-9faa-e39896c4777d',3.22,'2026-06-17 18:43:29','2026-06-17 18:43:29'),('7278cf0c-cf82-416d-adc4-48a3f96fc620','0d059894-2564-4e0f-93ef-855953f06751','2026-02-24 16:00:47',22.07162360,82.14949630,'KFC, Shrikant Verma Marg, Bilaspur, Bilaspur Tahsil, Bilaspur, Chhattisgarh, 495004, India','0d059894-2564-4e0f-93ef-855953f06751',5.61,'2026-02-24 16:00:47','2026-02-24 16:00:47'),('73b5be87-47ce-43a1-b8cd-cc1be7ec3bac','628c246c-3005-4619-b4db-facb426ee0cd','2026-07-07 17:26:45',22.07167540,82.14965930,'Domino\'s, Shrikant Verma Marg, Bilaspur, Bilaspur Tahsil, Bilaspur, Chhattisgarh, 495004, India','628c246c-3005-4619-b4db-facb426ee0cd',1.58,'2026-07-07 17:26:45','2026-07-07 17:26:45'),('754dd16d-874f-4b61-aeb2-c093c856b8e1','0d059894-2564-4e0f-93ef-855953f06751','2026-03-05 15:32:37',22.07165320,82.14965140,'Domino\'s, Shrikant Verma Marg, Bilaspur, Bilaspur Tahsil, Bilaspur, Chhattisgarh, 495004, India','0d059894-2564-4e0f-93ef-855953f06751',5.48,'2026-03-05 15:32:37','2026-03-05 15:32:37'),('760b6d22-1577-4244-ba19-ad6db0933b54','6c78afb3-e659-4650-8d6f-f99bd8678087','2026-07-16 18:12:51',22.07168210,82.14955760,'Domino\'s, Shrikant Verma Marg, Bilaspur, Bilaspur Tahsil, Bilaspur, Chhattisgarh, 495004, India','6c78afb3-e659-4650-8d6f-f99bd8678087',0.00,'2026-07-16 18:12:51','2026-07-16 18:12:51'),('7dabb973-7b64-4c51-9636-5c517eb19d49','2abc2052-1982-4326-9faa-e39896c4777d','2026-07-04 18:00:28',22.07443980,82.14822670,'Bilaspur, Bilaspur Tahsil, Bilaspur, Chhattisgarh, 495004, India','2abc2052-1982-4326-9faa-e39896c4777d',2.56,'2026-07-04 18:00:28','2026-07-04 18:00:28'),('7e8706c5-052b-494b-8960-13a4a7b977d0','a600d78f-37dd-4ad4-9897-7d5dfa5c33e7','2026-06-06 20:09:42',20.70741320,81.19460720,'Balod, Balod Tahsil, Balod, Chhattisgarh, 491226, India','a600d78f-37dd-4ad4-9897-7d5dfa5c33e7',0.00,'2026-06-06 20:09:42','2026-06-06 20:09:42'),('7fec67de-b9fb-4244-92b4-ad756fe9c6f6','aaf288a3-fe5f-4844-a15f-6994d10517e1','2026-07-06 18:02:23',22.07163120,82.14969110,'Domino\'s, Shrikant Verma Marg, Bilaspur, Bilaspur Tahsil, Bilaspur, Chhattisgarh, 495004, India','aaf288a3-fe5f-4844-a15f-6994d10517e1',1.96,'2026-07-06 18:02:23','2026-07-06 18:02:23'),('817d8b5d-be7e-4db6-b0c5-122b9065afa9','a600d78f-37dd-4ad4-9897-7d5dfa5c33e7','2026-06-24 17:52:02',22.07524650,82.14850710,'Bilaspur, Bilaspur Tahsil, Bilaspur, Chhattisgarh, 495004, India','a600d78f-37dd-4ad4-9897-7d5dfa5c33e7',0.17,'2026-06-24 17:52:02','2026-06-24 17:52:02'),('83a86760-a60e-4b2f-8770-1aed28c47a3b','1a1e4364-04cd-423f-ba1e-811c59fc76aa','2026-04-17 17:55:08',22.07174620,82.14933060,'KFC, Shrikant Verma Marg, Bilaspur, Bilaspur Tahsil, Bilaspur, Chhattisgarh, 495004, India','1a1e4364-04cd-423f-ba1e-811c59fc76aa',2.01,'2026-04-17 17:55:08','2026-04-17 17:55:08'),('844116f0-4f80-449a-a922-178065c53abf','2abc2052-1982-4326-9faa-e39896c4777d','2026-06-12 18:25:24',22.07299480,82.13781670,'Bilaspur, Bilaspur Tahsil, Bilaspur, Chhattisgarh, 495004, India','2abc2052-1982-4326-9faa-e39896c4777d',2.81,'2026-06-12 18:25:24','2026-06-12 18:25:24'),('849fe2bf-dc4d-41f9-807c-94a02f2a0616','2abc2052-1982-4326-9faa-e39896c4777d','2026-06-02 16:51:14',22.07178550,82.14926350,'KFC, Shrikant Verma Marg, Bilaspur, Bilaspur Tahsil, Bilaspur, Chhattisgarh, 495004, India','2abc2052-1982-4326-9faa-e39896c4777d',1.37,'2026-06-02 16:51:14','2026-06-02 16:51:14'),('84b4466c-d622-49d2-9cdb-588fa6663c93','f39e0437-03b6-485a-aafe-143e86d29935','2026-07-07 17:26:14',22.07179320,82.14956760,'Domino\'s, Shrikant Verma Marg, Bilaspur, Bilaspur Tahsil, Bilaspur, Chhattisgarh, 495004, India','f39e0437-03b6-485a-aafe-143e86d29935',1.19,'2026-07-07 17:26:14','2026-07-07 17:26:14'),('8508ddc4-a86c-4a77-b2da-df82543c6aff','1a1e4364-04cd-423f-ba1e-811c59fc76aa','2026-06-17 18:43:29',22.07167780,82.14963180,'Domino\'s, Shrikant Verma Marg, Bilaspur, Bilaspur Tahsil, Bilaspur, Chhattisgarh, 495004, India','1a1e4364-04cd-423f-ba1e-811c59fc76aa',3.27,'2026-06-17 18:43:29','2026-06-17 18:43:29'),('85964661-3ba3-4b00-8df8-206f64103829','0d059894-2564-4e0f-93ef-855953f06751','2026-07-04 17:05:48',22.07167930,82.14966730,'Domino\'s, Shrikant Verma Marg, Bilaspur, Bilaspur Tahsil, Bilaspur, Chhattisgarh, 495004, India','0d059894-2564-4e0f-93ef-855953f06751',1.41,'2026-07-04 17:05:48','2026-07-04 17:05:48'),('86c82a7c-3fde-400c-81b9-5dfc6ea70a58','1a1e4364-04cd-423f-ba1e-811c59fc76aa','2026-06-25 13:41:09',22.07167940,82.14956750,'Domino\'s, Shrikant Verma Marg, Bilaspur, Bilaspur Tahsil, Bilaspur, Chhattisgarh, 495004, India','1a1e4364-04cd-423f-ba1e-811c59fc76aa',0.00,'2026-06-25 13:41:09','2026-06-25 13:41:09'),('8a9c3767-7a41-4851-8cb5-9286bd0e1fb5','0d059894-2564-4e0f-93ef-855953f06751','2026-02-26 16:10:14',22.07165420,82.14948150,'KFC, Shrikant Verma Marg, Bilaspur, Bilaspur Tahsil, Bilaspur, Chhattisgarh, 495004, India','0d059894-2564-4e0f-93ef-855953f06751',0.00,'2026-02-26 16:10:14','2026-02-26 16:10:14'),('8fa3c872-1fd6-40cb-b311-59e277684929','2abc2052-1982-4326-9faa-e39896c4777d','2026-06-22 18:28:13',22.07445940,82.14823390,'Bilaspur, Bilaspur Tahsil, Bilaspur, Chhattisgarh, 495004, India','2abc2052-1982-4326-9faa-e39896c4777d',2.83,'2026-06-22 18:28:13','2026-06-22 18:28:13'),('904e8b0d-88f8-4c90-81e5-a22f660c4231','0d059894-2564-4e0f-93ef-855953f06751','2026-06-19 17:47:56',22.07165900,82.14955080,'Domino\'s, Shrikant Verma Marg, Bilaspur, Bilaspur Tahsil, Bilaspur, Chhattisgarh, 495004, India','0d059894-2564-4e0f-93ef-855953f06751',0.27,'2026-06-19 17:47:56','2026-06-19 17:47:56'),('910cbddf-a2eb-4422-b900-20e606d7bb91','a600d78f-37dd-4ad4-9897-7d5dfa5c33e7','2026-05-27 16:32:40',22.02247160,82.20381830,'Bilaspur, Bilaspur Tahsil, Bilaspur, Chhattisgarh, 495004, India','a600d78f-37dd-4ad4-9897-7d5dfa5c33e7',1.21,'2026-05-27 16:32:40','2026-05-27 16:32:40'),('94cc9142-d29d-4ee1-ae01-38c44fe7bfb9','a600d78f-37dd-4ad4-9897-7d5dfa5c33e7','2026-06-08 19:57:15',22.02155530,82.20789530,'NH49, Bilaspur, Bilaspur Tahsil, Bilaspur, Chhattisgarh, 495004, India','a600d78f-37dd-4ad4-9897-7d5dfa5c33e7',4.52,'2026-06-08 19:57:15','2026-06-08 19:57:15'),('9588af0d-b429-4833-b31c-54742d6e611d','aaf288a3-fe5f-4844-a15f-6994d10517e1','2026-06-08 18:06:52',22.04971770,82.13277910,'Bilaspur, Bilaspur Tahsil, Bilaspur, Chhattisgarh, 495004, India','aaf288a3-fe5f-4844-a15f-6994d10517e1',2.78,'2026-06-08 18:06:52','2026-06-08 18:06:52'),('97b13f73-f308-4edb-87c7-ff199c1b4856','2abc2052-1982-4326-9faa-e39896c4777d','2026-07-07 18:22:36',22.07281790,82.11916610,'Takhatpur Tahsil, Bilaspur, Chhattisgarh, 495001, India','2abc2052-1982-4326-9faa-e39896c4777d',2.75,'2026-07-07 18:22:36','2026-07-07 18:22:36'),('99f7a511-e7a3-4748-918e-80ab7876e774','1a1e4364-04cd-423f-ba1e-811c59fc76aa','2026-02-19 16:41:06',22.07165280,82.14965230,'Domino\'s, Shrikant Verma Marg, Bilaspur, Bilaspur Tahsil, Bilaspur, Chhattisgarh, 495004, India','1a1e4364-04cd-423f-ba1e-811c59fc76aa',5.31,'2026-02-19 16:41:06','2026-02-19 16:41:06'),('9b8128c6-c02a-4a6b-b22b-2372772a9e05','1a1e4364-04cd-423f-ba1e-811c59fc76aa','2026-07-20 18:22:08',22.07166580,82.14958590,'Domino\'s, Shrikant Verma Marg, Bilaspur, Bilaspur Tahsil, Bilaspur, Chhattisgarh, 495004, India','1a1e4364-04cd-423f-ba1e-811c59fc76aa',2.87,'2026-07-20 18:22:08','2026-07-20 18:22:08'),('9bfe6bd0-3189-4fa4-8700-d4b0eb11fa15','aaf288a3-fe5f-4844-a15f-6994d10517e1','2026-07-01 17:45:25',22.07163590,82.14970350,'Domino\'s, Shrikant Verma Marg, Bilaspur, Bilaspur Tahsil, Bilaspur, Chhattisgarh, 495004, India','aaf288a3-fe5f-4844-a15f-6994d10517e1',2.10,'2026-07-01 17:45:25','2026-07-01 17:45:25'),('a15a545e-12c8-49b5-be6b-901d93249fcb','1a1e4364-04cd-423f-ba1e-811c59fc76aa','2026-04-20 17:59:19',22.07163920,82.14962080,'Domino\'s, Shrikant Verma Marg, Bilaspur, Bilaspur Tahsil, Bilaspur, Chhattisgarh, 495004, India','1a1e4364-04cd-423f-ba1e-811c59fc76aa',2.85,'2026-04-20 17:59:19','2026-04-20 17:59:19'),('a2cb8cb1-1dfd-4b52-9ee6-bb088d3b62f0','c1916fe0-250b-4eb7-86f8-8ac5f330b190','2026-06-15 18:09:22',22.07177760,82.14938200,'KFC, Shrikant Verma Marg, Bilaspur, Bilaspur Tahsil, Bilaspur, Chhattisgarh, 495004, India','c1916fe0-250b-4eb7-86f8-8ac5f330b190',0.00,'2026-06-15 18:09:22','2026-06-15 18:09:22'),('a319c5d7-a469-4949-85b3-21f6b27ab199','f39e0437-03b6-485a-aafe-143e86d29935','2026-07-10 17:10:02',22.07169450,82.14964280,'Domino\'s, Shrikant Verma Marg, Bilaspur, Bilaspur Tahsil, Bilaspur, Chhattisgarh, 495004, India','f39e0437-03b6-485a-aafe-143e86d29935',1.59,'2026-07-10 17:10:02','2026-07-10 17:10:02'),('a4b2ff48-b107-4e80-a95f-abbbc76defbf','0d059894-2564-4e0f-93ef-855953f06751','2026-06-22 17:39:27',22.07166968,82.14947428,'KFC, Shrikant Verma Marg, Bilaspur, Bilaspur Tahsil, Bilaspur, Chhattisgarh, 495004, India','0d059894-2564-4e0f-93ef-855953f06751',2.02,'2026-06-22 17:39:27','2026-06-22 17:39:27'),('a5d3a5b6-d26d-4faa-b6ea-341c8cfc38a4','a600d78f-37dd-4ad4-9897-7d5dfa5c33e7','2026-05-20 18:59:15',22.01899900,82.22420130,'Bilaspur, Bilaspur Tahsil, Bilaspur, Chhattisgarh, 495004, India','a600d78f-37dd-4ad4-9897-7d5dfa5c33e7',1.38,'2026-05-20 18:59:15','2026-05-20 18:59:15'),('a5ec042d-6339-4d6e-899f-473a29114ef7','1a1e4364-04cd-423f-ba1e-811c59fc76aa','2026-03-09 15:59:00',22.07174220,82.14931620,'KFC, Shrikant Verma Marg, Bilaspur, Bilaspur Tahsil, Bilaspur, Chhattisgarh, 495004, India','1a1e4364-04cd-423f-ba1e-811c59fc76aa',-5.50,'2026-03-09 15:59:00','2026-03-09 15:59:00'),('a64f6edc-25c0-4355-8d3c-1fd0345f0c7e','628c246c-3005-4619-b4db-facb426ee0cd','2026-07-14 18:01:29',22.07168050,82.14961670,'Domino\'s, Shrikant Verma Marg, Bilaspur, Bilaspur Tahsil, Bilaspur, Chhattisgarh, 495004, India','628c246c-3005-4619-b4db-facb426ee0cd',2.05,'2026-07-14 18:01:29','2026-07-14 18:01:29'),('a73fe72a-c576-4051-8ffb-455296a97fa4','aaf288a3-fe5f-4844-a15f-6994d10517e1','2026-07-21 18:01:45',22.07167730,82.14964660,'Domino\'s, Shrikant Verma Marg, Bilaspur, Bilaspur Tahsil, Bilaspur, Chhattisgarh, 495004, India','aaf288a3-fe5f-4844-a15f-6994d10517e1',2.07,'2026-07-21 18:01:45','2026-07-21 18:01:45'),('a9e9d38a-3b61-40ac-834b-99c49b68608a','1a1e4364-04cd-423f-ba1e-811c59fc76aa','2026-07-01 17:45:01',22.07167780,82.14964890,'Domino\'s, Shrikant Verma Marg, Bilaspur, Bilaspur Tahsil, Bilaspur, Chhattisgarh, 495004, India','1a1e4364-04cd-423f-ba1e-811c59fc76aa',2.17,'2026-07-01 17:45:01','2026-07-01 17:45:01'),('a9ed617a-9b64-4d9a-82f3-ff1c1fbdd08e','f39e0437-03b6-485a-aafe-143e86d29935','2026-06-22 17:39:47',22.07168620,82.14958050,'Domino\'s, Shrikant Verma Marg, Bilaspur, Bilaspur Tahsil, Bilaspur, Chhattisgarh, 495004, India','f39e0437-03b6-485a-aafe-143e86d29935',1.94,'2026-06-22 17:39:47','2026-06-22 17:39:47'),('afc2efc8-a6ca-4475-aa3b-ce45d36b8983','2abc2052-1982-4326-9faa-e39896c4777d','2026-06-15 18:14:30',22.07161740,82.14982860,'McDonald\'s, Shrikant Verma Marg, Bilaspur, Bilaspur Tahsil, Bilaspur, Chhattisgarh, 495004, India','2abc2052-1982-4326-9faa-e39896c4777d',2.71,'2026-06-15 18:14:30','2026-06-15 18:14:30'),('afdd895b-896a-4658-ae44-fc620808aabe','0d059894-2564-4e0f-93ef-855953f06751','2026-07-13 18:19:58',22.07166450,82.14942430,'KFC, Shrikant Verma Marg, Bilaspur, Bilaspur Tahsil, Bilaspur, Chhattisgarh, 495004, India','0d059894-2564-4e0f-93ef-855953f06751',2.29,'2026-07-13 18:19:58','2026-07-13 18:19:58'),('b1b8fdd1-a03e-4a9a-a11d-dad65d62affe','1a1e4364-04cd-423f-ba1e-811c59fc76aa','2026-05-30 18:00:18',22.07177000,82.14937240,'KFC, Shrikant Verma Marg, Bilaspur, Bilaspur Tahsil, Bilaspur, Chhattisgarh, 495004, India','1a1e4364-04cd-423f-ba1e-811c59fc76aa',2.61,'2026-05-30 18:00:18','2026-05-30 18:00:18'),('b2a04176-9dfd-4a14-bc99-d1a48d800c5f','0d059894-2564-4e0f-93ef-855953f06751','2026-03-16 16:08:18',22.07165160,82.14965960,'Domino\'s, Shrikant Verma Marg, Bilaspur, Bilaspur Tahsil, Bilaspur, Chhattisgarh, 495004, India','0d059894-2564-4e0f-93ef-855953f06751',0.39,'2026-03-16 16:08:18','2026-03-16 16:08:18'),('b31fce9e-96df-480e-a3dd-3d7b866ce75d','628c246c-3005-4619-b4db-facb426ee0cd','2026-06-18 18:12:12',22.07167260,82.14961840,'Domino\'s, Shrikant Verma Marg, Bilaspur, Bilaspur Tahsil, Bilaspur, Chhattisgarh, 495004, India','628c246c-3005-4619-b4db-facb426ee0cd',0.91,'2026-06-18 18:12:12','2026-06-18 18:12:12'),('b3becdd8-07ba-474a-b1e6-e721210fead8','e4104e9d-ef01-4a6d-886f-6cb2766e7b1d','2026-03-12 15:21:41',22.07165680,82.14960760,'Domino\'s, Shrikant Verma Marg, Bilaspur, Bilaspur Tahsil, Bilaspur, Chhattisgarh, 495004, India','e4104e9d-ef01-4a6d-886f-6cb2766e7b1d',-5.49,'2026-03-12 15:21:41','2026-03-12 15:21:41'),('b43c6e3b-c7ae-443d-8d40-b3a0145b3e4f','aaf288a3-fe5f-4844-a15f-6994d10517e1','2026-06-18 18:06:31',22.07169020,82.14963440,'Domino\'s, Shrikant Verma Marg, Bilaspur, Bilaspur Tahsil, Bilaspur, Chhattisgarh, 495004, India','aaf288a3-fe5f-4844-a15f-6994d10517e1',2.61,'2026-06-18 18:06:31','2026-06-18 18:06:31'),('b75633ea-787c-46f7-b6d3-5fe73730eb3c','0d059894-2564-4e0f-93ef-855953f06751','2026-06-24 17:58:17',22.07165970,82.14964200,'Domino\'s, Shrikant Verma Marg, Bilaspur, Bilaspur Tahsil, Bilaspur, Chhattisgarh, 495004, India','0d059894-2564-4e0f-93ef-855953f06751',1.89,'2026-06-24 17:58:17','2026-06-24 17:58:17'),('b7a63f9e-faf9-4b76-9096-8a76c3dc909e','f39e0437-03b6-485a-aafe-143e86d29935','2026-06-23 18:10:56',22.07166260,82.14963770,'Domino\'s, Shrikant Verma Marg, Bilaspur, Bilaspur Tahsil, Bilaspur, Chhattisgarh, 495004, India','f39e0437-03b6-485a-aafe-143e86d29935',2.46,'2026-06-23 18:10:56','2026-06-23 18:10:56'),('b7b2c1fb-4b2a-4925-b9da-57262dd2cc46','0d059894-2564-4e0f-93ef-855953f06751','2026-02-21 16:27:18',22.07163810,82.14964190,'Domino\'s, Shrikant Verma Marg, Bilaspur, Bilaspur Tahsil, Bilaspur, Chhattisgarh, 495004, India','0d059894-2564-4e0f-93ef-855953f06751',5.96,'2026-02-21 16:27:18','2026-02-21 16:27:18'),('b7c03ef2-1327-4183-bd91-ce45e2a9f9db','6c78afb3-e659-4650-8d6f-f99bd8678087','2026-06-18 18:10:16',22.07164410,82.14964180,'Domino\'s, Shrikant Verma Marg, Bilaspur, Bilaspur Tahsil, Bilaspur, Chhattisgarh, 495004, India','6c78afb3-e659-4650-8d6f-f99bd8678087',0.00,'2026-06-18 18:10:16','2026-06-18 18:10:16'),('bd1c1b28-f66d-4a2d-a5ff-95cc426a73fc','aaf288a3-fe5f-4844-a15f-6994d10517e1','2026-05-29 18:17:27',22.07166630,82.14957310,'Domino\'s, Shrikant Verma Marg, Bilaspur, Bilaspur Tahsil, Bilaspur, Chhattisgarh, 495004, India','aaf288a3-fe5f-4844-a15f-6994d10517e1',-5.50,'2026-05-29 18:17:27','2026-05-29 18:17:27'),('bdc0916e-c24e-4d6a-b9bd-5526f71d3b29','2abc2052-1982-4326-9faa-e39896c4777d','2026-06-20 17:59:25',22.07173520,82.14953570,'KFC, Shrikant Verma Marg, Bilaspur, Bilaspur Tahsil, Bilaspur, Chhattisgarh, 495004, India','2abc2052-1982-4326-9faa-e39896c4777d',2.45,'2026-06-20 17:59:25','2026-06-20 17:59:25'),('bf28c7e9-34c4-439f-b029-51d497d5114c','2abc2052-1982-4326-9faa-e39896c4777d','2026-06-03 18:16:33',22.07166470,82.14955730,'Domino\'s, Shrikant Verma Marg, Bilaspur, Bilaspur Tahsil, Bilaspur, Chhattisgarh, 495004, India','2abc2052-1982-4326-9faa-e39896c4777d',2.82,'2026-06-03 18:16:33','2026-06-03 18:16:33'),('bfb6ef04-e720-4ba2-9cdd-98bddf2b3f30','0d059894-2564-4e0f-93ef-855953f06751','2026-05-19 18:01:08',22.07169150,82.14962870,'Domino\'s, Shrikant Verma Marg, Bilaspur, Bilaspur Tahsil, Bilaspur, Chhattisgarh, 495004, India','0d059894-2564-4e0f-93ef-855953f06751',2.53,'2026-05-19 18:01:08','2026-05-19 18:01:08'),('c0769367-b6fe-4ca5-a4ec-e797407164d2','628c246c-3005-4619-b4db-facb426ee0cd','2026-06-05 17:45:29',22.07166080,82.14957230,'Domino\'s, Shrikant Verma Marg, Bilaspur, Bilaspur Tahsil, Bilaspur, Chhattisgarh, 495004, India','628c246c-3005-4619-b4db-facb426ee0cd',1.19,'2026-06-05 17:45:29','2026-06-05 17:45:29'),('c14e5e61-c535-4cb0-ab51-52c9fe7e241b','0d059894-2564-4e0f-93ef-855953f06751','2026-07-08 17:58:13',22.07172120,82.14935600,'KFC, Shrikant Verma Marg, Bilaspur, Bilaspur Tahsil, Bilaspur, Chhattisgarh, 495004, India','0d059894-2564-4e0f-93ef-855953f06751',1.85,'2026-07-08 17:58:13','2026-07-08 17:58:13'),('c3e18c4c-8450-4183-8892-ea7eaecadfcc','1a1e4364-04cd-423f-ba1e-811c59fc76aa','2026-05-12 18:00:35',22.07180230,82.14932030,'KFC, Shrikant Verma Marg, Bilaspur, Bilaspur Tahsil, Bilaspur, Chhattisgarh, 495004, India','1a1e4364-04cd-423f-ba1e-811c59fc76aa',2.08,'2026-05-12 18:00:35','2026-05-12 18:00:35'),('c6b12fc3-e01c-457a-91c8-0bc9bbf55377','f39e0437-03b6-485a-aafe-143e86d29935','2026-06-29 17:45:57',22.07169110,82.14961410,'Domino\'s, Shrikant Verma Marg, Bilaspur, Bilaspur Tahsil, Bilaspur, Chhattisgarh, 495004, India','f39e0437-03b6-485a-aafe-143e86d29935',2.18,'2026-06-29 17:45:57','2026-06-29 17:45:57'),('cb9dd033-1d39-4156-8924-3d6a6e0bd044','1a1e4364-04cd-423f-ba1e-811c59fc76aa','2026-03-07 16:47:48',22.07165310,82.14967000,'Domino\'s, Shrikant Verma Marg, Bilaspur, Bilaspur Tahsil, Bilaspur, Chhattisgarh, 495004, India','1a1e4364-04cd-423f-ba1e-811c59fc76aa',1.52,'2026-03-07 16:47:48','2026-03-07 16:47:48'),('cca7ddce-74ad-4edb-9ac0-fd8480317ce1','2abc2052-1982-4326-9faa-e39896c4777d','2026-06-18 18:12:25',22.07167140,82.14961630,'Domino\'s, Shrikant Verma Marg, Bilaspur, Bilaspur Tahsil, Bilaspur, Chhattisgarh, 495004, India','2abc2052-1982-4326-9faa-e39896c4777d',2.65,'2026-06-18 18:12:25','2026-06-18 18:12:25'),('cdc13198-967d-4b16-87e2-cd5266737d0e','628c246c-3005-4619-b4db-facb426ee0cd','2026-07-01 17:44:19',22.07167750,82.14966481,'Domino\'s, Shrikant Verma Marg, Bilaspur, Bilaspur Tahsil, Bilaspur, Chhattisgarh, 495004, India','628c246c-3005-4619-b4db-facb426ee0cd',1.58,'2026-07-01 17:44:19','2026-07-01 17:44:19'),('ce6db5bc-5e1f-47e1-b3d2-bc1f0cec81f4','628c246c-3005-4619-b4db-facb426ee0cd','2026-06-02 16:51:00',22.07173610,82.14924850,'KFC, Shrikant Verma Marg, Bilaspur, Bilaspur Tahsil, Bilaspur, Chhattisgarh, 495004, India','628c246c-3005-4619-b4db-facb426ee0cd',0.84,'2026-06-02 16:51:00','2026-06-02 16:51:00'),('ced781f2-59d1-4ef0-a480-b3ef98198967','c1916fe0-250b-4eb7-86f8-8ac5f330b190','2026-06-17 18:57:19',22.07190860,82.14906240,'KFC, Shrikant Verma Marg, Bilaspur, Bilaspur Tahsil, Bilaspur, Chhattisgarh, 495004, India','c1916fe0-250b-4eb7-86f8-8ac5f330b190',2.64,'2026-06-17 18:57:19','2026-06-17 18:57:19'),('cee67031-be93-4a6d-a419-2f8326160120','6c78afb3-e659-4650-8d6f-f99bd8678087','2026-07-01 17:45:05',22.07166370,82.14959010,'Domino\'s, Shrikant Verma Marg, Bilaspur, Bilaspur Tahsil, Bilaspur, Chhattisgarh, 495004, India','6c78afb3-e659-4650-8d6f-f99bd8678087',0.00,'2026-07-01 17:45:05','2026-07-01 17:45:05'),('d19556b4-f290-447d-8a64-f358cf58f9d4','a600d78f-37dd-4ad4-9897-7d5dfa5c33e7','2026-06-17 21:06:15',22.02136180,82.20408730,'Bilaspur, Bilaspur Tahsil, Bilaspur, Chhattisgarh, 495004, India','a600d78f-37dd-4ad4-9897-7d5dfa5c33e7',0.00,'2026-06-17 21:06:15','2026-06-17 21:06:15'),('d2ab4592-7778-4cb8-ac08-c47515f2a5f8','0d059894-2564-4e0f-93ef-855953f06751','2026-03-14 15:46:02',22.07166930,82.14964580,'Domino\'s, Shrikant Verma Marg, Bilaspur, Bilaspur Tahsil, Bilaspur, Chhattisgarh, 495004, India','0d059894-2564-4e0f-93ef-855953f06751',0.04,'2026-03-14 15:46:02','2026-03-14 15:46:02'),('d45b8911-cfbc-4c81-a040-b9c3725b9668','628c246c-3005-4619-b4db-facb426ee0cd','2026-06-30 17:55:16',22.07158559,82.14993563,'McDonald\'s, Shrikant Verma Marg, Bilaspur, Bilaspur Tahsil, Bilaspur, Chhattisgarh, 495004, India','628c246c-3005-4619-b4db-facb426ee0cd',0.47,'2026-06-30 17:55:16','2026-06-30 17:55:16'),('d52097a8-ef7f-4061-af6e-22b45c045960','6c78afb3-e659-4650-8d6f-f99bd8678087','2026-05-29 18:10:54',22.07168120,82.14954650,'Domino\'s, Shrikant Verma Marg, Bilaspur, Bilaspur Tahsil, Bilaspur, Chhattisgarh, 495004, India','6c78afb3-e659-4650-8d6f-f99bd8678087',-5.48,'2026-05-29 18:10:54','2026-05-29 18:10:54'),('d5274e09-7259-4208-963d-f5cdda22984e','b81000be-85e5-4382-856e-f407ebd40c4f','2026-02-27 17:21:46',22.37154970,82.16745400,'Pali Tahsil, Korba, Chhattisgarh, India','b81000be-85e5-4382-856e-f407ebd40c4f',9.56,'2026-02-27 17:21:46','2026-02-27 17:21:46'),('d56d1fe3-9ed8-4511-888a-a68dc48c0494','f39e0437-03b6-485a-aafe-143e86d29935','2026-06-20 17:59:47',22.07164320,82.14960190,'Domino\'s, Shrikant Verma Marg, Bilaspur, Bilaspur Tahsil, Bilaspur, Chhattisgarh, 495004, India','f39e0437-03b6-485a-aafe-143e86d29935',2.35,'2026-06-20 17:59:47','2026-06-20 17:59:47'),('d762199b-1737-482a-ab59-fe6eaa13cc0f','e4104e9d-ef01-4a6d-886f-6cb2766e7b1d','2026-02-26 16:04:56',22.07164780,82.14962690,'Domino\'s, Shrikant Verma Marg, Bilaspur, Bilaspur Tahsil, Bilaspur, Chhattisgarh, 495004, India','e4104e9d-ef01-4a6d-886f-6cb2766e7b1d',6.05,'2026-02-26 16:04:56','2026-02-26 16:04:56'),('d85675b0-e278-4e2e-8333-0e7dcef53a9b','aaf288a3-fe5f-4844-a15f-6994d10517e1','2026-07-02 18:14:36',22.07188830,82.14981110,'McDonald\'s, Shrikant Verma Marg, Bilaspur, Bilaspur Tahsil, Bilaspur, Chhattisgarh, 495004, India','aaf288a3-fe5f-4844-a15f-6994d10517e1',0.88,'2026-07-02 18:14:36','2026-07-02 18:14:36'),('db6da7e6-1311-4257-8022-e3c605ba252c','2abc2052-1982-4326-9faa-e39896c4777d','2026-06-30 17:56:43',22.07166460,82.14970370,'Domino\'s, Shrikant Verma Marg, Bilaspur, Bilaspur Tahsil, Bilaspur, Chhattisgarh, 495004, India','2abc2052-1982-4326-9faa-e39896c4777d',2.45,'2026-06-30 17:56:44','2026-06-30 17:56:44'),('dc630969-a30d-4a25-9a0b-5c4efd978a75','2abc2052-1982-4326-9faa-e39896c4777d','2026-06-25 13:41:03',22.07153480,82.14936770,'KFC, Shrikant Verma Marg, Bilaspur, Bilaspur Tahsil, Bilaspur, Chhattisgarh, 495004, India','2abc2052-1982-4326-9faa-e39896c4777d',0.00,'2026-06-25 13:41:03','2026-06-25 13:41:03'),('dd1bdb23-5fa2-4a62-856b-61a416d901ec','2abc2052-1982-4326-9faa-e39896c4777d','2026-07-21 18:10:39',22.07185520,82.14904450,'KFC, Shrikant Verma Marg, Bilaspur, Bilaspur Tahsil, Bilaspur, Chhattisgarh, 495004, India','2abc2052-1982-4326-9faa-e39896c4777d',2.59,'2026-07-21 18:10:39','2026-07-21 18:10:39'),('dd3fd8ea-e4f6-495d-bb3f-7cefc8f01772','0d059894-2564-4e0f-93ef-855953f06751','2026-05-29 18:08:43',22.07167060,82.14956670,'Domino\'s, Shrikant Verma Marg, Bilaspur, Bilaspur Tahsil, Bilaspur, Chhattisgarh, 495004, India','0d059894-2564-4e0f-93ef-855953f06751',-5.50,'2026-05-29 18:08:43','2026-05-29 18:08:43'),('dec0be97-7e24-4830-b9b4-e30cc6a1f610','0d059894-2564-4e0f-93ef-855953f06751','2026-03-02 15:50:41',22.07164620,82.14964160,'Domino\'s, Shrikant Verma Marg, Bilaspur, Bilaspur Tahsil, Bilaspur, Chhattisgarh, 495004, India','0d059894-2564-4e0f-93ef-855953f06751',5.65,'2026-03-02 15:50:41','2026-03-02 15:50:41'),('e08f5c2b-8411-458f-9534-016ccf3a565f','0d059894-2564-4e0f-93ef-855953f06751','2026-06-15 16:58:18',22.07166553,82.14966325,'Domino\'s, Shrikant Verma Marg, Bilaspur, Bilaspur Tahsil, Bilaspur, Chhattisgarh, 495004, India','0d059894-2564-4e0f-93ef-855953f06751',0.00,'2026-06-15 16:58:18','2026-06-15 16:58:18'),('e103890c-2231-4c90-914f-614a2cad794a','628c246c-3005-4619-b4db-facb426ee0cd','2026-05-29 18:12:27',22.07165590,82.14961080,'Domino\'s, Shrikant Verma Marg, Bilaspur, Bilaspur Tahsil, Bilaspur, Chhattisgarh, 495004, India','628c246c-3005-4619-b4db-facb426ee0cd',-5.50,'2026-05-29 18:12:27','2026-05-29 18:12:27'),('e23e0f6b-f581-4b51-bb2f-1ec342978518','1a1e4364-04cd-423f-ba1e-811c59fc76aa','2026-05-29 18:28:34',22.07178140,82.14927510,'KFC, Shrikant Verma Marg, Bilaspur, Bilaspur Tahsil, Bilaspur, Chhattisgarh, 495004, India','1a1e4364-04cd-423f-ba1e-811c59fc76aa',1.43,'2026-05-29 18:28:34','2026-05-29 18:28:34'),('e4acfa5a-6caf-4d2d-b27b-f452323275fc','aaf288a3-fe5f-4844-a15f-6994d10517e1','2026-06-30 18:22:16',22.04938690,82.13209140,'Bilaspur, Bilaspur Tahsil, Bilaspur, Chhattisgarh, 495004, India','aaf288a3-fe5f-4844-a15f-6994d10517e1',2.53,'2026-06-30 18:22:16','2026-06-30 18:22:16'),('e51109bf-c30e-49e8-9709-7528df49aa13','a600d78f-37dd-4ad4-9897-7d5dfa5c33e7','2026-05-31 18:29:44',20.70731920,81.19467100,'Balod, Balod Tahsil, Balod, Chhattisgarh, 491226, India','a600d78f-37dd-4ad4-9897-7d5dfa5c33e7',2.93,'2026-05-31 18:29:44','2026-05-31 18:29:44'),('e8906dc4-360f-484c-8563-0cecf1bd2692','2abc2052-1982-4326-9faa-e39896c4777d','2026-06-04 14:07:58',22.07165570,82.14960450,'Domino\'s, Shrikant Verma Marg, Bilaspur, Bilaspur Tahsil, Bilaspur, Chhattisgarh, 495004, India','2abc2052-1982-4326-9faa-e39896c4777d',-1.38,'2026-06-04 14:07:58','2026-06-04 14:07:58'),('e8cb36c7-15ba-4e47-b8a6-0e797f0eed67','f39e0437-03b6-485a-aafe-143e86d29935','2026-06-04 16:59:31',22.07166290,82.14959180,'Domino\'s, Shrikant Verma Marg, Bilaspur, Bilaspur Tahsil, Bilaspur, Chhattisgarh, 495004, India','f39e0437-03b6-485a-aafe-143e86d29935',1.40,'2026-06-04 16:59:31','2026-06-04 16:59:31'),('ea7f4b53-4cd0-407b-a06c-c0c81ccb5829','1a1e4364-04cd-423f-ba1e-811c59fc76aa','2026-07-18 18:01:47',22.07173120,82.14928790,'KFC, Shrikant Verma Marg, Bilaspur, Bilaspur Tahsil, Bilaspur, Chhattisgarh, 495004, India','1a1e4364-04cd-423f-ba1e-811c59fc76aa',2.55,'2026-07-18 18:01:47','2026-07-18 18:01:47'),('eb0ceaa8-fd34-4dac-923d-6ceec7d7669b','a600d78f-37dd-4ad4-9897-7d5dfa5c33e7','2026-06-26 18:00:55',22.02566020,82.21638850,'NH49, Bilaspur, Bilaspur Tahsil, Bilaspur, Chhattisgarh, 495004, India','a600d78f-37dd-4ad4-9897-7d5dfa5c33e7',0.81,'2026-06-26 18:00:55','2026-06-26 18:00:55'),('ebe24540-ad21-43e3-bcfd-61af0341ed20','0d059894-2564-4e0f-93ef-855953f06751','2026-06-02 10:24:15',22.07165870,82.14958050,'Domino\'s, Shrikant Verma Marg, Bilaspur, Bilaspur Tahsil, Bilaspur, Chhattisgarh, 495004, India','0d059894-2564-4e0f-93ef-855953f06751',-5.27,'2026-06-02 10:24:15','2026-06-02 10:24:15'),('ed0146ac-a03a-4b70-b68c-f628d5b54e25','a12add7e-898b-434e-b46c-527407e4ab8c','2026-05-12 14:45:12',22.07166110,82.14962470,'Domino\'s, Shrikant Verma Marg, Bilaspur, Bilaspur Tahsil, Bilaspur, Chhattisgarh, 495004, India','a12add7e-898b-434e-b46c-527407e4ab8c',-5.49,'2026-05-12 14:45:12','2026-05-12 14:45:12'),('ee293828-65bc-4074-8dd4-42a196c55bd7','2abc2052-1982-4326-9faa-e39896c4777d','2026-07-18 18:00:31',22.07166040,82.14965050,'Domino\'s, Shrikant Verma Marg, Bilaspur, Bilaspur Tahsil, Bilaspur, Chhattisgarh, 495004, India','2abc2052-1982-4326-9faa-e39896c4777d',2.48,'2026-07-18 18:00:31','2026-07-18 18:00:31'),('f0205e6d-e5da-4d9b-ad99-d83e1a9a0e0f','1a1e4364-04cd-423f-ba1e-811c59fc76aa','2026-06-18 18:12:22',22.07166780,82.14946440,'KFC, Shrikant Verma Marg, Bilaspur, Bilaspur Tahsil, Bilaspur, Chhattisgarh, 495004, India','1a1e4364-04cd-423f-ba1e-811c59fc76aa',2.72,'2026-06-18 18:12:22','2026-06-18 18:12:22'),('f1fca0de-168a-402a-8a0d-290a6cd2eb94','0d059894-2564-4e0f-93ef-855953f06751','2026-03-09 15:57:38',22.07163260,82.14963390,'Domino\'s, Shrikant Verma Marg, Bilaspur, Bilaspur Tahsil, Bilaspur, Chhattisgarh, 495004, India','0d059894-2564-4e0f-93ef-855953f06751',0.08,'2026-03-09 15:57:38','2026-03-09 15:57:38'),('f24075dd-4e13-422d-88f6-386998d92fe6','2abc2052-1982-4326-9faa-e39896c4777d','2026-06-10 19:02:06',22.07442650,82.14823160,'Bilaspur, Bilaspur Tahsil, Bilaspur, Chhattisgarh, 495004, India','2abc2052-1982-4326-9faa-e39896c4777d',3.58,'2026-06-10 19:02:06','2026-06-10 19:02:06'),('f244a949-25d7-44bc-b773-29ce9520d92e','6c78afb3-e659-4650-8d6f-f99bd8678087','2026-06-20 17:59:05',22.07164420,82.14966180,'Domino\'s, Shrikant Verma Marg, Bilaspur, Bilaspur Tahsil, Bilaspur, Chhattisgarh, 495004, India','6c78afb3-e659-4650-8d6f-f99bd8678087',1.73,'2026-06-20 17:59:05','2026-06-20 17:59:05'),('f25e7cd1-4c8d-4b4f-97f6-2ab8fdcbd33a','a600d78f-37dd-4ad4-9897-7d5dfa5c33e7','2026-05-18 18:04:11',22.02598180,82.21536940,'NH49, Bilaspur, Bilaspur Tahsil, Bilaspur, Chhattisgarh, 495004, India','a600d78f-37dd-4ad4-9897-7d5dfa5c33e7',-1.19,'2026-05-18 18:04:11','2026-05-18 18:04:11'),('f5430389-169d-4260-97d4-778b2082eadb','628c246c-3005-4619-b4db-facb426ee0cd','2026-06-17 18:43:28',22.07167480,82.14964700,'Domino\'s, Shrikant Verma Marg, Bilaspur, Bilaspur Tahsil, Bilaspur, Chhattisgarh, 495004, India','628c246c-3005-4619-b4db-facb426ee0cd',2.71,'2026-06-17 18:43:28','2026-06-17 18:43:28'),('f5bd22a4-f786-4f77-8095-2a917032940c','1a1e4364-04cd-423f-ba1e-811c59fc76aa','2026-06-29 17:45:59',22.07167940,82.14973840,'Domino\'s, Shrikant Verma Marg, Bilaspur, Bilaspur Tahsil, Bilaspur, Chhattisgarh, 495004, India','1a1e4364-04cd-423f-ba1e-811c59fc76aa',2.18,'2026-06-29 17:45:59','2026-06-29 17:45:59'),('f828b5eb-01c4-4fef-9e81-d9fd90c920fa','2abc2052-1982-4326-9faa-e39896c4777d','2026-06-23 18:17:12',22.07163130,82.14963430,'Domino\'s, Shrikant Verma Marg, Bilaspur, Bilaspur Tahsil, Bilaspur, Chhattisgarh, 495004, India','2abc2052-1982-4326-9faa-e39896c4777d',2.79,'2026-06-23 18:17:12','2026-06-23 18:17:12'),('f83c8f42-8c6f-4748-8fbd-c9dd201d8efc','aaf288a3-fe5f-4844-a15f-6994d10517e1','2026-07-08 20:34:57',22.04987040,82.13260630,'Bilaspur, Bilaspur Tahsil, Bilaspur, Chhattisgarh, 495004, India','aaf288a3-fe5f-4844-a15f-6994d10517e1',5.22,'2026-07-08 20:34:57','2026-07-08 20:34:57'),('f8f51948-89d2-4c7d-b8b1-525407fd19c8','e4104e9d-ef01-4a6d-886f-6cb2766e7b1d','2026-02-24 15:55:12',22.07165420,82.14962360,'Domino\'s, Shrikant Verma Marg, Bilaspur, Bilaspur Tahsil, Bilaspur, Chhattisgarh, 495004, India','e4104e9d-ef01-4a6d-886f-6cb2766e7b1d',3.83,'2026-02-24 15:55:12','2026-02-24 15:55:12'),('fa0212ad-6bba-45bc-8b40-7bb798696a51','f39e0437-03b6-485a-aafe-143e86d29935','2026-06-18 18:12:21',22.07164720,82.14964230,'Domino\'s, Shrikant Verma Marg, Bilaspur, Bilaspur Tahsil, Bilaspur, Chhattisgarh, 495004, India','f39e0437-03b6-485a-aafe-143e86d29935',2.57,'2026-06-18 18:12:21','2026-06-18 18:12:21'),('fad0091a-1965-474a-9b80-83e401409d76','ebd49fcc-cdb6-45c3-bd7b-27f7bcdefa18','2026-02-25 18:00:28',22.07422520,82.14841480,'Bilaspur, Bilaspur Tahsil, Bilaspur, Chhattisgarh, 495004, India','ebd49fcc-cdb6-45c3-bd7b-27f7bcdefa18',7.45,'2026-02-25 18:00:28','2026-02-25 18:00:28'),('fb20a69b-3a05-4bfd-aad2-82ce15eed04f','a600d78f-37dd-4ad4-9897-7d5dfa5c33e7','2026-06-18 19:05:12',22.02231930,82.20327590,'Bilaspur, Bilaspur Tahsil, Bilaspur, Chhattisgarh, 495004, India','a600d78f-37dd-4ad4-9897-7d5dfa5c33e7',0.79,'2026-06-18 19:05:12','2026-06-18 19:05:12'),('fc532857-61f7-4a16-b613-f03f91dd5ff7','2abc2052-1982-4326-9faa-e39896c4777d','2026-06-19 18:01:14',22.07158710,82.14985450,'McDonald\'s, Shrikant Verma Marg, Bilaspur, Bilaspur Tahsil, Bilaspur, Chhattisgarh, 495004, India','2abc2052-1982-4326-9faa-e39896c4777d',2.49,'2026-06-19 18:01:14','2026-06-19 18:01:14'),('fc63d484-c634-448e-971f-1a90a7102286','aaf288a3-fe5f-4844-a15f-6994d10517e1','2026-07-15 18:07:39',22.07166180,82.14957970,'Domino\'s, Shrikant Verma Marg, Bilaspur, Bilaspur Tahsil, Bilaspur, Chhattisgarh, 495004, India','aaf288a3-fe5f-4844-a15f-6994d10517e1',1.98,'2026-07-15 18:07:39','2026-07-15 18:07:39'),('fca04512-854a-4ee3-a0a7-fc65b52b807d','f39e0437-03b6-485a-aafe-143e86d29935','2026-05-29 18:10:48',22.07165170,82.14957120,'Domino\'s, Shrikant Verma Marg, Bilaspur, Bilaspur Tahsil, Bilaspur, Chhattisgarh, 495004, India','f39e0437-03b6-485a-aafe-143e86d29935',-5.40,'2026-05-29 18:10:48','2026-05-29 18:10:48');
/*!40000 ALTER TABLE `hrm_checkouts` ENABLE KEYS */;
UNLOCK TABLES;

--
-- Table structure for table `hrm_employee_master`
--

DROP TABLE IF EXISTS `hrm_employee_master`;
/*!40101 SET @saved_cs_client     = @@character_set_client */;
/*!50503 SET character_set_client = utf8mb4 */;
CREATE TABLE `hrm_employee_master` (
  `employee_master_id` char(36) CHARACTER SET utf8mb4 COLLATE utf8mb4_bin NOT NULL,
  `emp_code` varchar(255) NOT NULL,
  `name` varchar(255) NOT NULL,
  `phone` varchar(255) NOT NULL,
  `address` varchar(255) NOT NULL,
  `email` varchar(255) NOT NULL,
  `department` varchar(255) NOT NULL,
  `position` varchar(255) NOT NULL,
  `monthly_wages` decimal(10,2) NOT NULL,
  `location_id` char(36) CHARACTER SET utf8mb4 COLLATE utf8mb4_bin DEFAULT NULL,
  `isActive` tinyint(1) DEFAULT 1,
  `supervisor_id` char(36) CHARACTER SET utf8mb4 COLLATE utf8mb4_bin DEFAULT NULL,
  `userId` char(36) CHARACTER SET utf8mb4 COLLATE utf8mb4_bin DEFAULT NULL,
  `createdAt` datetime NOT NULL,
  `updatedAt` datetime NOT NULL,
  `reporting_manager_id` char(36) CHARACTER SET utf8mb4 COLLATE utf8mb4_bin DEFAULT NULL,
  PRIMARY KEY (`employee_master_id`),
  UNIQUE KEY `emp_code` (`emp_code`),
  UNIQUE KEY `phone` (`phone`),
  UNIQUE KEY `email` (`email`),
  KEY `location_id` (`location_id`),
  KEY `supervisor_id` (`supervisor_id`),
  KEY `userId` (`userId`),
  KEY `reporting_manager_id` (`reporting_manager_id`),
  CONSTRAINT `hrm_employee_master_ibfk_1` FOREIGN KEY (`location_id`) REFERENCES `OfficeLocation` (`id`) ON DELETE SET NULL ON UPDATE CASCADE,
  CONSTRAINT `hrm_employee_master_ibfk_2` FOREIGN KEY (`supervisor_id`) REFERENCES `hrm_employee_master` (`employee_master_id`),
  CONSTRAINT `hrm_employee_master_ibfk_3` FOREIGN KEY (`userId`) REFERENCES `Users` (`id`) ON DELETE SET NULL ON UPDATE CASCADE,
  CONSTRAINT `hrm_employee_master_ibfk_4` FOREIGN KEY (`reporting_manager_id`) REFERENCES `hrm_employee_master` (`employee_master_id`) ON DELETE SET NULL ON UPDATE CASCADE
) ENGINE=InnoDB DEFAULT CHARSET=utf8mb4 COLLATE=utf8mb4_unicode_ci;
/*!40101 SET character_set_client = @saved_cs_client */;

--
-- Dumping data for table `hrm_employee_master`
--

LOCK TABLES `hrm_employee_master` WRITE;
/*!40000 ALTER TABLE `hrm_employee_master` DISABLE KEYS */;
INSERT INTO `hrm_employee_master` VALUES ('0cf6bcb5-6f17-4eb4-8357-17e5cc99a9f1','SS-009','SHEIKH FARNAZ','6263775949','Not Provided','farnazsheikh1999@gmail.com','Digital Marketing','Executive',0.00,'d78e4d29-b7d4-42f6-94e3-2e9e385d016a',1,NULL,NULL,'2026-02-16 17:29:25','2026-02-16 17:29:25',NULL),('0d059894-2564-4e0f-93ef-855953f06751','SS-010','MOHAMMAD ASHIQ','8959554374','Not Provided','mohammadashik143@gmail.com','Digital Marketing & Website Developer','Developer',0.00,'d78e4d29-b7d4-42f6-94e3-2e9e385d016a',1,NULL,'22eed841-263f-4886-8409-369b62617795','2026-02-16 17:29:47','2026-05-08 11:53:18',NULL),('0ed5bd53-4393-4020-be6a-48be5f84261e','SS-068','Nurain Hussain','6267599116','Bilaspur','naurain291122@gmail.com','Sales','Tele-Culler',15000.00,'d78e4d29-b7d4-42f6-94e3-2e9e385d016a',1,NULL,'2aec857c-7d92-4fa9-bb8f-e1c95845b5c3','2026-06-09 13:53:22','2026-06-09 13:53:22',NULL),('1a1e4364-04cd-423f-ba1e-811c59fc76aa','SS-006','VIJAY YADAV','8109155772','Not Provided','vijayyadav03042001@gmail.com','Admin','Office Boy',0.00,'d78e4d29-b7d4-42f6-94e3-2e9e385d016a',1,NULL,'2deedc46-1586-410f-934a-d1d12d5f852b','2026-02-16 17:27:56','2026-05-09 12:27:42',NULL),('1e14dbf3-78ba-4a8b-b21a-3ba652ecbfb3','SS-024','MOHAMMAD ASHIQ','9343539577','Satranga','mdashik9343539577@gmail.com','Engineering','Full-Stack Developer',65000.50,'b2fefec1-0a01-4689-aacf-0e235df2a0b6',1,NULL,'7790c0dc-d0eb-4337-9ece-27d43b734c5e','2026-05-09 12:10:15','2026-05-09 12:10:15',NULL),('2abc2052-1982-4326-9faa-e39896c4777d','SS-007','SHEIKH AKRAM','9827936422','Not Provided','akram36g@gmail.com','Sales','Sales Manager',0.00,'d78e4d29-b7d4-42f6-94e3-2e9e385d016a',1,NULL,'99808c47-2c4d-420b-b953-03fca7b7f4bc','2026-02-16 17:28:19','2026-05-09 10:07:23',NULL),('3d8e9d21-a9bd-4b0a-b5c0-25c2f4ae6a37','SS-065','Sonu Khan','7610414444','Bilaspur','sonukhan101990@gmail.com','Admin','INVENTORY_CONTROLLER',15000.00,'d78e4d29-b7d4-42f6-94e3-2e9e385d016a',1,NULL,'a9aa49d2-df79-400a-8c9e-6139d94bb33e','2026-05-16 13:19:33','2026-05-16 13:19:33',NULL),('4c21bc25-97c5-4831-9587-f1754d30ef61','SS-012','AFTAB MIRZA','7879022863','Not Provided','aftabmirza7879@gmail.com','Admin','Office Boy',0.00,'d78e4d29-b7d4-42f6-94e3-2e9e385d016a',1,NULL,NULL,'2026-02-16 17:32:05','2026-02-16 17:32:05',NULL),('4ecc17ff-a7f4-41e4-b3f2-3b2db2ed52fc','SS-033','SUNIL KUMAR KATMOHLI','9301890563','BUKA','sunilkumarkatmohli@gmail.com','Technical','Technical Member',15000.00,'320aad5d-0505-43cb-bd61-87b876a01c53',1,NULL,'f21a900a-b0af-499c-8c5b-23e9f769271c','2026-05-12 12:41:45','2026-05-12 12:41:45',NULL),('522486f8-2c0e-4481-97e2-3bc13ad22fff','SS-036','ASHISH BINJAWAR','9301890561','BUKA','ashishbinjawar2@gmail.com','Technical','Technical Member',15000.00,'320aad5d-0505-43cb-bd61-87b876a01c53',1,NULL,'6f2a07ef-3956-4876-8bf3-feea10064cba','2026-05-12 12:41:45','2026-05-12 12:41:45',NULL),('5732da34-3217-43d4-bbeb-309f638f932d','SS-059','Mohammad Jahid','9301890565','BUKA','mdjahid@gmail.com','Technical','Technical Member',15000.00,'320aad5d-0505-43cb-bd61-87b876a01c53',1,NULL,'3224a84d-ad81-4f45-b19e-dd4e1f6f3a41','2026-05-12 12:41:45','2026-05-12 12:41:45',NULL),('628c246c-3005-4619-b4db-facb426ee0cd','SS-004','ISHAN KHAN','9098825615','Not Provided','ishan.khan1203@gmail.com','Account','Account Executive',0.00,'d78e4d29-b7d4-42f6-94e3-2e9e385d016a',1,NULL,'139de4ba-6f1b-4fca-9ed2-b230cdbd9700','2026-02-16 17:26:03','2026-05-09 10:31:30',NULL),('69375e70-5657-4fad-9771-83824758ba99','SS-011','FARID MIRZA','9993451138','Marimai Road Talapara Bilaspur','fm00609601@gmail.com','Technical','Technical Head',30000.00,'d78e4d29-b7d4-42f6-94e3-2e9e385d016a',1,NULL,'15463483-64af-4186-852b-46c1b485da12','2026-07-06 12:45:26','2026-07-06 12:45:26',NULL),('6c78afb3-e659-4650-8d6f-f99bd8678087','SS-002','JUNAID MIRZA','9866882200','Not Provided','mirza.junaid2k@gmail.com','IT Operations','Vice President IT Operations',0.00,'d78e4d29-b7d4-42f6-94e3-2e9e385d016a',1,NULL,'ccd81fae-5e39-405b-a362-cee439975cd1','2026-02-16 17:23:39','2026-05-29 18:09:28',NULL),('7287074d-7735-419b-9da3-3fd7b6c65e29','SS-061','Shivnath','9301890560','BUKA','shivnath2@gmail.com','Technical','Technical Member',15000.00,'320aad5d-0505-43cb-bd61-87b876a01c53',1,NULL,'e1d72f9e-88f8-498e-aae2-cf5e6ddf918f','2026-05-12 12:41:45','2026-05-12 12:41:45',NULL),('79d154db-7197-410b-815a-25321488575f','SS-013','MOHAMMAD WASEEM','8962530094','Not Provided','khanv1275@gmail.com','Support','Driver',0.00,'d78e4d29-b7d4-42f6-94e3-2e9e385d016a',1,NULL,'0d5da765-0c20-44f5-849e-ea82243e0256','2026-02-16 17:32:29','2026-05-11 10:39:49',NULL),('7f311153-8c6f-4805-b209-9373d13b7fbb','SS-067','Sultanuddin','9300825413','Bilaspur','sayyedsultanuddin@gmail.com','Technical','Field',15000.00,'d78e4d29-b7d4-42f6-94e3-2e9e385d016a',1,NULL,'4ea719a0-ae94-44a0-a840-6509ecbfb6d0','2026-05-29 18:23:19','2026-05-29 18:23:19',NULL),('944523db-7621-4a52-aa3d-98f803b23ee7','SS-058','Abbas','0000000058','Satranga','abbas9204@gmail.com','General','Staff',15000.00,'b2fefec1-0a01-4689-aacf-0e235df2a0b6',1,NULL,'ad3aa6bc-b7e1-496e-bbde-c453cb302a9e','2026-05-09 12:10:15','2026-05-09 12:10:15',NULL),('95a6cac1-4b00-4782-b91f-0cb3fcf7d05b','SS-035','SHREERAM','9301718738','BUKA','shreeramminj2@gmail.com','Technical','Technical Member',15000.00,'320aad5d-0505-43cb-bd61-87b876a01c53',1,NULL,'1f2c334b-53c5-4c71-9dff-c5be2dc5d266','2026-05-12 12:41:45','2026-05-12 12:41:45',NULL),('971ddfbb-ccd8-4a4e-902c-e6b1911ffc8e','SS-060','Ram Ratan','0000000060','Satranga','ramratan02@gmail.com','General','Staff',15000.00,'b2fefec1-0a01-4689-aacf-0e235df2a0b6',1,NULL,'f0717eb3-82e8-4c3f-aea0-c9a211aedd24','2026-05-09 12:10:15','2026-05-09 12:10:15',NULL),('a12add7e-898b-434e-b46c-527407e4ab8c','SS-049','Mohammad Junaid Siddiqui','9626086445','Bilaspur','junaidsiddiqui231989@gmail.com','Technical','Field',15000.00,'d78e4d29-b7d4-42f6-94e3-2e9e385d016a',1,NULL,'cd4709af-8967-4449-b361-680904d8e74b','2026-05-12 14:42:06','2026-05-12 14:42:06',NULL),('a600d78f-37dd-4ad4-9897-7d5dfa5c33e7','SS-014','DHIRAJ PAWAS(NANU)','7400888799','Bilaspur','pawasdheeraj@gmail.com','Support','Driver',15000.00,'d78e4d29-b7d4-42f6-94e3-2e9e385d016a',1,NULL,'e6f1f2cd-fc97-412a-a595-da43f850cc39','2026-05-16 13:14:40','2026-05-16 13:14:40',NULL),('aaf288a3-fe5f-4844-a15f-6994d10517e1','SS-066','Yash Patil','8871860218','Bilaspur','yeshpatel@gmail.com','Sales','Sales Executive',15000.00,'d78e4d29-b7d4-42f6-94e3-2e9e385d016a',1,NULL,'72c3d6b5-107c-4ad5-a6df-de099614ed08','2026-05-16 16:12:40','2026-05-16 16:12:40',NULL),('ae60d625-54ea-43a2-a957-6d080720c8f1','SS-016','MOHAMMAD JAVED','7869650099','bilaspur','jk4052349@gmail.com','Support','Driver',15000.00,'d78e4d29-b7d4-42f6-94e3-2e9e385d016a',1,NULL,'a87b4ed8-9bbb-4614-bef3-8c2f5a544da2','2026-06-01 11:36:30','2026-06-01 11:36:30',NULL),('b44fbe57-0502-4444-ad26-4a86c8ede58d','SS-018','SALAHUDDIN SONU','7008317519','Not Provided','salahuddin.sonu@example.com','Support','Driver',0.00,'d78e4d29-b7d4-42f6-94e3-2e9e385d016a',1,NULL,'10adec70-3ce4-47ae-836b-7463246f2dcc','2026-02-16 17:36:11','2026-02-16 17:36:11',NULL),('b81000be-85e5-4382-856e-f407ebd40c4f','SS-055','KOMAL YADAV (BANTY)','8717846123','Field','yadavkomal4088@gmail.com','Support','Driver',0.00,'d78e4d29-b7d4-42f6-94e3-2e9e385d016a',1,NULL,NULL,'2026-02-26 12:25:51','2026-02-26 12:25:51',NULL),('c1916fe0-250b-4eb7-86f8-8ac5f330b190','SS-017','IMTIYAZ KHAN (INTU)','8462026146','Not Provided','imtiyaz.khan@example.com','Support','Driver',0.00,'d78e4d29-b7d4-42f6-94e3-2e9e385d016a',1,NULL,'b1d477d3-a435-4080-b555-abd6dfb4abfb','2026-02-16 17:35:22','2026-02-16 17:35:22',NULL),('d4eb037f-4d2c-4d55-8343-903c960e9798','SS-026','MOHAMMAD AJID','9238348453','Satranga','aajidnd91@gmail.com','General','Staff',15000.00,'b2fefec1-0a01-4689-aacf-0e235df2a0b6',1,NULL,'880dc2e2-9876-4c5e-9257-8f3e960df14c','2026-05-09 12:10:15','2026-05-09 12:10:15',NULL),('ddd5230d-cb50-40d7-9eeb-f0aa0c298006','SS-057','Ramesh','0000000057','Satranga','ramehs10@gmail.com','General','Staff',15000.00,'b2fefec1-0a01-4689-aacf-0e235df2a0b6',1,NULL,'19f0e3f7-64b8-49e6-9aeb-73c6f66dc4d7','2026-05-09 12:10:15','2026-05-09 12:10:15',NULL),('e1d7d10a-4a6d-4bd8-8289-ac7b9a525fec','SS-022','MOHAMMAD NAJID','8103425812','Satranga','najid8103@example.com','General','Staff',15000.00,'b2fefec1-0a01-4689-aacf-0e235df2a0b6',1,NULL,'d6b5522d-db68-49cf-8f3d-c29b9f9ca417','2026-05-09 12:10:15','2026-05-09 12:10:15',NULL),('e3326b31-8f4b-408f-b7f1-786439758e98','SS-027','MOHAMMAD MAJID','8319233319','Satranga','majid8319@example.com','General','Staff',15000.00,'b2fefec1-0a01-4689-aacf-0e235df2a0b6',1,NULL,'9fc90140-7a0c-4517-ab84-144283b39319','2026-05-09 12:10:15','2026-05-09 12:10:15',NULL),('e3653f17-8df3-4b0b-b935-2d25d628556a','Emp-23560','demo','8959554370','Bilaspur','demo@gmail.com','Technical','Installation ',0.00,'d78e4d29-b7d4-42f6-94e3-2e9e385d016a',1,NULL,NULL,'2026-03-02 11:20:36','2026-03-02 11:20:36',NULL),('e4104e9d-ef01-4a6d-886f-6cb2766e7b1d','SS-056','ABDULLAH SHAHID SIDDIQUI','9487679313','Not Provided','siddiqui31391@gmail.com','Technical','Technical Member',0.00,'d78e4d29-b7d4-42f6-94e3-2e9e385d016a',1,NULL,NULL,'2026-02-16 17:38:28','2026-02-16 17:38:28',NULL),('ebd49fcc-cdb6-45c3-bd7b-27f7bcdefa18','SS-015','JAFER ALI SHAHRUKH','9407959194','Not Provided','zafarkhan09a@gmail.com','Support','Driver',0.00,'d78e4d29-b7d4-42f6-94e3-2e9e385d016a',1,NULL,'d2a1df44-607c-4eeb-8b06-20108f88035a','2026-02-16 17:33:51','2026-06-01 11:13:59',NULL),('f39e0437-03b6-485a-aafe-143e86d29935','SS-003','SOHEL MIRZA','7000065518','Not Provided','sohelmirza7@gmail.com','Sales','Sales Manager',0.00,'d78e4d29-b7d4-42f6-94e3-2e9e385d016a',1,NULL,'0238d18f-7c49-4e2d-bfca-7599d04ebab1','2026-02-16 17:25:29','2026-05-29 18:04:18',NULL),('f5ceb75a-ef68-40fc-8628-3b0ea6085e3c','SS-005','ANISH SINGH CHAUHAN','7987385157','Not Provided','anish.cha78@gmail.com','Admin','Office Boy',0.00,'d78e4d29-b7d4-42f6-94e3-2e9e385d016a',1,NULL,NULL,'2026-02-16 17:27:05','2026-02-16 17:27:05',NULL);
/*!40000 ALTER TABLE `hrm_employee_master` ENABLE KEYS */;
UNLOCK TABLES;

--
-- Table structure for table `inventory_partners`
--

DROP TABLE IF EXISTS `inventory_partners`;
/*!40101 SET @saved_cs_client     = @@character_set_client */;
/*!50503 SET character_set_client = utf8mb4 */;
CREATE TABLE `inventory_partners` (
  `id` char(36) CHARACTER SET utf8mb4 COLLATE utf8mb4_bin NOT NULL,
  `name` varchar(255) NOT NULL,
  `type` enum('SUPPLIER','MANUFACTURER','CUSTOMER','TRADER') NOT NULL,
  `gst_number` varchar(255) DEFAULT NULL,
  `is_active` tinyint(1) DEFAULT 1 COMMENT 'Agar partner active hai toh true, warna false',
  `address` text DEFAULT NULL,
  `contact_person` varchar(255) DEFAULT NULL,
  `phone` varchar(255) DEFAULT NULL,
  `createdAt` datetime NOT NULL,
  `updatedAt` datetime NOT NULL,
  `deletedAt` datetime DEFAULT NULL,
  PRIMARY KEY (`id`),
  UNIQUE KEY `gst_number` (`gst_number`)
) ENGINE=InnoDB DEFAULT CHARSET=utf8mb4 COLLATE=utf8mb4_unicode_ci;
/*!40101 SET character_set_client = @saved_cs_client */;

--
-- Dumping data for table `inventory_partners`
--

LOCK TABLES `inventory_partners` WRITE;
/*!40000 ALTER TABLE `inventory_partners` DISABLE KEYS */;
INSERT INTO `inventory_partners` VALUES ('0c96da93-9673-4ab4-96f0-005abf1ef82b','SHIROMANI','MANUFACTURER',NULL,1,'LUCKNOW UP','ANCHAL GUPTA','9415053299','2026-05-09 16:10:20','2026-05-09 16:10:20',NULL),('26c0113e-319b-49ea-a029-3adf1ec6b2cf','DAS & KUMAR','MANUFACTURER',NULL,1,'LUCKNOW UP','RINKU','983981333','2026-05-09 16:13:38','2026-05-09 16:13:38',NULL),('32a59946-ef68-4da9-9142-775ee1f9c67a','BIHAR','MANUFACTURER',NULL,1,'BIHAR','NA','NA','2026-05-09 16:17:26','2026-05-09 16:17:26',NULL),('32e7edca-f9b5-4058-aec1-0fbd4138a530','NEELAM PLASTIC','MANUFACTURER',NULL,1,'LUCKNOW UP','RINKU','983981333','2026-05-09 16:12:57','2026-05-09 16:12:57',NULL),('3cf17bcc-21f9-4606-8994-341ad0197cc2','SHREERAM POLYMER','MANUFACTURER',NULL,1,NULL,'xyz','89552142011','2026-05-09 15:43:40','2026-05-09 15:43:40',NULL),('46e1a9dc-5c08-4588-ac44-9a85685faab1','SAJID','MANUFACTURER',NULL,1,'BILASPUR','NA','NA','2026-05-09 16:17:11','2026-05-09 16:17:11',NULL),('98e9850a-3984-4333-bde4-f21f69527533','BAJRANG INDUSTRIES','MANUFACTURER','NA',1,'BHOPAL MP','NA','NA','2026-05-09 16:09:01','2026-05-09 16:09:01',NULL),('9a0e78b7-a335-4328-9191-5a2bea99390f','TUF ROPE','MANUFACTURER',NULL,1,'VARODRA GUJRAT','NA','NA','2026-05-09 16:18:31','2026-05-09 16:18:31',NULL),('af376238-d562-4bcb-97ae-bc4b007b2623','NAJIR','MANUFACTURER',NULL,1,'BILASPUR','NA','NA','2026-05-09 16:16:54','2026-05-09 16:16:54',NULL),('b6c81279-b63a-4484-9d99-09c8b33b2ee6','ashik','CUSTOMER',NULL,1,'Bilaspur','Mohammad ashik','89595543741','2026-07-21 16:38:47','2026-07-21 16:38:47',NULL),('b6e93621-6f6a-45ad-98b2-ac9a9a9c0238','BHAGWAN AND SONS','SUPPLIER',NULL,1,'BILASPUR','NA','NA','2026-05-09 16:15:10','2026-05-09 16:15:10',NULL),('ccc06c04-a40e-45b1-a035-a68b10a4f4ce','GARWARE NETS','MANUFACTURER',NULL,1,'PUNE','NA','NA','2026-05-09 16:18:04','2026-05-09 16:18:04',NULL);
/*!40000 ALTER TABLE `inventory_partners` ENABLE KEYS */;
UNLOCK TABLES;

--
-- Table structure for table `inventory_products`
--

DROP TABLE IF EXISTS `inventory_products`;
/*!40101 SET @saved_cs_client     = @@character_set_client */;
/*!50503 SET character_set_client = utf8mb4 */;
CREATE TABLE `inventory_products` (
  `id` char(36) CHARACTER SET utf8mb4 COLLATE utf8mb4_bin NOT NULL,
  `sku_code` varchar(255) NOT NULL,
  `name` varchar(255) NOT NULL,
  `description` text DEFAULT NULL,
  `hsn_code` varchar(255) DEFAULT NULL,
  `category` varchar(255) DEFAULT NULL,
  `unit` varchar(255) DEFAULT 'pcs',
  `min_stock_level` int(11) DEFAULT 5,
  `max_stock_level` int(11) DEFAULT 1000,
  `is_active` tinyint(1) DEFAULT 1,
  `createdAt` datetime NOT NULL,
  `updatedAt` datetime NOT NULL,
  `deletedAt` datetime DEFAULT NULL,
  PRIMARY KEY (`id`),
  UNIQUE KEY `sku_code` (`sku_code`),
  KEY `inventory_products_sku_code` (`sku_code`)
) ENGINE=InnoDB DEFAULT CHARSET=utf8mb4 COLLATE=utf8mb4_unicode_ci;
/*!40101 SET character_set_client = @saved_cs_client */;

--
-- Dumping data for table `inventory_products`
--

LOCK TABLES `inventory_products` WRITE;
/*!40000 ALTER TABLE `inventory_products` DISABLE KEYS */;
INSERT INTO `inventory_products` VALUES ('09001597-9984-4f3d-af59-caa744499f1a','NET-GRO-8X6','8 X 6 X 5 GROW OUT NET',NULL,NULL,'Aquaculture Nets','pcs',5,1000,1,'2026-07-22 12:48:03','2026-07-22 12:48:03',NULL),('0ad62780-2f84-44cf-9ba4-01b956c25877','HDP-RAL-0001','HDPE Railing',NULL,'NA','HDPE Railing','pcs',5,1000,1,'2026-05-13 16:36:54','2026-05-13 16:36:54',NULL),('2077c93c-f33a-44d8-9f10-9afe4e0d33f1','HDP-PNT-SGL','HDPE Pontoon Single',NULL,'NA','HDPE Pontoon','pcs',5,1000,1,'2026-05-13 16:34:12','2026-05-13 16:34:12',NULL),('22fca3e5-4ebe-11f1-80ac-1db433e2d585','ROP-STD-12M','Rope 12 MM',NULL,'NA','Ropes','pcs',5,1000,1,'2026-05-13 11:23:16','2026-05-13 11:23:16',NULL),('22fca814-4ebe-11f1-80ac-1db433e2d585','ROP-STD-16M','Rope 16 MM',NULL,'NA','Ropes','pcs',5,1000,1,'2026-05-13 11:23:16','2026-05-13 11:23:16',NULL),('22fca868-4ebe-11f1-80ac-1db433e2d585','ROP-STD-20M','Rope 20 MM',NULL,'NA','Ropes','pcs',5,1000,1,'2026-05-13 11:23:16','2026-05-13 11:23:16',NULL),('22fca8eb-4ebe-11f1-80ac-1db433e2d585','ROP-STD-22M','Rope 22 MM',NULL,'NA','Ropes','pcs',5,1000,1,'2026-05-13 11:23:16','2026-05-13 11:23:16',NULL),('22fca925-4ebe-11f1-80ac-1db433e2d585','ROP-NYL-000','Nylon Rope',NULL,'NA','Ropes','pcs',5,1000,1,'2026-05-13 11:23:16','2026-05-13 11:23:16',NULL),('22fca956-4ebe-11f1-80ac-1db433e2d585','NET-NUR-6X4','6 X 4 X 4 Nursery Net',NULL,'NA','Aquaculture Nets','pcs',5,1000,1,'2026-05-13 11:23:16','2026-05-13 11:23:16',NULL),('22fca989-4ebe-11f1-80ac-1db433e2d585','NET-GRO-6X4','6 X 4 X 4 Grow Out Net',NULL,'NA','Aquaculture Nets','pcs',5,1000,1,'2026-05-13 11:23:16','2026-05-13 11:23:16',NULL),('22fca9b4-4ebe-11f1-80ac-1db433e2d585','NET-BRD-6X4','6 X 4 X 4 Bird Protection Net',NULL,'NA','Aquaculture Nets','pcs',5,1000,1,'2026-05-13 11:23:16','2026-05-13 11:23:16',NULL),('22fca9dc-4ebe-11f1-80ac-1db433e2d585','NET-NUR-20X','20 X 20 Nursery Net',NULL,'NA','Aquaculture Nets','pcs',5,1000,1,'2026-05-13 11:23:16','2026-05-13 11:23:16',NULL),('22fcaa09-4ebe-11f1-80ac-1db433e2d585','NET-GRO-20X','20 X 20 Grow Out Net',NULL,'NA','Aquaculture Nets','pcs',5,1000,1,'2026-05-13 11:23:16','2026-05-13 11:23:16',NULL),('22fcaa34-4ebe-11f1-80ac-1db433e2d585','NET-BRD-20X','20 X 20 Bird Protection Net',NULL,'NA','Aquaculture Nets','pcs',5,1000,1,'2026-05-13 11:23:16','2026-05-13 11:23:16',NULL),('22fcaa5c-4ebe-11f1-80ac-1db433e2d585','NET-HFA-000','HAFA Net',NULL,'NA','Aquaculture Nets','pcs',5,1000,1,'2026-05-13 11:23:16','2026-05-13 11:23:16',NULL),('22fcaa88-4ebe-11f1-80ac-1db433e2d585','ACC-ANC-ROD','Anchor Rod',NULL,'NA','Hardware & Accessories','pcs',5,1000,1,'2026-05-13 11:23:16','2026-05-13 11:23:16',NULL),('22fcaab2-4ebe-11f1-80ac-1db433e2d585','ACC-ANC-BAL','Anchor Balti',NULL,'NA','Hardware & Accessories','pcs',5,1000,1,'2026-05-13 11:23:16','2026-05-13 11:23:16',NULL),('22fcaadc-4ebe-11f1-80ac-1db433e2d585','ACC-WSH-SGL','Single Washer',NULL,'NA','Hardware & Accessories','pcs',5,1000,1,'2026-05-13 11:23:16','2026-05-13 11:23:16',NULL),('22fcab05-4ebe-11f1-80ac-1db433e2d585','ACC-WSH-DBL','Double Washer',NULL,'NA','Hardware & Accessories','pcs',5,1000,1,'2026-05-13 11:23:16','2026-05-13 11:23:16',NULL),('22fcab2f-4ebe-11f1-80ac-1db433e2d585','TOL-SAB-000','Sabbal',NULL,'NA','Tools','pcs',5,1000,1,'2026-05-13 11:23:16','2026-05-13 11:23:16',NULL),('22fcab5c-4ebe-11f1-80ac-1db433e2d585','TOL-PAN-TAR','Tartar Pana',NULL,'NA','Tools','pcs',5,1000,1,'2026-05-13 11:23:16','2026-05-13 11:23:16',NULL),('22fcab85-4ebe-11f1-80ac-1db433e2d585','TOL-PAN-PLS','Plastic Pana',NULL,'NA','Tools','pcs',5,1000,1,'2026-05-13 11:23:16','2026-05-13 11:23:16',NULL),('22fcabae-4ebe-11f1-80ac-1db433e2d585','TOL-PAN-CPN','Center Pin Pana',NULL,'NA','Tools','pcs',5,1000,1,'2026-05-13 11:23:16','2026-05-13 11:23:16',NULL),('22fcabd7-4ebe-11f1-80ac-1db433e2d585','CMP-TAK-000','Takiya',NULL,'NA','Camp Equipment','pcs',5,1000,1,'2026-05-13 11:23:16','2026-05-13 11:23:16',NULL),('22fcac04-4ebe-11f1-80ac-1db433e2d585','CMP-GAD-000','Gadda',NULL,'NA','Camp Equipment','pcs',5,1000,1,'2026-05-13 11:23:16','2026-05-13 11:23:16',NULL),('22fcac2e-4ebe-11f1-80ac-1db433e2d585','CMP-KAM-000','Kambal',NULL,'NA','Camp Equipment','pcs',5,1000,1,'2026-05-13 11:23:16','2026-05-13 11:23:16',NULL),('22fcac56-4ebe-11f1-80ac-1db433e2d585','CMP-CHA-000','Chadar',NULL,'NA','Camp Equipment','pcs',5,1000,1,'2026-05-13 11:23:16','2026-05-13 11:23:16',NULL),('22fcac7f-4ebe-11f1-80ac-1db433e2d585','CMP-WJR-000','Water Jar',NULL,'NA','Camp Equipment','pcs',5,1000,1,'2026-05-13 11:23:16','2026-05-13 11:23:16',NULL),('22fcacac-4ebe-11f1-80ac-1db433e2d585','CMP-BRT-SET','Bartan Set',NULL,'NA','Camp Equipment','pcs',5,1000,1,'2026-05-13 11:23:16','2026-05-13 11:23:16',NULL),('22fcacd7-4ebe-11f1-80ac-1db433e2d585','CMP-CYL-000','Cylinder',NULL,'NA','Camp Equipment','pcs',5,1000,1,'2026-05-13 11:23:16','2026-05-13 11:23:16',NULL),('22fcad02-4ebe-11f1-80ac-1db433e2d585','CMP-CHL-000','Chulha',NULL,'NA','Camp Equipment','pcs',5,1000,1,'2026-05-13 11:23:16','2026-05-13 11:23:16',NULL),('466514e2-b53b-448d-aa2e-2134b33d7077','NET-GRO-5X5','5 X 5 X 4.5 GROW OUT NET',NULL,NULL,'Aquaculture Nets','pcs',5,1000,1,'2026-07-22 12:45:27','2026-07-22 12:45:27',NULL),('5e342f65-deaa-43cf-8a1e-ded3d3bea88d','STL-RAL-BIG','Steel Railing Big',NULL,'NA','Steel Railing','pcs',5,1000,1,'2026-05-13 16:38:32','2026-05-13 16:38:32',NULL),('5ed36624-afaa-468e-a7e6-439539ad94e5','NET-NUR-8X6','8 X 6 X 5 Nursery Net',NULL,NULL,'Aquaculture Nets','pcs',5,1000,1,'2026-07-22 12:47:30','2026-07-22 12:47:30',NULL),('72810b9f-8ef3-4955-b473-ece57959cc04','NET-BRD-8X6','8 X 6 X 5  BIRD Protection Net',NULL,NULL,'Aquaculture Nets','pcs',5,1000,1,'2026-07-22 12:48:28','2026-07-22 12:48:38',NULL),('79509d93-332b-4130-996b-bae185b4c853','NET-BRD-5X5','5 X 5 X 4.5 BIRD Protection Net',NULL,NULL,'Aquaculture Nets','pcs',5,1000,1,'2026-07-22 12:46:40','2026-07-22 12:46:40',NULL),('920d0f2d-231e-4123-806a-d085a388fac5','HDP-PNT-DBL','HDPE Pontoon Double',NULL,'NA','HDPE Pontoon','pcs',5,1000,1,'2026-05-13 16:35:09','2026-05-13 16:35:09',NULL),('b55e46e1-2c40-4144-80d1-c6cfb40a353f','NET-NUR-5X5','5 X 5 X 4.5 Nursery Net',NULL,NULL,'Aquaculture Nets','pcs',5,1000,1,'2026-07-22 12:44:40','2026-07-22 12:44:40',NULL),('c4e0651f-146a-4e1e-9a10-ca4c46e4fbb3','HDP-CPN-0001','HDPE Center Pin',NULL,'NA','HDPE Center Pin','pcs',5,1000,1,'2026-05-13 16:35:48','2026-05-13 16:35:48',NULL),('c5a158c8-98bd-4a93-a555-c5b3796ddf3a','ROP-STD-10M','Rope 10 MM',NULL,'NA','Rope','bdl',5,1000,1,'2026-05-13 16:40:46','2026-05-13 16:40:46',NULL),('dbe1a615-ab43-495e-bb89-d43f92d3dac3','HDP-NUT-BLT','HDPE Nut & Bolt',NULL,'NA','HDPE Nut & Bolt','pcs',5,1000,1,'2026-05-13 16:36:16','2026-05-13 16:36:16',NULL),('e8ea9237-2cee-4f97-bace-9a26a6534937','STL-RAL-SML','Steel Railing Small',NULL,'NA','Steel Railing','pcs',5,1000,1,'2026-05-13 16:37:59','2026-05-13 16:37:59',NULL);
/*!40000 ALTER TABLE `inventory_products` ENABLE KEYS */;
UNLOCK TABLES;

--
-- Table structure for table `inventory_stock_levels`
--

DROP TABLE IF EXISTS `inventory_stock_levels`;
/*!40101 SET @saved_cs_client     = @@character_set_client */;
/*!50503 SET character_set_client = utf8mb4 */;
CREATE TABLE `inventory_stock_levels` (
  `id` char(36) CHARACTER SET utf8mb4 COLLATE utf8mb4_bin NOT NULL,
  `ProductId` char(36) CHARACTER SET utf8mb4 COLLATE utf8mb4_bin NOT NULL,
  `WarehouseId` char(36) CHARACTER SET utf8mb4 COLLATE utf8mb4_bin NOT NULL,
  `manufacturer_id` char(36) CHARACTER SET utf8mb4 COLLATE utf8mb4_bin DEFAULT NULL COMMENT 'Kis manufacturer ka stock hai',
  `color` varchar(255) DEFAULT 'Standard' COMMENT 'Product ka rang (e.g., Red, Blue, #001aff)',
  `current_quantity` decimal(15,3) DEFAULT 0.000,
  `reserved_quantity` decimal(15,3) DEFAULT 0.000,
  `last_updated_at` datetime DEFAULT NULL,
  PRIMARY KEY (`id`),
  UNIQUE KEY `unique_stock_idx` (`ProductId`,`WarehouseId`,`manufacturer_id`,`color`),
  KEY `WarehouseId` (`WarehouseId`),
  CONSTRAINT `inventory_stock_levels_ibfk_1` FOREIGN KEY (`ProductId`) REFERENCES `inventory_products` (`id`) ON DELETE CASCADE ON UPDATE CASCADE,
  CONSTRAINT `inventory_stock_levels_ibfk_2` FOREIGN KEY (`WarehouseId`) REFERENCES `inventory_warehouses` (`id`) ON DELETE CASCADE ON UPDATE CASCADE
) ENGINE=InnoDB DEFAULT CHARSET=utf8mb4 COLLATE=utf8mb4_unicode_ci;
/*!40101 SET character_set_client = @saved_cs_client */;

--
-- Dumping data for table `inventory_stock_levels`
--

LOCK TABLES `inventory_stock_levels` WRITE;
/*!40000 ALTER TABLE `inventory_stock_levels` DISABLE KEYS */;
INSERT INTO `inventory_stock_levels` VALUES ('12b45a75-feb5-41f5-8e52-793268d56bab','c4e0651f-146a-4e1e-9a10-ca4c46e4fbb3','4850ee65-6bbb-4c38-aebc-9308424437ab','0c96da93-9673-4ab4-96f0-005abf1ef82b','Blue',960.000,0.000,'2026-07-21 17:57:41'),('169d83df-1c0e-481d-a395-55e58cc3859e','22fca868-4ebe-11f1-80ac-1db433e2d585','4850ee65-6bbb-4c38-aebc-9308424437ab','b6e93621-6f6a-45ad-98b2-ac9a9a9c0238','Yellow',42.000,0.000,'2026-07-22 11:49:23'),('3bec895a-8e32-46ed-9abf-10b568fd27c7','920d0f2d-231e-4123-806a-d085a388fac5','4850ee65-6bbb-4c38-aebc-9308424437ab','26c0113e-319b-49ea-a029-3adf1ec6b2cf','Blue',80.000,0.000,'2026-07-21 17:34:07'),('3fd19e26-b8e4-4ee3-96d5-bcef0a74ffa0','dbe1a615-ab43-495e-bb89-d43f92d3dac3','4850ee65-6bbb-4c38-aebc-9308424437ab','0c96da93-9673-4ab4-96f0-005abf1ef82b','Blue',3490.000,0.000,'2026-07-21 17:57:41'),('41750531-8ccf-4e5c-8054-83fda653be2f','e8ea9237-2cee-4f97-bace-9a26a6534937','4850ee65-6bbb-4c38-aebc-9308424437ab','af376238-d562-4bcb-97ae-bc4b007b2623','Black',258.000,0.000,'2026-07-21 17:39:06'),('466b00f9-4b7d-458b-82dc-cede38e50737','dbe1a615-ab43-495e-bb89-d43f92d3dac3','4850ee65-6bbb-4c38-aebc-9308424437ab','26c0113e-319b-49ea-a029-3adf1ec6b2cf','Blue',60.000,0.000,'2026-07-21 17:34:07'),('46d9d1b7-e05a-4c0a-96ec-c7f28188c26b','79509d93-332b-4130-996b-bae185b4c853','4850ee65-6bbb-4c38-aebc-9308424437ab','9a0e78b7-a335-4328-9191-5a2bea99390f','Black',60.000,0.000,'2026-07-22 12:50:20'),('4ae2479f-a7cf-4e15-acd7-d84e5913aadf','c5a158c8-98bd-4a93-a555-c5b3796ddf3a','4850ee65-6bbb-4c38-aebc-9308424437ab','b6e93621-6f6a-45ad-98b2-ac9a9a9c0238','Standard',24.000,0.000,'2026-07-22 12:26:05'),('5ce93c64-4be1-43e1-8613-317a4a6bad89','920d0f2d-231e-4123-806a-d085a388fac5','6c30b0f9-6e77-4c3e-9a4b-2972eae9cd3c','3cf17bcc-21f9-4606-8994-341ad0197cc2','Blue',260.000,0.000,'2026-07-21 16:55:16'),('5d1d9d3f-44b5-4355-9206-0085b5aed8cd','c5a158c8-98bd-4a93-a555-c5b3796ddf3a','4850ee65-6bbb-4c38-aebc-9308424437ab','b6e93621-6f6a-45ad-98b2-ac9a9a9c0238','Yellow',42.000,0.000,'2026-07-22 11:49:23'),('66b469ee-a13e-49fe-9d2a-7f1f61a9d09a','dbe1a615-ab43-495e-bb89-d43f92d3dac3','4850ee65-6bbb-4c38-aebc-9308424437ab','3cf17bcc-21f9-4606-8994-341ad0197cc2','Blue',6000.000,0.000,'2026-07-21 17:44:46'),('7348b427-9f78-4c1f-88de-0f9ee6d9b409','22fca868-4ebe-11f1-80ac-1db433e2d585','4850ee65-6bbb-4c38-aebc-9308424437ab','b6e93621-6f6a-45ad-98b2-ac9a9a9c0238','Standard',16.000,0.000,'2026-07-22 12:26:05'),('8302e33b-7d09-4007-b4a7-cf97a0384dec','c4e0651f-146a-4e1e-9a10-ca4c46e4fbb3','6c30b0f9-6e77-4c3e-9a4b-2972eae9cd3c','3cf17bcc-21f9-4606-8994-341ad0197cc2','Yellow',100.000,0.000,'2026-07-21 16:55:16'),('84063457-4bca-4fe9-b9fd-ad158fa054ba','920d0f2d-231e-4123-806a-d085a388fac5','4850ee65-6bbb-4c38-aebc-9308424437ab','3cf17bcc-21f9-4606-8994-341ad0197cc2','Blue',2299.000,0.000,'2026-07-21 17:30:03'),('85745c58-a784-4e48-b8e9-87d1c5dfcae7','c4e0651f-146a-4e1e-9a10-ca4c46e4fbb3','4850ee65-6bbb-4c38-aebc-9308424437ab','3cf17bcc-21f9-4606-8994-341ad0197cc2','Yellow',1254.000,0.000,'2026-07-21 17:44:46'),('9024ac49-8d7b-4bfd-9a53-1aba4808ee2f','466514e2-b53b-448d-aa2e-2134b33d7077','4850ee65-6bbb-4c38-aebc-9308424437ab','9a0e78b7-a335-4328-9191-5a2bea99390f','Black',6.000,0.000,'2026-07-22 12:51:55'),('9305a180-c817-4b6f-ba4e-c9102b34e837','22fcaa88-4ebe-11f1-80ac-1db433e2d585','4850ee65-6bbb-4c38-aebc-9308424437ab','af376238-d562-4bcb-97ae-bc4b007b2623','Black',428.000,0.000,'2026-07-22 11:53:54'),('9e21c097-d943-4c88-9175-de1c5bac7fd6','22fcaadc-4ebe-11f1-80ac-1db433e2d585','4850ee65-6bbb-4c38-aebc-9308424437ab','32e7edca-f9b5-4058-aec1-0fbd4138a530','Blue',2500.000,0.000,'2026-07-22 12:57:55'),('9ee9b18b-bb58-430e-aff5-77c41bb0eb54','920d0f2d-231e-4123-806a-d085a388fac5','4850ee65-6bbb-4c38-aebc-9308424437ab','0c96da93-9673-4ab4-96f0-005abf1ef82b','Blue',899.000,0.000,'2026-07-21 17:57:41'),('af431f14-ef66-4a97-8390-d84baf87ceeb','22fcab85-4ebe-11f1-80ac-1db433e2d585','4850ee65-6bbb-4c38-aebc-9308424437ab','0c96da93-9673-4ab4-96f0-005abf1ef82b','Blue',4.000,0.000,'2026-07-21 17:57:41'),('bcf7cbc4-bd43-4eeb-8202-2e1a138b7e23','22fcaadc-4ebe-11f1-80ac-1db433e2d585','4850ee65-6bbb-4c38-aebc-9308424437ab','0c96da93-9673-4ab4-96f0-005abf1ef82b','Blue',450.000,0.000,'2026-07-21 17:57:41'),('bec6d3cc-a965-48b4-b8d4-e2ae4a92875d','22fcabae-4ebe-11f1-80ac-1db433e2d585','4850ee65-6bbb-4c38-aebc-9308424437ab','0c96da93-9673-4ab4-96f0-005abf1ef82b','Blue',2.000,0.000,'2026-07-21 17:57:41'),('c1bc82e2-0d94-4327-8155-c4a99442716b','b55e46e1-2c40-4144-80d1-c6cfb40a353f','4850ee65-6bbb-4c38-aebc-9308424437ab','9a0e78b7-a335-4328-9191-5a2bea99390f','Black',54.000,0.000,'2026-07-22 12:51:55'),('c7bb144f-cd2e-4c40-9c86-e7ce239db2a2','0ad62780-2f84-44cf-9ba4-01b956c25877','4850ee65-6bbb-4c38-aebc-9308424437ab','32e7edca-f9b5-4058-aec1-0fbd4138a530','Blue',400.000,0.000,'2026-07-22 11:38:42'),('fbf2f479-5352-4729-b3a7-399fa57fcda4','c4e0651f-146a-4e1e-9a10-ca4c46e4fbb3','4850ee65-6bbb-4c38-aebc-9308424437ab','26c0113e-319b-49ea-a029-3adf1ec6b2cf','Blue',115.000,0.000,'2026-07-21 17:34:07');
/*!40000 ALTER TABLE `inventory_stock_levels` ENABLE KEYS */;
UNLOCK TABLES;

--
-- Table structure for table `inventory_transactions`
--

DROP TABLE IF EXISTS `inventory_transactions`;
/*!40101 SET @saved_cs_client     = @@character_set_client */;
/*!50503 SET character_set_client = utf8mb4 */;
CREATE TABLE `inventory_transactions` (
  `id` char(36) CHARACTER SET utf8mb4 COLLATE utf8mb4_bin NOT NULL,
  `type` enum('INWARD','OUTWARD','RETURN','DAMAGE','ADJUSTMENT') NOT NULL,
  `date` datetime NOT NULL,
  `ProductId` char(36) CHARACTER SET utf8mb4 COLLATE utf8mb4_bin NOT NULL,
  `WarehouseId` char(36) CHARACTER SET utf8mb4 COLLATE utf8mb4_bin NOT NULL,
  `partner_id` char(36) CHARACTER SET utf8mb4 COLLATE utf8mb4_bin DEFAULT NULL COMMENT 'Link to Supplier or Customer',
  `manufacturer_id` char(36) CHARACTER SET utf8mb4 COLLATE utf8mb4_bin DEFAULT NULL COMMENT 'Track which manufacturer''s stock is moving',
  `quantity` decimal(15,3) NOT NULL,
  `unit_price` decimal(15,2) NOT NULL DEFAULT 0.00,
  `batch_number` varchar(255) DEFAULT NULL,
  `reference_no` varchar(255) DEFAULT NULL,
  `movement_date` datetime NOT NULL,
  `status` enum('PENDING','COMPLETED','CANCELLED') NOT NULL DEFAULT 'COMPLETED',
  `remarks` text DEFAULT NULL,
  `created_by` char(36) CHARACTER SET utf8mb4 COLLATE utf8mb4_bin NOT NULL,
  `createdAt` datetime NOT NULL,
  PRIMARY KEY (`id`),
  KEY `inventory_transactions_type` (`type`),
  KEY `inventory_transactions__product_id` (`ProductId`),
  KEY `inventory_transactions__warehouse_id` (`WarehouseId`),
  KEY `inventory_transactions_partner_id` (`partner_id`),
  KEY `inventory_transactions_manufacturer_id` (`manufacturer_id`),
  KEY `inventory_transactions_batch_number` (`batch_number`),
  KEY `inventory_transactions_movement_date` (`movement_date`),
  CONSTRAINT `inventory_transactions_ibfk_1` FOREIGN KEY (`ProductId`) REFERENCES `inventory_products` (`id`) ON DELETE CASCADE ON UPDATE CASCADE,
  CONSTRAINT `inventory_transactions_ibfk_2` FOREIGN KEY (`WarehouseId`) REFERENCES `inventory_warehouses` (`id`) ON DELETE CASCADE ON UPDATE CASCADE,
  CONSTRAINT `inventory_transactions_ibfk_3` FOREIGN KEY (`partner_id`) REFERENCES `inventory_partners` (`id`) ON DELETE SET NULL ON UPDATE CASCADE,
  CONSTRAINT `inventory_transactions_ibfk_4` FOREIGN KEY (`manufacturer_id`) REFERENCES `inventory_partners` (`id`) ON DELETE SET NULL ON UPDATE CASCADE
) ENGINE=InnoDB DEFAULT CHARSET=utf8mb4 COLLATE=utf8mb4_unicode_ci;
/*!40101 SET character_set_client = @saved_cs_client */;

--
-- Dumping data for table `inventory_transactions`
--

LOCK TABLES `inventory_transactions` WRITE;
/*!40000 ALTER TABLE `inventory_transactions` DISABLE KEYS */;
INSERT INTO `inventory_transactions` VALUES ('058f5184-3323-42ef-aa29-8f12ad8da3ff','INWARD','2026-07-22 12:53:45','920d0f2d-231e-4123-806a-d085a388fac5','4850ee65-6bbb-4c38-aebc-9308424437ab','3cf17bcc-21f9-4606-8994-341ad0197cc2','3cf17bcc-21f9-4606-8994-341ad0197cc2',326.000,0.00,NULL,'303/2026-27','2026-07-22 12:53:45','COMPLETED',NULL,'2deedc46-1586-410f-934a-d1d12d5f852b','2026-07-22 12:53:45'),('065eccbb-df5e-4081-b358-e0eae0f2dce4','INWARD','2026-07-22 12:57:55','0ad62780-2f84-44cf-9ba4-01b956c25877','4850ee65-6bbb-4c38-aebc-9308424437ab','32e7edca-f9b5-4058-aec1-0fbd4138a530','32e7edca-f9b5-4058-aec1-0fbd4138a530',200.000,0.00,NULL,'021','2026-07-22 12:57:55','COMPLETED',NULL,'2deedc46-1586-410f-934a-d1d12d5f852b','2026-07-22 12:57:55'),('09960b66-1683-4ed2-87d0-a24e4284ad06','INWARD','2026-07-21 17:34:07','dbe1a615-ab43-495e-bb89-d43f92d3dac3','4850ee65-6bbb-4c38-aebc-9308424437ab','26c0113e-319b-49ea-a029-3adf1ec6b2cf','26c0113e-319b-49ea-a029-3adf1ec6b2cf',60.000,0.00,NULL,'12','2026-07-21 17:34:07','COMPLETED',NULL,'2deedc46-1586-410f-934a-d1d12d5f852b','2026-07-21 17:34:07'),('16468d88-b999-4cc2-989f-550641f42512','INWARD','2026-07-22 12:28:24','22fca868-4ebe-11f1-80ac-1db433e2d585','4850ee65-6bbb-4c38-aebc-9308424437ab','b6e93621-6f6a-45ad-98b2-ac9a9a9c0238','b6e93621-6f6a-45ad-98b2-ac9a9a9c0238',30.000,0.00,NULL,'BS/2026-27/0421','2026-07-22 12:28:24','COMPLETED',NULL,'2deedc46-1586-410f-934a-d1d12d5f852b','2026-07-22 12:28:24'),('1be4d97c-43ea-4665-84bd-75801fe617d5','INWARD','2026-07-22 12:39:29','c4e0651f-146a-4e1e-9a10-ca4c46e4fbb3','4850ee65-6bbb-4c38-aebc-9308424437ab','3cf17bcc-21f9-4606-8994-341ad0197cc2','3cf17bcc-21f9-4606-8994-341ad0197cc2',200.000,0.00,NULL,'293/2026-27','2026-07-22 12:39:29','COMPLETED',NULL,'2deedc46-1586-410f-934a-d1d12d5f852b','2026-07-22 12:39:29'),('26999bf8-515f-4f62-8115-4dde596a5db1','INWARD','2026-07-22 11:56:33','22fcaa88-4ebe-11f1-80ac-1db433e2d585','4850ee65-6bbb-4c38-aebc-9308424437ab','af376238-d562-4bcb-97ae-bc4b007b2623','af376238-d562-4bcb-97ae-bc4b007b2623',228.000,0.00,NULL,'A3','2026-07-22 11:56:33','COMPLETED',NULL,'2deedc46-1586-410f-934a-d1d12d5f852b','2026-07-22 11:56:33'),('33509998-6454-4323-8eb5-0cd7d4625d4d','INWARD','2026-07-22 11:53:54','22fcaa88-4ebe-11f1-80ac-1db433e2d585','4850ee65-6bbb-4c38-aebc-9308424437ab','af376238-d562-4bcb-97ae-bc4b007b2623','af376238-d562-4bcb-97ae-bc4b007b2623',200.000,0.00,NULL,'A2','2026-07-22 11:53:54','COMPLETED',NULL,'2deedc46-1586-410f-934a-d1d12d5f852b','2026-07-22 11:53:54'),('33a8d5e7-b8f2-472f-8a2a-2489b8bf198a','INWARD','2026-07-21 17:40:53','920d0f2d-231e-4123-806a-d085a388fac5','4850ee65-6bbb-4c38-aebc-9308424437ab','3cf17bcc-21f9-4606-8994-341ad0197cc2','3cf17bcc-21f9-4606-8994-341ad0197cc2',54.000,0.00,NULL,'98/2026-27','2026-07-21 17:40:53','COMPLETED',NULL,'2deedc46-1586-410f-934a-d1d12d5f852b','2026-07-21 17:40:53'),('3420043e-79bd-42c4-8159-a3400f86213f','INWARD','2026-07-21 17:34:07','920d0f2d-231e-4123-806a-d085a388fac5','4850ee65-6bbb-4c38-aebc-9308424437ab','26c0113e-319b-49ea-a029-3adf1ec6b2cf','26c0113e-319b-49ea-a029-3adf1ec6b2cf',80.000,0.00,NULL,'12','2026-07-21 17:34:07','COMPLETED',NULL,'2deedc46-1586-410f-934a-d1d12d5f852b','2026-07-21 17:34:07'),('37435c1c-6e6f-4dc7-bfc3-05fa10699f9f','INWARD','2026-07-21 18:03:11','dbe1a615-ab43-495e-bb89-d43f92d3dac3','4850ee65-6bbb-4c38-aebc-9308424437ab','0c96da93-9673-4ab4-96f0-005abf1ef82b','0c96da93-9673-4ab4-96f0-005abf1ef82b',3040.000,0.00,NULL,'143/2026-27','2026-07-21 18:03:11','COMPLETED',NULL,'2deedc46-1586-410f-934a-d1d12d5f852b','2026-07-21 18:03:11'),('4072e428-1ecb-49b8-837e-144506093e68','INWARD','2026-07-21 17:59:27','920d0f2d-231e-4123-806a-d085a388fac5','4850ee65-6bbb-4c38-aebc-9308424437ab','0c96da93-9673-4ab4-96f0-005abf1ef82b','0c96da93-9673-4ab4-96f0-005abf1ef82b',245.000,0.00,NULL,'SIPL/26-27/61','2026-07-21 17:59:27','COMPLETED',NULL,'2deedc46-1586-410f-934a-d1d12d5f852b','2026-07-21 17:59:27'),('40d45247-43b9-40e7-9a75-59c57c5de9d6','INWARD','2026-07-22 12:28:24','c5a158c8-98bd-4a93-a555-c5b3796ddf3a','4850ee65-6bbb-4c38-aebc-9308424437ab','b6e93621-6f6a-45ad-98b2-ac9a9a9c0238','b6e93621-6f6a-45ad-98b2-ac9a9a9c0238',18.000,0.00,NULL,'BS/2026-27/0421','2026-07-22 12:28:24','COMPLETED',NULL,'2deedc46-1586-410f-934a-d1d12d5f852b','2026-07-22 12:28:24'),('42d2abc9-ed9e-425e-a03b-4a6da702e15d','INWARD','2026-07-21 17:39:06','e8ea9237-2cee-4f97-bace-9a26a6534937','4850ee65-6bbb-4c38-aebc-9308424437ab','af376238-d562-4bcb-97ae-bc4b007b2623','af376238-d562-4bcb-97ae-bc4b007b2623',258.000,0.00,NULL,'A1','2026-07-21 17:39:06','COMPLETED',NULL,'2deedc46-1586-410f-934a-d1d12d5f852b','2026-07-21 17:39:06'),('52525879-75e4-4429-9f73-387bf5977258','INWARD','2026-07-22 11:40:55','920d0f2d-231e-4123-806a-d085a388fac5','4850ee65-6bbb-4c38-aebc-9308424437ab','3cf17bcc-21f9-4606-8994-341ad0197cc2','3cf17bcc-21f9-4606-8994-341ad0197cc2',260.000,0.00,NULL,'162/2026-27','2026-07-22 11:40:55','COMPLETED','MH 40 BG 6128','2deedc46-1586-410f-934a-d1d12d5f852b','2026-07-22 11:40:55'),('5446d094-ee7b-4589-b13d-03b85bff94fb','INWARD','2026-07-22 12:58:55','920d0f2d-231e-4123-806a-d085a388fac5','4850ee65-6bbb-4c38-aebc-9308424437ab','3cf17bcc-21f9-4606-8994-341ad0197cc2','3cf17bcc-21f9-4606-8994-341ad0197cc2',331.000,0.00,NULL,'320/2026-27','2026-07-22 12:58:55','COMPLETED',NULL,'2deedc46-1586-410f-934a-d1d12d5f852b','2026-07-22 12:58:55'),('557cec04-a3ff-4e08-a460-536bedf2bf56','INWARD','2026-07-22 12:51:55','b55e46e1-2c40-4144-80d1-c6cfb40a353f','4850ee65-6bbb-4c38-aebc-9308424437ab','9a0e78b7-a335-4328-9191-5a2bea99390f','9a0e78b7-a335-4328-9191-5a2bea99390f',54.000,0.00,NULL,'326200600','2026-07-22 12:51:55','COMPLETED',NULL,'2deedc46-1586-410f-934a-d1d12d5f852b','2026-07-22 12:51:55'),('5c86a307-7188-459c-b5e9-b03a10dfb05d','INWARD','2026-07-21 17:44:46','dbe1a615-ab43-495e-bb89-d43f92d3dac3','4850ee65-6bbb-4c38-aebc-9308424437ab','3cf17bcc-21f9-4606-8994-341ad0197cc2','3cf17bcc-21f9-4606-8994-341ad0197cc2',1000.000,0.00,NULL,'135/2026-27','2026-07-21 17:44:46','COMPLETED',NULL,'2deedc46-1586-410f-934a-d1d12d5f852b','2026-07-21 17:44:46'),('5f82923e-f743-4834-ada9-1a62320bf442','INWARD','2026-07-21 16:55:16','920d0f2d-231e-4123-806a-d085a388fac5','6c30b0f9-6e77-4c3e-9a4b-2972eae9cd3c','3cf17bcc-21f9-4606-8994-341ad0197cc2','3cf17bcc-21f9-4606-8994-341ad0197cc2',260.000,0.00,NULL,'162/2026-27','2026-07-21 16:55:16','COMPLETED',NULL,'2deedc46-1586-410f-934a-d1d12d5f852b','2026-07-21 16:55:16'),('60c4d870-71a4-4637-bbc1-ccf0b1bd1cc7','INWARD','2026-07-22 11:38:42','0ad62780-2f84-44cf-9ba4-01b956c25877','4850ee65-6bbb-4c38-aebc-9308424437ab','32e7edca-f9b5-4058-aec1-0fbd4138a530','32e7edca-f9b5-4058-aec1-0fbd4138a530',200.000,0.00,NULL,'012','2026-07-22 11:38:42','COMPLETED',NULL,'2deedc46-1586-410f-934a-d1d12d5f852b','2026-07-22 11:38:42'),('64635d17-233e-4575-bc33-07877a520d7f','INWARD','2026-07-22 13:00:13','c4e0651f-146a-4e1e-9a10-ca4c46e4fbb3','4850ee65-6bbb-4c38-aebc-9308424437ab','3cf17bcc-21f9-4606-8994-341ad0197cc2','3cf17bcc-21f9-4606-8994-341ad0197cc2',200.000,0.00,NULL,'321/2026-27','2026-07-22 13:00:13','COMPLETED',NULL,'2deedc46-1586-410f-934a-d1d12d5f852b','2026-07-22 13:00:13'),('7b7b2185-9b00-4f66-9a50-6947830a916d','INWARD','2026-07-21 17:34:07','c4e0651f-146a-4e1e-9a10-ca4c46e4fbb3','4850ee65-6bbb-4c38-aebc-9308424437ab','26c0113e-319b-49ea-a029-3adf1ec6b2cf','26c0113e-319b-49ea-a029-3adf1ec6b2cf',115.000,0.00,NULL,'12','2026-07-21 17:34:07','COMPLETED',NULL,'2deedc46-1586-410f-934a-d1d12d5f852b','2026-07-21 17:34:07'),('7b8aef47-8c0e-4788-a9c2-b842c33876ff','INWARD','2026-07-22 12:39:29','920d0f2d-231e-4123-806a-d085a388fac5','4850ee65-6bbb-4c38-aebc-9308424437ab','3cf17bcc-21f9-4606-8994-341ad0197cc2','3cf17bcc-21f9-4606-8994-341ad0197cc2',245.000,0.00,NULL,'293/2026-27','2026-07-22 12:39:29','COMPLETED',NULL,'2deedc46-1586-410f-934a-d1d12d5f852b','2026-07-22 12:39:29'),('7c0be02d-30ed-475f-8c94-f99e0732b770','INWARD','2026-07-21 17:57:41','22fcab85-4ebe-11f1-80ac-1db433e2d585','4850ee65-6bbb-4c38-aebc-9308424437ab','0c96da93-9673-4ab4-96f0-005abf1ef82b','0c96da93-9673-4ab4-96f0-005abf1ef82b',4.000,0.00,NULL,'SIPL/26-27/60','2026-07-21 17:57:41','COMPLETED',NULL,'2deedc46-1586-410f-934a-d1d12d5f852b','2026-07-21 17:57:41'),('828f821d-ce4d-4b2b-adfc-f7803269090b','INWARD','2026-07-22 12:57:55','22fcaadc-4ebe-11f1-80ac-1db433e2d585','4850ee65-6bbb-4c38-aebc-9308424437ab','32e7edca-f9b5-4058-aec1-0fbd4138a530','32e7edca-f9b5-4058-aec1-0fbd4138a530',2500.000,0.00,NULL,'021','2026-07-22 12:57:55','COMPLETED',NULL,'2deedc46-1586-410f-934a-d1d12d5f852b','2026-07-22 12:57:55'),('883a6618-7098-402f-a22e-a0a8658b36a2','INWARD','2026-07-22 11:49:23','22fca868-4ebe-11f1-80ac-1db433e2d585','4850ee65-6bbb-4c38-aebc-9308424437ab','b6e93621-6f6a-45ad-98b2-ac9a9a9c0238','b6e93621-6f6a-45ad-98b2-ac9a9a9c0238',12.000,0.00,NULL,'BS/2026-27/0374','2026-07-22 11:49:23','COMPLETED',NULL,'2deedc46-1586-410f-934a-d1d12d5f852b','2026-07-22 11:49:23'),('8d8d4288-e87a-4663-ae23-eba6ce3a9ab2','INWARD','2026-07-22 11:40:01','920d0f2d-231e-4123-806a-d085a388fac5','4850ee65-6bbb-4c38-aebc-9308424437ab','0c96da93-9673-4ab4-96f0-005abf1ef82b','0c96da93-9673-4ab4-96f0-005abf1ef82b',33.000,0.00,NULL,'SIPL/26-27/68','2026-07-22 11:40:01','COMPLETED',NULL,'2deedc46-1586-410f-934a-d1d12d5f852b','2026-07-22 11:40:01'),('8f8216dc-89db-4f09-afe1-d7af4abd0745','INWARD','2026-07-21 17:44:46','c4e0651f-146a-4e1e-9a10-ca4c46e4fbb3','4850ee65-6bbb-4c38-aebc-9308424437ab','3cf17bcc-21f9-4606-8994-341ad0197cc2','3cf17bcc-21f9-4606-8994-341ad0197cc2',554.000,0.00,NULL,'135/2026-27','2026-07-21 17:44:46','COMPLETED',NULL,'2deedc46-1586-410f-934a-d1d12d5f852b','2026-07-21 17:44:46'),('9a4c4f2a-8ccb-41e9-8cba-1b2c28eb7b70','INWARD','2026-07-22 11:49:23','c5a158c8-98bd-4a93-a555-c5b3796ddf3a','4850ee65-6bbb-4c38-aebc-9308424437ab','b6e93621-6f6a-45ad-98b2-ac9a9a9c0238','b6e93621-6f6a-45ad-98b2-ac9a9a9c0238',24.000,0.00,NULL,'BS/2026-27/0374','2026-07-22 11:49:23','COMPLETED',NULL,'2deedc46-1586-410f-934a-d1d12d5f852b','2026-07-22 11:49:23'),('9b1f8fe1-6586-44ca-ae93-b0a58738acd0','INWARD','2026-07-22 12:34:14','c4e0651f-146a-4e1e-9a10-ca4c46e4fbb3','4850ee65-6bbb-4c38-aebc-9308424437ab','3cf17bcc-21f9-4606-8994-341ad0197cc2','3cf17bcc-21f9-4606-8994-341ad0197cc2',200.000,0.00,NULL,'291/2026-27','2026-07-22 12:34:14','COMPLETED',NULL,'2deedc46-1586-410f-934a-d1d12d5f852b','2026-07-22 12:34:14'),('9b42fcd1-785c-4ae4-b097-c8522ae860bb','INWARD','2026-07-22 12:34:14','920d0f2d-231e-4123-806a-d085a388fac5','4850ee65-6bbb-4c38-aebc-9308424437ab','3cf17bcc-21f9-4606-8994-341ad0197cc2','3cf17bcc-21f9-4606-8994-341ad0197cc2',305.000,0.00,NULL,'291/2026-27','2026-07-22 12:34:14','COMPLETED',NULL,'2deedc46-1586-410f-934a-d1d12d5f852b','2026-07-22 12:34:14'),('a07517eb-bde3-4b5d-bfbe-eff34153a3ba','INWARD','2026-07-22 12:26:05','22fca868-4ebe-11f1-80ac-1db433e2d585','4850ee65-6bbb-4c38-aebc-9308424437ab','b6e93621-6f6a-45ad-98b2-ac9a9a9c0238','b6e93621-6f6a-45ad-98b2-ac9a9a9c0238',16.000,0.00,NULL,'BS/2026-27/0389','2026-07-22 12:26:05','COMPLETED',NULL,'2deedc46-1586-410f-934a-d1d12d5f852b','2026-07-22 12:26:05'),('a7ed413d-3647-499b-8475-9ed0951402c0','INWARD','2026-07-22 12:55:15','920d0f2d-231e-4123-806a-d085a388fac5','4850ee65-6bbb-4c38-aebc-9308424437ab','3cf17bcc-21f9-4606-8994-341ad0197cc2','3cf17bcc-21f9-4606-8994-341ad0197cc2',331.000,0.00,NULL,'307/2026-27','2026-07-22 12:55:15','COMPLETED',NULL,'2deedc46-1586-410f-934a-d1d12d5f852b','2026-07-22 12:55:15'),('b184a4dd-2e47-424b-86a0-d167146df706','INWARD','2026-07-21 17:57:41','22fcabae-4ebe-11f1-80ac-1db433e2d585','4850ee65-6bbb-4c38-aebc-9308424437ab','0c96da93-9673-4ab4-96f0-005abf1ef82b','0c96da93-9673-4ab4-96f0-005abf1ef82b',2.000,0.00,NULL,'SIPL/26-27/60','2026-07-21 17:57:41','COMPLETED',NULL,'2deedc46-1586-410f-934a-d1d12d5f852b','2026-07-21 17:57:41'),('b9377b5f-990a-41d1-883f-3828aec5fd98','INWARD','2026-07-22 13:00:13','920d0f2d-231e-4123-806a-d085a388fac5','4850ee65-6bbb-4c38-aebc-9308424437ab','3cf17bcc-21f9-4606-8994-341ad0197cc2','3cf17bcc-21f9-4606-8994-341ad0197cc2',131.000,0.00,NULL,'321/2026-27','2026-07-22 13:00:13','COMPLETED',NULL,'2deedc46-1586-410f-934a-d1d12d5f852b','2026-07-22 13:00:13'),('ba5e7c5c-64d9-4b64-974e-c04b124052fc','INWARD','2026-07-21 17:57:41','22fcaadc-4ebe-11f1-80ac-1db433e2d585','4850ee65-6bbb-4c38-aebc-9308424437ab','0c96da93-9673-4ab4-96f0-005abf1ef82b','0c96da93-9673-4ab4-96f0-005abf1ef82b',450.000,0.00,NULL,'SIPL/26-27/60','2026-07-21 17:57:41','COMPLETED',NULL,'2deedc46-1586-410f-934a-d1d12d5f852b','2026-07-21 17:57:41'),('bfe68b71-790b-4b7d-ae40-441cbb9a378c','INWARD','2026-07-22 12:57:55','dbe1a615-ab43-495e-bb89-d43f92d3dac3','4850ee65-6bbb-4c38-aebc-9308424437ab','32e7edca-f9b5-4058-aec1-0fbd4138a530','3cf17bcc-21f9-4606-8994-341ad0197cc2',5000.000,0.00,NULL,'021','2026-07-22 12:57:55','COMPLETED',NULL,'2deedc46-1586-410f-934a-d1d12d5f852b','2026-07-22 12:57:55'),('c5587765-d4a5-49f6-b16c-b1602ebe92c0','INWARD','2026-07-21 17:57:41','920d0f2d-231e-4123-806a-d085a388fac5','4850ee65-6bbb-4c38-aebc-9308424437ab','0c96da93-9673-4ab4-96f0-005abf1ef82b','0c96da93-9673-4ab4-96f0-005abf1ef82b',355.000,0.00,NULL,'SIPL/26-27/60','2026-07-21 17:57:41','COMPLETED',NULL,'2deedc46-1586-410f-934a-d1d12d5f852b','2026-07-21 17:57:41'),('c6797287-77c6-4615-94b9-cf33392d6531','INWARD','2026-07-22 12:26:05','c5a158c8-98bd-4a93-a555-c5b3796ddf3a','4850ee65-6bbb-4c38-aebc-9308424437ab','b6e93621-6f6a-45ad-98b2-ac9a9a9c0238','b6e93621-6f6a-45ad-98b2-ac9a9a9c0238',24.000,0.00,NULL,'BS/2026-27/0389','2026-07-22 12:26:05','COMPLETED',NULL,'2deedc46-1586-410f-934a-d1d12d5f852b','2026-07-22 12:26:05'),('d4e73355-5eb9-4079-8e61-1b4f4690f871','INWARD','2026-07-21 16:55:16','c4e0651f-146a-4e1e-9a10-ca4c46e4fbb3','6c30b0f9-6e77-4c3e-9a4b-2972eae9cd3c','3cf17bcc-21f9-4606-8994-341ad0197cc2','3cf17bcc-21f9-4606-8994-341ad0197cc2',100.000,0.00,NULL,'162/2026-27','2026-07-21 16:55:16','COMPLETED',NULL,'2deedc46-1586-410f-934a-d1d12d5f852b','2026-07-21 16:55:16'),('e069e5be-95df-41f0-ac58-d10468a5a171','INWARD','2026-07-21 17:57:41','c4e0651f-146a-4e1e-9a10-ca4c46e4fbb3','4850ee65-6bbb-4c38-aebc-9308424437ab','0c96da93-9673-4ab4-96f0-005abf1ef82b','0c96da93-9673-4ab4-96f0-005abf1ef82b',960.000,0.00,NULL,'SIPL/26-27/60','2026-07-21 17:57:41','COMPLETED',NULL,'2deedc46-1586-410f-934a-d1d12d5f852b','2026-07-21 17:57:41'),('e8cd7f90-fc50-4d16-8609-591da51afa10','INWARD','2026-07-21 17:30:03','920d0f2d-231e-4123-806a-d085a388fac5','4850ee65-6bbb-4c38-aebc-9308424437ab','3cf17bcc-21f9-4606-8994-341ad0197cc2','3cf17bcc-21f9-4606-8994-341ad0197cc2',20.000,0.00,NULL,'5/2026-27','2026-07-21 17:30:03','COMPLETED',NULL,'2deedc46-1586-410f-934a-d1d12d5f852b','2026-07-21 17:30:03'),('ec6528a4-9584-497e-94f6-509ccde95ed0','INWARD','2026-07-22 12:51:55','466514e2-b53b-448d-aa2e-2134b33d7077','4850ee65-6bbb-4c38-aebc-9308424437ab','9a0e78b7-a335-4328-9191-5a2bea99390f','9a0e78b7-a335-4328-9191-5a2bea99390f',6.000,0.00,NULL,'326200600','2026-07-22 12:51:55','COMPLETED',NULL,'2deedc46-1586-410f-934a-d1d12d5f852b','2026-07-22 12:51:55'),('f2f30b24-ce0d-418c-9d5d-4ed7c25fb4d0','INWARD','2026-07-22 12:53:45','c4e0651f-146a-4e1e-9a10-ca4c46e4fbb3','4850ee65-6bbb-4c38-aebc-9308424437ab','3cf17bcc-21f9-4606-8994-341ad0197cc2','3cf17bcc-21f9-4606-8994-341ad0197cc2',100.000,0.00,NULL,'303/2026-27','2026-07-22 12:53:45','COMPLETED',NULL,'2deedc46-1586-410f-934a-d1d12d5f852b','2026-07-22 12:53:45'),('f32c4716-43ce-46ed-8a5b-d12500e49178','INWARD','2026-07-21 17:57:41','dbe1a615-ab43-495e-bb89-d43f92d3dac3','4850ee65-6bbb-4c38-aebc-9308424437ab','0c96da93-9673-4ab4-96f0-005abf1ef82b','0c96da93-9673-4ab4-96f0-005abf1ef82b',450.000,0.00,NULL,'SIPL/26-27/60','2026-07-21 17:57:41','COMPLETED',NULL,'2deedc46-1586-410f-934a-d1d12d5f852b','2026-07-21 17:57:41'),('fef67d51-c310-4d6e-b34e-905ad2978307','INWARD','2026-07-21 17:44:46','920d0f2d-231e-4123-806a-d085a388fac5','4850ee65-6bbb-4c38-aebc-9308424437ab','3cf17bcc-21f9-4606-8994-341ad0197cc2','3cf17bcc-21f9-4606-8994-341ad0197cc2',296.000,0.00,NULL,'135/2026-27','2026-07-21 17:44:46','COMPLETED',NULL,'2deedc46-1586-410f-934a-d1d12d5f852b','2026-07-21 17:44:46'),('fefd83fc-1c1e-4248-b7d1-574cc0ba38c0','INWARD','2026-07-22 12:50:20','79509d93-332b-4130-996b-bae185b4c853','4850ee65-6bbb-4c38-aebc-9308424437ab','9a0e78b7-a335-4328-9191-5a2bea99390f','9a0e78b7-a335-4328-9191-5a2bea99390f',60.000,0.00,NULL,'326200601','2026-07-22 12:50:20','COMPLETED',NULL,'2deedc46-1586-410f-934a-d1d12d5f852b','2026-07-22 12:50:20'),('ffb22059-f884-4bc9-9c94-d5eb67de2203','INWARD','2026-07-21 18:03:11','920d0f2d-231e-4123-806a-d085a388fac5','4850ee65-6bbb-4c38-aebc-9308424437ab','0c96da93-9673-4ab4-96f0-005abf1ef82b','0c96da93-9673-4ab4-96f0-005abf1ef82b',266.000,0.00,NULL,'143/2026-27','2026-07-21 18:03:11','COMPLETED',NULL,'2deedc46-1586-410f-934a-d1d12d5f852b','2026-07-21 18:03:11');
/*!40000 ALTER TABLE `inventory_transactions` ENABLE KEYS */;
UNLOCK TABLES;

--
-- Table structure for table `inventory_warehouses`
--

DROP TABLE IF EXISTS `inventory_warehouses`;
/*!40101 SET @saved_cs_client     = @@character_set_client */;
/*!50503 SET character_set_client = utf8mb4 */;
CREATE TABLE `inventory_warehouses` (
  `id` char(36) CHARACTER SET utf8mb4 COLLATE utf8mb4_bin NOT NULL,
  `name` varchar(255) NOT NULL,
  `type` enum('MAIN','RAW_MATERIAL','FINISHED_GOODS','SCRAP','QC_AREA') DEFAULT 'MAIN',
  `location` text DEFAULT NULL,
  `contact_person` varchar(255) DEFAULT NULL,
  `contact_phone` varchar(255) DEFAULT NULL,
  `contact_email` varchar(255) DEFAULT NULL,
  `is_active` tinyint(1) DEFAULT 1,
  `createdAt` datetime NOT NULL,
  `updatedAt` datetime NOT NULL,
  `deletedAt` datetime DEFAULT NULL,
  PRIMARY KEY (`id`)
) ENGINE=InnoDB DEFAULT CHARSET=utf8mb4 COLLATE=utf8mb4_unicode_ci;
/*!40101 SET character_set_client = @saved_cs_client */;

--
-- Dumping data for table `inventory_warehouses`
--

LOCK TABLES `inventory_warehouses` WRITE;
/*!40000 ALTER TABLE `inventory_warehouses` DISABLE KEYS */;
INSERT INTO `inventory_warehouses` VALUES ('4850ee65-6bbb-4c38-aebc-9308424437ab','Bilaspur Godown','MAIN','Bilaspur','Sonu ','7610414444','mohammadashik143@gmail.com',1,'2026-04-27 18:04:53','2026-04-27 18:04:53',NULL),('6c30b0f9-6e77-4c3e-9a4b-2972eae9cd3c','BUKA KORBA','MAIN','BUKA DAM KORBA','SHREE RAM','9301718738','shreeram@gmail.com',1,'2026-05-08 11:00:13','2026-05-08 11:00:13',NULL),('bb7aacb7-f0d3-4e7a-b64e-64ed842168fb','SATRANGA','MAIN','STARANGA JALASAYA KORBA','MOHAMMAD ASHIK','9343539577','mdashik9343539577@gmail.com',1,'2026-05-08 11:07:03','2026-05-08 11:07:03',NULL);
/*!40000 ALTER TABLE `inventory_warehouses` ENABLE KEYS */;
UNLOCK TABLES;

--
-- Table structure for table `product_manufacturers`
--

DROP TABLE IF EXISTS `product_manufacturers`;
/*!40101 SET @saved_cs_client     = @@character_set_client */;
/*!50503 SET character_set_client = utf8mb4 */;
CREATE TABLE `product_manufacturers` (
  `createdAt` datetime NOT NULL,
  `updatedAt` datetime NOT NULL,
  `ProductId` char(36) CHARACTER SET utf8mb4 COLLATE utf8mb4_bin NOT NULL,
  `PartnerId` char(36) CHARACTER SET utf8mb4 COLLATE utf8mb4_bin NOT NULL,
  PRIMARY KEY (`ProductId`,`PartnerId`),
  KEY `PartnerId` (`PartnerId`),
  CONSTRAINT `product_manufacturers_ibfk_1` FOREIGN KEY (`ProductId`) REFERENCES `inventory_products` (`id`) ON DELETE CASCADE ON UPDATE CASCADE,
  CONSTRAINT `product_manufacturers_ibfk_2` FOREIGN KEY (`PartnerId`) REFERENCES `inventory_partners` (`id`) ON DELETE CASCADE ON UPDATE CASCADE
) ENGINE=InnoDB DEFAULT CHARSET=utf8mb4 COLLATE=utf8mb4_unicode_ci;
/*!40101 SET character_set_client = @saved_cs_client */;

--
-- Dumping data for table `product_manufacturers`
--

LOCK TABLES `product_manufacturers` WRITE;
/*!40000 ALTER TABLE `product_manufacturers` DISABLE KEYS */;
/*!40000 ALTER TABLE `product_manufacturers` ENABLE KEYS */;
UNLOCK TABLES;

--
-- Dumping events for database 'u976065191_erp_backend'
--

--
-- Dumping routines for database 'u976065191_erp_backend'
--
/*!40103 SET TIME_ZONE=@OLD_TIME_ZONE */;

/*!40101 SET SQL_MODE=@OLD_SQL_MODE */;
/*!40014 SET FOREIGN_KEY_CHECKS=@OLD_FOREIGN_KEY_CHECKS */;
/*!40014 SET UNIQUE_CHECKS=@OLD_UNIQUE_CHECKS */;
/*!40101 SET CHARACTER_SET_CLIENT=@OLD_CHARACTER_SET_CLIENT */;
/*!40101 SET CHARACTER_SET_RESULTS=@OLD_CHARACTER_SET_RESULTS */;
/*!40101 SET COLLATION_CONNECTION=@OLD_COLLATION_CONNECTION */;
/*!40111 SET SQL_NOTES=@OLD_SQL_NOTES */;

-- Dump completed on 2026-07-22 17:47:56
